qid	sid	weight
0	0	1
1	1	1
2	2	1
3	3	1
4	4	1
5	4	1
6	5	1
7	6	1
8	7	1
9	8	1
10	9	1
11	10	1
12	11	1
13	12	1
14	13	1
15	3	1
16	14	1
17	15	1
18	16	1
19	17	1
20	18	1
21	4	1
22	11	1
23	18	1
24	17	1
25	19	1
26	20	1
27	21	1
28	22	1
29	9	1
30	23	1
31	24	1
32	2	1
33	10	1
34	25	1
35	19	1
36	2	1
37	26	1
38	27	1
39	25	1
40	13	1
41	22	1
42	4	1
43	28	1
44	2	1
45	29	1
46	30	1
47	31	1
48	32	1
49	16	1
50	33	1
51	22	1
52	34	1
53	4	1
54	35	1
55	4	1
56	36	1
57	22	1
58	37	1
59	38	1
60	17	1
61	13	1
62	37	1
63	26	1
64	17	1
65	33	1
66	17	1
67	3	1
68	17	1
69	4	1
70	10	1
71	4	1
72	12	1
73	39	1
74	23	1
75	35	1
76	40	1
77	34	1
78	6	1
79	19	1
80	40	1
81	25	1
82	41	1
83	27	1
84	42	1
85	43	1
86	12	1
87	27	1
88	4	1
89	4	1
90	44	1
91	12	1
92	2	1
93	32	1
94	32	1
95	9	1
96	40	1
97	6	1
98	12	1
99	4	1
100	11	1
101	29	1
102	4	1
103	41	1
104	4	1
105	42	1
106	28	1
107	4	1
108	45	1
109	9	1
110	18	1
111	2	1
112	40	1
113	46	1
114	47	1
115	13	1
116	48	1
117	27	1
118	14	1
119	12	1
120	40	1
121	13	1
122	49	1
123	4	1
124	35	1
125	7	1
126	12	1
127	7	1
128	13	1
129	40	1
130	40	1
131	40	1
132	50	1
133	51	1
134	52	1
135	35	1
136	17	1
137	53	1
138	42	1
139	54	1
140	2	1
141	55	1
142	7	1
143	4	1
144	12	1
145	30	1
146	56	1
147	4	1
148	57	1
149	58	1
150	12	1
151	12	1
152	12	1
153	57	1
154	59	1
155	7	1
156	12	1
157	4	1
158	2	1
159	58	1
160	53	1
161	52	1
162	4	1
163	40	1
164	12	1
165	60	1
166	19	1
167	5	1
168	5	1
169	61	1
170	55	1
171	62	1
172	10	1
173	19	1
174	16	1
175	14	1
176	30	1
177	38	1
178	61	1
179	10	1
180	44	1
181	63	1
182	13	1
183	63	1
184	63	1
185	55	1
186	38	1
187	1	1
188	4	1
189	7	1
190	30	1
191	8	1
192	34	1
193	6	1
194	25	1
195	29	1
196	23	1
197	6	1
198	64	1
199	11	1
200	65	1
201	4	1
202	65	1
203	11	1
204	65	1
205	24	1
206	11	1
207	19	1
208	23	1
209	28	1
210	38	1
211	3	1
212	11	1
213	35	1
214	35	1
215	34	1
216	66	1
217	36	1
218	31	1
219	44	1
220	52	1
221	2	1
222	40	1
223	0	1
224	19	1
225	13	1
226	62	1
227	12	1
228	67	1
229	68	1
230	13	1
231	1	1
232	1	1
233	4	1
234	65	1
235	7	1
236	25	1
237	10	1
238	62	1
239	19	1
240	19	1
241	6	1
242	68	1
243	4	1
244	14	1
245	16	1
246	10	1
247	2	1
248	19	1
249	19	1
250	11	1
251	4	1
252	18	1
253	19	1
254	69	1
255	19	1
256	19	1
257	65	1
258	18	1
259	1	1
260	3	1
261	4	1
262	39	1
263	52	1
264	70	1
265	6	1
266	52	1
267	1	1
268	19	1
269	53	1
270	12	1
271	46	1
272	22	1
273	4	1
274	45	1
275	71	1
276	72	1
277	11	1
278	73	1
279	52	1
280	14	1
281	63	1
282	74	1
283	4	1
284	69	1
285	19	1
286	1	1
287	1	1
288	19	1
289	31	1
290	75	1
291	0	1
292	6	1
293	16	1
294	76	1
295	77	1
296	3	1
297	60	1
298	35	1
299	78	1
300	3	1
301	69	1
302	27	1
303	4	1
304	79	1
305	0	1
306	52	1
307	19	1
308	16	1
309	0	1
310	78	1
311	78	1
312	4	1
313	19	1
314	16	1
315	4	1
316	4	1
317	4	1
318	70	1
319	80	1
320	1	1
321	2	1
322	4	1
323	78	1
324	42	1
325	13	1
326	19	1
327	19	1
328	11	1
329	11	1
330	62	1
331	1	1
332	55	1
333	54	1
334	52	1
335	70	1
336	19	1
337	70	1
338	81	1
339	52	1
340	4	1
341	56	1
342	78	1
343	42	1
344	78	1
345	19	1
346	60	1
347	68	1
348	8	1
349	2	1
350	11	1
351	82	1
352	4	1
353	6	1
354	83	1
355	12	1
356	84	1
357	85	1
358	86	1
359	11	1
360	87	1
361	4	1
362	54	1
363	75	1
364	24	1
365	52	1
366	49	1
367	19	1
368	35	1
369	43	1
370	88	1
371	40	1
372	4	1
373	84	1
374	2	1
375	68	1
376	68	1
377	89	1
378	68	1
379	90	1
380	68	1
381	40	1
382	2	1
383	91	1
384	65	1
385	64	1
386	45	1
387	92	1
388	6	1
389	16	1
390	93	1
391	13	1
392	94	1
393	79	1
394	4	1
395	95	1
396	93	1
397	96	1
398	32	1
399	90	1
400	38	1
401	97	1
402	15	1
403	25	1
404	60	1
405	25	1
406	98	1
407	93	1
408	99	1
409	100	1
410	90	1
411	4	1
412	74	1
413	1	1
414	63	1
415	26	1
416	92	1
417	67	1
418	41	1
419	0	1
420	54	1
421	4	1
422	60	1
423	101	1
424	40	1
425	11	1
426	68	1
427	102	1
428	31	1
429	82	1
430	30	1
431	6	1
432	103	1
433	47	1
434	34	1
435	35	1
436	12	1
437	6	1
438	16	1
439	24	1
440	61	1
441	34	1
442	4	1
443	104	1
444	3	1
445	102	1
446	19	1
447	103	1
448	18	1
449	105	1
450	82	1
451	35	1
452	6	1
453	35	1
454	30	1
455	35	1
456	106	1
457	60	1
458	60	1
459	14	1
460	0	1
461	18	1
462	41	1
463	4	1
464	101	1
465	79	1
466	60	1
467	60	1
468	4	1
469	36	1
470	74	1
471	75	1
472	82	1
473	35	1
474	6	1
475	13	1
476	76	1
477	76	1
478	106	1
479	65	1
480	3	1
481	71	1
482	55	1
483	54	1
484	19	1
485	19	1
486	12	1
487	52	1
488	60	1
489	6	1
490	81	1
491	4	1
492	84	1
493	19	1
494	11	1
495	1	1
496	34	1
497	12	1
498	93	1
499	4	1
500	12	1
501	82	1
502	12	1
503	32	1
504	77	1
505	55	1
506	0	1
507	60	1
508	35	1
509	14	1
510	6	1
511	4	1
512	35	1
513	76	1
514	40	1
515	16	1
516	6	1
517	41	1
518	36	1
519	74	1
520	12	1
521	39	1
522	14	1
523	11	1
524	78	1
525	10	1
526	82	1
527	19	1
528	16	1
529	16	1
530	1	1
531	34	1
532	18	1
533	90	1
534	4	1
535	60	1
536	40	1
537	34	1
538	103	1
539	70	1
540	13	1
541	69	1
542	4	1
543	25	1
544	29	1
545	56	1
546	56	1
547	107	1
548	108	1
549	23	1
550	82	1
551	12	1
552	109	1
553	6	1
554	6	1
555	4	1
556	93	1
557	78	1
558	41	1
559	50	1
560	60	1
561	6	1
562	6	1
563	14	1
564	4	1
565	85	1
566	52	1
567	18	1
568	69	1
569	60	1
570	96	1
571	6	1
572	6	1
573	83	1
574	54	1
575	102	1
576	19	1
577	75	1
578	83	1
579	52	1
580	4	1
581	48	1
582	6	1
583	35	1
584	79	1
585	12	1
586	12	1
587	53	1
588	72	1
589	39	1
590	35	1
591	69	1
592	6	1
593	54	1
594	43	1
595	81	1
596	35	1
597	2	1
598	32	1
599	68	1
600	79	1
601	6	1
602	23	1
603	19	1
604	30	1
605	79	1
606	75	1
607	35	1
608	42	1
609	13	1
610	79	1
611	60	1
612	96	1
613	41	1
614	96	1
615	53	1
616	19	1
617	4	1
618	4	1
619	25	1
620	23	1
621	100	1
622	4	1
623	52	1
624	32	1
625	101	1
626	110	1
627	84	1
628	60	1
629	78	1
630	78	1
631	16	1
632	42	1
633	19	1
634	34	1
635	78	1
636	111	1
637	11	1
638	19	1
639	1	1
640	4	1
641	93	1
642	52	1
643	112	1
644	70	1
645	70	1
646	113	1
647	62	1
648	69	1
649	22	1
650	31	1
651	19	1
652	1	1
653	93	1
654	36	1
655	4	1
656	70	1
657	70	1
658	4	1
659	16	1
660	1	1
661	19	1
662	16	1
663	18	1
664	53	1
665	78	1
666	70	1
667	19	1
668	4	1
669	4	1
670	69	1
671	1	1
672	1	1
673	2	1
674	88	1
675	12	1
676	4	1
677	114	1
678	70	1
679	37	1
680	6	1
681	27	1
682	75	1
683	96	1
684	115	1
685	78	1
686	60	1
687	22	1
688	33	1
689	43	1
690	116	1
691	6	1
692	102	1
693	103	1
694	19	1
695	37	1
696	117	1
697	4	1
698	52	1
699	19	1
700	103	1
701	4	1
702	52	1
703	19	1
704	65	1
705	4	1
706	30	1
707	60	1
708	52	1
709	19	1
710	44	1
711	59	1
712	52	1
713	4	1
714	34	1
715	118	1
716	0	1
717	6	1
718	34	1
719	62	1
720	78	1
721	4	1
722	1	1
723	0	1
724	27	1
725	119	1
726	42	1
727	54	1
728	85	1
729	60	1
730	55	1
731	98	1
732	120	1
733	3	1
734	22	1
735	103	1
736	19	1
737	34	1
738	98	1
739	6	1
740	103	1
741	3	1
742	22	1
743	46	1
744	98	1
745	46	1
746	3	1
747	39	1
748	22	1
749	35	1
750	22	1
751	103	1
752	103	1
753	93	1
754	4	1
755	16	1
756	102	1
757	88	1
758	42	1
759	39	1
760	16	1
761	1	1
762	55	1
763	19	1
764	6	1
765	22	1
766	1	1
767	42	1
768	19	1
769	19	1
770	34	1
771	70	1
772	13	1
773	34	1
774	55	1
775	13	1
776	111	1
777	42	1
778	22	1
779	78	1
780	53	1
781	1	1
782	19	1
783	69	1
784	35	1
785	45	1
786	4	1
787	27	1
788	121	1
789	46	1
790	121	1
791	52	1
792	6	1
793	6	1
794	1	1
795	4	1
796	46	1
797	68	1
798	1	1
799	38	1
800	62	1
801	32	1
802	1	1
803	62	1
804	54	1
805	6	1
806	19	1
807	22	1
808	19	1
809	34	1
810	6	1
811	19	1
812	38	1
813	54	1
814	19	1
815	18	1
816	27	1
817	3	1
818	35	1
819	4	1
820	70	1
821	16	1
822	85	1
823	46	1
824	52	1
825	26	1
826	85	1
827	85	1
828	122	1
829	55	1
830	68	1
831	21	1
832	78	1
833	52	1
834	4	1
835	19	1
836	19	1
837	52	1
838	4	1
839	4	1
840	48	1
841	37	1
842	35	1
843	6	1
844	19	1
845	47	1
846	46	1
847	54	1
848	44	1
849	12	1
850	30	1
851	26	1
852	54	1
853	1	1
854	6	1
855	77	1
856	14	1
857	116	1
858	40	1
859	85	1
860	52	1
861	19	1
862	13	1
863	116	1
864	60	1
865	46	1
866	52	1
867	19	1
868	1	1
869	6	1
870	35	1
871	26	1
872	68	1
873	63	1
874	70	1
875	30	1
876	49	1
877	19	1
878	1	1
879	35	1
880	63	1
881	30	1
882	52	1
883	67	1
884	49	1
885	0	1
886	103	1
887	103	1
888	20	1
889	6	1
890	5	1
891	5	1
892	56	1
893	45	1
894	31	1
895	22	1
896	19	1
897	31	1
898	66	1
899	6	1
900	2	1
901	8	1
902	5	1
903	78	1
904	54	1
905	2	1
906	3	1
907	6	1
908	13	1
909	0	1
910	6	1
911	117	1
912	103	1
913	35	1
914	13	1
915	8	1
916	2	1
917	34	1
918	52	1
919	22	1
920	6	1
921	38	1
922	20	1
923	13	1
924	121	1
925	60	1
926	6	1
927	12	1
928	6	1
929	4	1
930	102	1
931	10	1
932	0	1
933	34	1
934	1	1
935	68	1
936	19	1
937	3	1
938	19	1
939	13	1
940	1	1
941	4	1
942	71	1
943	52	1
944	34	1
945	11	1
946	32	1
947	34	1
948	123	1
949	124	1
950	2	1
951	65	1
952	50	1
953	35	1
954	103	1
955	34	1
956	18	1
957	78	1
958	4	1
959	34	1
960	16	1
961	2	1
962	16	1
963	125	1
964	102	1
965	16	1
966	126	1
967	25	1
968	2	1
969	124	1
970	34	1
971	31	1
972	2	1
973	16	1
974	50	1
975	19	1
976	34	1
977	87	1
978	16	1
979	7	1
980	32	1
981	52	1
982	35	1
983	62	1
984	3	1
985	13	1
986	61	1
987	31	1
988	49	1
989	52	1
990	32	1
991	103	1
992	52	1
993	12	1
994	103	1
995	4	1
996	4	1
997	34	1
998	57	1
999	2	1
1000	1	1
1001	4	1
1002	52	1
1003	6	1
1004	17	1
1005	41	1
1006	52	1
1007	7	1
1008	49	1
1009	103	1
1010	4	1
1011	4	1
1012	55	1
1013	117	1
1014	6	1
1015	56	1
1016	27	1
1017	103	1
1018	19	1
1019	35	1
1020	80	1
1021	103	1
1022	1	1
1023	6	1
1024	3	1
1025	18	1
1026	30	1
1027	82	1
1028	82	1
1029	22	1
1030	103	1
1031	54	1
1032	1	1
1033	6	1
1034	74	1
1035	68	1
1036	73	1
1037	65	1
1038	73	1
1039	9	1
1040	49	1
1041	17	1
1042	4	1
1043	8	1
1044	103	1
1045	73	1
1046	52	1
1047	65	1
1048	21	1
1049	31	1
1050	23	1
1051	31	1
1052	74	1
1053	21	1
1054	31	1
1055	4	1
1056	6	1
1057	69	1
1058	25	1
1059	6	1
1060	65	1
1061	49	1
1062	12	1
1063	83	1
1064	26	1
1065	102	1
1066	12	1
1067	65	1
1068	43	1
1069	23	1
1070	74	1
1071	12	1
1072	40	1
1073	52	1
1074	40	1
1075	40	1
1076	32	1
1077	12	1
1078	16	1
1079	60	1
1080	7	1
1081	9	1
1082	9	1
1083	40	1
1084	23	1
1085	52	1
1086	79	1
1087	12	1
1088	19	1
1089	7	1
1090	18	1
1091	34	1
1092	19	1
1093	32	1
1094	40	1
1095	6	1
1096	13	1
1097	52	1
1098	85	1
1099	40	1
1100	26	1
1101	60	1
1102	79	1
1103	4	1
1104	14	1
1105	24	1
1106	12	1
1107	44	1
1108	68	1
1109	44	1
1110	4	1
1111	19	1
1112	4	1
1113	4	1
1114	19	1
1115	6	1
1116	4	1
1117	12	1
1118	65	1
1119	85	1
1120	116	1
1121	6	1
1122	61	1
1123	74	1
1124	6	1
1125	2	1
1126	84	1
1127	68	1
1128	40	1
1129	34	1
1130	1	1
1131	1	1
1132	9	1
1133	34	1
1134	74	1
1135	2	1
1136	79	1
1137	18	1
1138	27	1
1139	41	1
1140	40	1
1141	70	1
1142	88	1
1143	115	1
1144	65	1
1145	62	1
1146	88	1
1147	40	1
1148	97	1
1149	35	1
1150	117	1
1151	114	1
1152	73	1
1153	4	1
1154	74	1
1155	66	1
1156	37	1
1157	93	1
1158	40	1
1159	13	1
1160	106	1
1161	81	1
1162	34	1
1163	49	1
1164	122	1
1165	84	1
1166	46	1
1167	83	1
1168	81	1
1169	50	1
1170	19	1
1171	66	1
1172	13	1
1173	103	1
1174	125	1
1175	84	1
1176	1	1
1177	114	1
1178	26	1
1179	102	1
1180	17	1
1181	55	1
1182	77	1
1183	127	1
1184	39	1
1185	78	1
1186	103	1
1187	56	1
1188	39	1
1189	35	1
1190	35	1
1191	39	1
1192	18	1
1193	51	1
1194	100	1
1195	51	1
1196	35	1
1197	127	1
1198	35	1
1199	3	1
1200	19	1
1201	103	1
1202	128	1
1203	56	1
1204	87	1
1205	128	1
1206	32	1
1207	129	1
1208	7	1
1209	17	1
1210	15	1
1211	103	1
1212	4	1
1213	4	1
1214	130	1
1215	122	1
1216	130	1
1217	124	1
1218	103	1
1219	51	1
1220	131	1
1221	51	1
1222	51	1
1223	8	1
1224	19	1
1225	4	1
1226	36	1
1227	102	1
1228	87	1
1229	39	1
1230	100	1
1231	87	1
1232	72	1
1233	84	1
1234	6	1
1235	68	1
1236	34	1
1237	125	1
1238	114	1
1239	25	1
1240	56	1
1241	14	1
1242	125	1
1243	83	1
1244	103	1
1245	68	1
1246	24	1
1247	91	1
1248	132	1
1249	88	1
1250	18	1
1251	52	1
1252	84	1
1253	33	1
1254	133	1
1255	72	1
1256	103	1
1257	27	1
1258	68	1
1259	45	1
1260	3	1
1261	4	1
1262	18	1
1263	53	1
1264	45	1
1265	43	1
1266	68	1
1267	52	1
1268	21	1
1269	34	1
1270	10	1
1271	115	1
1272	38	1
1273	9	1
1274	63	1
1275	134	1
1276	103	1
1277	4	1
1278	45	1
1279	37	1
1280	30	1
1281	84	1
1282	49	1
1283	74	1
1284	84	1
1285	114	1
1286	19	1
1287	1	1
1288	3	1
1289	1	1
1290	38	1
1291	24	1
1292	44	1
1293	32	1
1294	4	1
1295	19	1
1296	6	1
1297	81	1
1298	61	1
1299	1	1
1300	50	1
1301	25	1
1302	67	1
1303	117	1
1304	116	1
1305	12	1
1306	25	1
1307	25	1
1308	50	1
1309	22	1
1310	7	1
1311	54	1
1312	55	1
1313	102	1
1314	49	1
1315	29	1
1316	46	1
1317	135	1
1318	4	1
1319	0	1
1320	34	1
1321	4	1
1322	103	1
1323	106	1
1324	96	1
1325	36	1
1326	37	1
1327	55	1
1328	49	1
1329	68	1
1330	60	1
1331	34	1
1332	4	1
1333	30	1
1334	30	1
1335	10	1
1336	26	1
1337	9	1
1338	52	1
1339	10	1
1340	10	1
1341	9	1
1342	4	1
1343	1	1
1344	45	1
1345	117	1
1346	17	1
1347	34	1
1348	77	1
1349	7	1
1350	4	1
1351	54	1
1352	34	1
1353	106	1
1354	19	1
1355	6	1
1356	18	1
1357	34	1
1358	77	1
1359	55	1
1360	75	1
1361	0	1
1362	54	1
1363	54	1
1364	39	1
1365	27	1
1366	46	1
1367	34	1
1368	16	1
1369	78	1
1370	6	1
1371	87	1
1372	77	1
1373	30	1
1374	12	1
1375	68	1
1376	26	1
1377	10	1
1378	10	1
1379	4	1
1380	121	1
1381	75	1
1382	19	1
1383	12	1
1384	10	1
1385	4	1
1386	12	1
1387	4	1
1388	35	1
1389	42	1
1390	8	1
1391	46	1
1392	0	1
1393	79	1
1394	6	1
1395	42	1
1396	6	1
1397	17	1
1398	35	1
1399	11	1
1400	22	1
1401	42	1
1402	87	1
1403	22	1
1404	55	1
1405	79	1
1406	61	1
1407	52	1
1408	61	1
1409	70	1
1410	103	1
1411	4	1
1412	14	1
1413	74	1
1414	13	1
1415	27	1
1416	27	1
1417	2	1
1418	0	1
1419	103	1
1420	22	1
1421	3	1
1422	13	1
1423	34	1
1424	34	1
1425	78	1
1426	0	1
1427	74	1
1428	11	1
1429	88	1
1430	36	1
1431	63	1
1432	84	1
1433	4	1
1434	12	1
1435	83	1
1436	31	1
1437	1	1
1438	4	1
1439	56	1
1440	12	1
1441	19	1
1442	17	1
1443	34	1
1444	9	1
1445	54	1
1446	56	1
1447	110	1
1448	103	1
1449	102	1
1450	34	1
1451	34	1
1452	34	1
1453	22	1
1454	114	1
1455	42	1
1456	1	1
1457	77	1
1458	19	1
1459	33	1
1460	8	1
1461	103	1
1462	103	1
1463	70	1
1464	70	1
1465	103	1
1466	35	1
1467	2	1
1468	2	1
1469	22	1
1470	34	1
1471	39	1
1472	70	1
1473	46	1
1474	6	1
1475	127	1
1476	50	1
1477	65	1
1478	85	1
1479	54	1
1480	14	1
1481	103	1
1482	103	1
1483	6	1
1484	6	1
1485	70	1
1486	17	1
1487	6	1
1488	103	1
1489	31	1
1490	136	1
1491	34	1
1492	45	1
1493	78	1
1494	87	1
1495	8	1
1496	2	1
1497	35	1
1498	125	1
1499	114	1
1500	41	1
1501	84	1
1502	84	1
1503	84	1
1504	2	1
1505	125	1
1506	65	1
1507	13	1
1508	57	1
1509	10	1
1510	2	1
1511	114	1
1512	40	1
1513	84	1
1514	34	1
1515	70	1
1516	12	1
1517	16	1
1518	2	1
1519	52	1
1520	52	1
1521	3	1
1522	52	1
1523	4	1
1524	77	1
1525	56	1
1526	22	1
1527	35	1
1528	103	1
1529	35	1
1530	19	1
1531	103	1
1532	6	1
1533	19	1
1534	68	1
1535	70	1
1536	35	1
1537	35	1
1538	25	1
1539	46	1
1540	34	1
1541	42	1
1542	103	1
1543	137	1
1544	46	1
1545	62	1
1546	6	1
1547	68	1
1548	53	1
1549	19	1
1550	55	1
1551	6	1
1552	0	1
1553	19	1
1554	18	1
1555	137	1
1556	46	1
1557	46	1
1558	7	1
1559	82	1
1560	1	1
1561	68	1
1562	102	1
1563	1	1
1564	34	1
1565	6	1
1566	18	1
1567	18	1
1568	4	1
1569	136	1
1570	7	1
1571	103	1
1572	103	1
1573	55	1
1574	8	1
1575	41	1
1576	32	1
1577	103	1
1578	46	1
1579	16	1
1580	103	1
1581	6	1
1582	19	1
1583	12	1
1584	138	1
1585	35	1
1586	2	1
1587	10	1
1588	12	1
1589	4	1
1590	3	1
1591	4	1
1592	4	1
1593	34	1
1594	3	1
1595	52	1
1596	4	1
1597	12	1
1598	4	1
1599	44	1
1600	4	1
1601	139	1
1602	4	1
1603	44	1
1604	52	1
1605	4	1
1606	13	1
1607	1	1
1608	68	1
1609	84	1
1610	21	1
1611	84	1
1612	27	1
1613	102	1
1614	23	1
1615	41	1
1616	1	1
1617	68	1
1618	68	1
1619	18	1
1620	6	1
1621	56	1
1622	18	1
1623	137	1
1624	1	1
1625	54	1
1626	56	1
1627	14	1
1628	18	1
1629	1	1
1630	19	1
1631	1	1
1632	4	1
1633	18	1
1634	2	1
1635	20	1
1636	35	1
1637	4	1
1638	22	1
1639	46	1
1640	18	1
1641	18	1
1642	121	1
1643	1	1
1644	35	1
1645	6	1
1646	19	1
1647	1	1
1648	19	1
1649	1	1
1650	56	1
1651	17	1
1652	100	1
1653	37	1
1654	52	1
1655	1	1
1656	34	1
1657	46	1
1658	39	1
1659	18	1
1660	18	1
1661	24	1
1662	103	1
1663	74	1
1664	22	1
1665	6	1
1666	70	1
1667	84	1
1668	18	1
1669	121	1
1670	8	1
1671	68	1
1672	94	1
1673	19	1
1674	121	1
1675	65	1
1676	12	1
1677	62	1
1678	16	1
1679	16	1
1680	18	1
1681	43	1
1682	6	1
1683	19	1
1684	19	1
1685	61	1
1686	17	1
1687	6	1
1688	88	1
1689	9	1
1690	17	1
1691	47	1
1692	2	1
1693	12	1
1694	1	1
1695	8	1
1696	17	1
1697	19	1
1698	12	1
1699	18	1
1700	25	1
1701	35	1
1702	62	1
1703	34	1
1704	9	1
1705	97	1
1706	2	1
1707	17	1
1708	52	1
1709	2	1
1710	4	1
1711	117	1
1712	1	1
1713	25	1
1714	25	1
1715	4	1
1716	19	1
1717	77	1
1718	1	1
1719	18	1
1720	25	1
1721	56	1
1722	29	1
1723	140	1
1724	25	1
1725	10	1
1726	55	1
1727	77	1
1728	56	1
1729	9	1
1730	4	1
1731	79	1
1732	4	1
1733	52	1
1734	37	1
1735	19	1
1736	55	1
1737	7	1
1738	2	1
1739	4	1
1740	4	1
1741	39	1
1742	1	1
1743	7	1
1744	4	1
1745	9	1
1746	4	1
1747	93	1
1748	77	1
1749	25	1
1750	36	1
1751	62	1
1752	25	1
1753	6	1
1754	74	1
1755	10	1
1756	10	1
1757	12	1
1758	85	1
1759	14	1
1760	44	1
1761	98	1
1762	4	1
1763	54	1
1764	77	1
1765	98	1
1766	127	1
1767	0	1
1768	4	1
1769	32	1
1770	25	1
1771	19	1
1772	85	1
1773	35	1
1774	2	1
1775	0	1
1776	103	1
1777	4	1
1778	46	1
1779	141	1
1780	109	1
1781	19	1
1782	19	1
1783	19	1
1784	35	1
1785	49	1
1786	19	1
1787	50	1
1788	4	1
1789	93	1
1790	49	1
1791	96	1
1792	49	1
1793	41	1
1794	43	1
1795	129	1
1796	70	1
1797	6	1
1798	34	1
1799	4	1
1800	101	1
1801	85	1
1802	101	1
1803	60	1
1804	32	1
1805	101	1
1806	29	1
1807	57	1
1808	6	1
1809	18	1
1810	12	1
1811	77	1
1812	135	1
1813	6	1
1814	135	1
1815	50	1
1816	18	1
1817	6	1
1818	19	1
1819	52	1
1820	6	1
1821	63	1
1822	6	1
1823	13	1
1824	2	1
1825	1	1
1826	55	1
1827	18	1
1828	18	1
1829	4	1
1830	1	1
1831	1	1
1832	6	1
1833	6	1
1834	4	1
1835	1	1
1836	19	1
1837	56	1
1838	18	1
1839	34	1
1840	36	1
1841	19	1
1842	1	1
1843	19	1
1844	19	1
1845	19	1
1846	121	1
1847	55	1
1848	56	1
1849	6	1
1850	6	1
1851	97	1
1852	1	1
1853	46	1
1854	19	1
1855	65	1
1856	1	1
1857	34	1
1858	6	1
1859	82	1
1860	77	1
1861	29	1
1862	36	1
1863	25	1
1864	67	1
1865	109	1
1866	142	1
1867	62	1
1868	3	1
1869	6	1
1870	42	1
1871	135	1
1872	32	1
1873	19	1
1874	109	1
1875	109	1
1876	19	1
1877	109	1
1878	25	1
1879	60	1
1880	25	1
1881	46	1
1882	63	1
1883	76	1
1884	103	1
1885	6	1
1886	39	1
1887	4	1
1888	52	1
1889	34	1
1890	65	1
1891	12	1
1892	12	1
1893	4	1
1894	9	1
1895	74	1
1896	68	1
1897	84	1
1898	4	1
1899	12	1
1900	74	1
1901	68	1
1902	30	1
1903	24	1
1904	76	1
1905	16	1
1906	52	1
1907	45	1
1908	79	1
1909	60	1
1910	29	1
1911	6	1
1912	4	1
1913	4	1
1914	34	1
1915	4	1
1916	53	1
1917	39	1
1918	42	1
1919	62	1
1920	98	1
1921	4	1
1922	1	1
1923	62	1
1924	12	1
1925	16	1
1926	6	1
1927	85	1
1928	35	1
1929	4	1
1930	49	1
1931	61	1
1932	106	1
1933	6	1
1934	94	1
1935	2	1
1936	60	1
1937	49	1
1938	93	1
1939	19	1
1940	47	1
1941	19	1
1942	109	1
1943	70	1
1944	74	1
1945	4	1
1946	4	1
1947	52	1
1948	26	1
1949	12	1
1950	74	1
1951	106	1
1952	65	1
1953	84	1
1954	65	1
1955	52	1
1956	46	1
1957	27	1
1958	143	1
1959	61	1
1960	61	1
1961	62	1
1962	18	1
1963	93	1
1964	136	1
1965	67	1
1966	61	1
1967	144	1
1968	124	1
1969	19	1
1970	19	1
1971	37	1
1972	20	1
1973	19	1
1974	6	1
1975	37	1
1976	98	1
1977	50	1
1978	50	1
1979	42	1
1980	19	1
1981	2	1
1982	34	1
1983	69	1
1984	82	1
1985	34	1
1986	145	1
1987	7	1
1988	19	1
1989	54	1
1990	34	1
1991	71	1
1992	17	1
1993	12	1
1994	37	1
1995	74	1
1996	106	1
1997	12	1
1998	81	1
1999	65	1
2000	52	1
2001	12	1
2002	136	1
2003	38	1
2004	35	1
2005	143	1
2006	61	1
2007	18	1
2008	1	1
2009	85	1
2010	18	1
2011	50	1
2012	3	1
2013	43	1
2014	40	1
2015	6	1
2016	37	1
2017	11	1
2018	40	1
2019	78	1
2020	4	1
2021	4	1
2022	39	1
2023	102	1
2024	40	1
2025	79	1
2026	55	1
2027	55	1
2028	13	1
2029	34	1
2030	52	1
2031	2	1
2032	4	1
2033	60	1
2034	41	1
2035	1	1
2036	3	1
2037	46	1
2038	70	1
2039	39	1
2040	46	1
2041	19	1
2042	21	1
2043	21	1
2044	42	1
2045	46	1
2046	42	1
2047	6	1
2048	35	1
2049	6	1
2050	6	1
2051	6	1
2052	97	1
2053	104	1
2054	48	1
2055	46	1
2056	103	1
2057	100	1
2058	27	1
2059	19	1
2060	19	1
2061	4	1
2062	50	1
2063	1	1
2064	135	1
2065	19	1
2066	2	1
2067	2	1
2068	42	1
2069	37	1
2070	14	1
2071	6	1
2072	16	1
2073	54	1
2074	54	1
2075	72	1
2076	33	1
2077	53	1
2078	34	1
2079	4	1
2080	47	1
2081	65	1
2082	4	1
2083	6	1
2084	16	1
2085	33	1
2086	4	1
2087	26	1
2088	9	1
2089	103	1
2090	9	1
2091	77	1
2092	19	1
2093	41	1
2094	78	1
2095	42	1
2096	25	1
2097	53	1
2098	70	1
2099	42	1
2100	0	1
2101	98	1
2102	54	1
2103	78	1
2104	3	1
2105	6	1
2106	6	1
2107	6	1
2108	18	1
2109	78	1
2110	46	1
2111	3	1
2112	17	1
2113	46	1
2114	34	1
2115	18	1
2116	4	1
2117	102	1
2118	146	1
2119	19	1
2120	2	1
2121	147	1
2122	3	1
2123	78	1
2124	6	1
2125	6	1
2126	6	1
2127	27	1
2128	71	1
2129	19	1
2130	39	1
2131	3	1
2132	25	1
2133	2	1
2134	77	1
2135	42	1
2136	42	1
2137	81	1
2138	12	1
2139	19	1
2140	103	1
2141	25	1
2142	1	1
2143	93	1
2144	19	1
2145	18	1
2146	16	1
2147	4	1
2148	39	1
2149	6	1
2150	4	1
2151	19	1
2152	106	1
2153	79	1
2154	26	1
2155	19	1
2156	25	1
2157	103	1
2158	17	1
2159	3	1
2160	102	1
2161	40	1
2162	40	1
2163	6	1
2164	14	1
2165	21	1
2166	34	1
2167	106	1
2168	41	1
2169	88	1
2170	12	1
2171	9	1
2172	12	1
2173	16	1
2174	88	1
2175	71	1
2176	121	1
2177	67	1
2178	6	1
2179	54	1
2180	70	1
2181	36	1
2182	1	1
2183	78	1
2184	78	1
2185	6	1
2186	4	1
2187	35	1
2188	46	1
2189	103	1
2190	6	1
2191	19	1
2192	13	1
2193	52	1
2194	103	1
2195	54	1
2196	36	1
2197	31	1
2198	94	1
2199	25	1
2200	54	1
2201	25	1
2202	19	1
2203	46	1
2204	6	1
2205	143	1
2206	19	1
2207	7	1
2208	63	1
2209	2	1
2210	39	1
2211	19	1
2212	35	1
2213	19	1
2214	6	1
2215	4	1
2216	4	1
2217	6	1
2218	22	1
2219	4	1
2220	46	1
2221	46	1
2222	4	1
2223	18	1
2224	100	1
2225	19	1
2226	4	1
2227	35	1
2228	6	1
2229	35	1
2230	6	1
2231	46	1
2232	69	1
2233	4	1
2234	17	1
2235	1	1
2236	19	1
2237	35	1
2238	13	1
2239	66	1
2240	29	1
2241	36	1
2242	96	1
2243	29	1
2244	17	1
2245	19	1
2246	56	1
2247	4	1
2248	6	1
2249	30	1
2250	6	1
2251	17	1
2252	4	1
2253	6	1
2254	19	1
2255	19	1
2256	3	1
2257	6	1
2258	138	1
2259	6	1
2260	34	1
2261	103	1
2262	5	1
2263	31	1
2264	46	1
2265	31	1
2266	27	1
2267	6	1
2268	46	1
2269	6	1
2270	46	1
2271	19	1
2272	15	1
2273	54	1
2274	36	1
2275	65	1
2276	6	1
2277	3	1
2278	34	1
2279	2	1
2280	16	1
2281	136	1
2282	4	1
2283	8	1
2284	100	1
2285	19	1
2286	35	1
2287	40	1
2288	2	1
2289	70	1
2290	100	1
2291	42	1
2292	34	1
2293	35	1
2294	46	1
2295	3	1
2296	17	1
2297	30	1
2298	4	1
2299	46	1
2300	6	1
2301	6	1
2302	35	1
2303	103	1
2304	16	1
2305	78	1
2306	7	1
2307	16	1
2308	16	1
2309	1	1
2310	52	1
2311	39	1
2312	52	1
2313	16	1
2314	6	1
2315	34	1
2316	18	1
2317	46	1
2318	117	1
2319	6	1
2320	1	1
2321	34	1
2322	37	1
2323	12	1
2324	34	1
2325	18	1
2326	66	1
2327	68	1
2328	6	1
2329	68	1
2330	19	1
2331	21	1
2332	122	1
2333	3	1
2334	53	1
2335	69	1
2336	59	1
2337	148	1
2338	34	1
2339	3	1
2340	46	1
2341	1	1
2342	19	1
2343	69	1
2344	19	1
2345	19	1
2346	4	1
2347	17	1
2348	19	1
2349	18	1
2350	46	1
2351	30	1
2352	77	1
2353	46	1
2354	30	1
2355	103	1
2356	49	1
2357	39	1
2358	77	1
2359	3	1
2360	46	1
2361	71	1
2362	96	1
2363	29	1
2364	13	1
2365	135	1
2366	71	1
2367	29	1
2368	6	1
2369	49	1
2370	63	1
2371	50	1
2372	79	1
2373	6	1
2374	143	1
2375	70	1
2376	19	1
2377	82	1
2378	35	1
2379	24	1
2380	26	1
2381	24	1
2382	13	1
2383	3	1
2384	40	1
2385	40	1
2386	40	1
2387	72	1
2388	24	1
2389	1	1
2390	20	1
2391	26	1
2392	4	1
2393	18	1
2394	18	1
2395	110	1
2396	6	1
2397	102	1
2398	34	1
2399	4	1
2400	12	1
2401	4	1
2402	19	1
2403	4	1
2404	34	1
2405	46	1
2406	103	1
2407	1	1
2408	6	1
2409	22	1
2410	6	1
2411	22	1
2412	16	1
2413	62	1
2414	19	1
2415	39	1
2416	53	1
2417	43	1
2418	15	1
2419	65	1
2420	15	1
2421	27	1
2422	33	1
2423	72	1
2424	19	1
2425	2	1
2426	11	1
2427	61	1
2428	43	1
2429	102	1
2430	17	1
2431	56	1
2432	55	1
2433	1	1
2434	34	1
2435	4	1
2436	34	1
2437	6	1
2438	53	1
2439	18	1
2440	61	1
2441	36	1
2442	122	1
2443	110	1
2444	2	1
2445	6	1
2446	6	1
2447	49	1
2448	16	1
2449	22	1
2450	36	1
2451	35	1
2452	19	1
2453	12	1
2454	10	1
2455	1	1
2456	140	1
2457	6	1
2458	127	1
2459	4	1
2460	9	1
2461	74	1
2462	102	1
2463	74	1
2464	19	1
2465	127	1
2466	74	1
2467	149	1
2468	102	1
2469	17	1
2470	102	1
2471	9	1
2472	35	1
2473	11	1
2474	2	1
2475	4	1
2476	46	1
2477	34	1
2478	103	1
2479	2	1
2480	48	1
2481	29	1
2482	25	1
2483	103	1
2484	79	1
2485	8	1
2486	36	1
2487	30	1
2488	8	1
2489	16	1
2490	35	1
2491	48	1
2492	47	1
2493	102	1
2494	27	1
2495	47	1
2496	2	1
2497	33	1
2498	49	1
2499	62	1
2500	102	1
2501	52	1
2502	41	1
2503	16	1
2504	117	1
2505	98	1
2506	67	1
2507	4	1
2508	56	1
2509	0	1
2510	55	1
2511	46	1
2512	135	1
2513	106	1
2514	3	1
2515	6	1
2516	61	1
2517	19	1
2518	4	1
2519	43	1
2520	22	1
2521	34	1
2522	4	1
2523	4	1
2524	39	1
2525	103	1
2526	34	1
2527	34	1
2528	33	1
2529	22	1
2530	34	1
2531	61	1
2532	30	1
2533	34	1
2534	30	1
2535	3	1
2536	34	1
2537	4	1
2538	6	1
2539	34	1
2540	34	1
2541	6	1
2542	72	1
2543	72	1
2544	72	1
2545	4	1
2546	60	1
2547	18	1
2548	40	1
2549	25	1
2550	16	1
2551	34	1
2552	70	1
2553	19	1
2554	2	1
2555	34	1
2556	33	1
2557	23	1
2558	34	1
2559	1	1
2560	61	1
2561	121	1
2562	43	1
2563	17	1
2564	77	1
2565	4	1
2566	34	1
2567	19	1
2568	4	1
2569	4	1
2570	34	1
2571	61	1
2572	53	1
2573	62	1
2574	61	1
2575	33	1
2576	45	1
2577	2	1
2578	18	1
2579	52	1
2580	43	1
2581	45	1
2582	19	1
2583	14	1
2584	52	1
2585	1	1
2586	2	1
2587	2	1
2588	58	1
2589	52	1
2590	18	1
2591	18	1
2592	75	1
2593	36	1
2594	50	1
2595	50	1
2596	4	1
2597	102	1
2598	121	1
2599	117	1
2600	47	1
2601	3	1
2602	56	1
2603	103	1
2604	39	1
2605	34	1
2606	61	1
2607	52	1
2608	55	1
2609	53	1
2610	52	1
2611	34	1
2612	43	1
2613	12	1
2614	29	1
2615	139	1
2616	34	1
2617	55	1
2618	98	1
2619	4	1
2620	13	1
2621	56	1
2622	103	1
2623	4	1
2624	46	1
2625	19	1
2626	6	1
2627	6	1
2628	19	1
2629	3	1
2630	3	1
2631	93	1
2632	58	1
2633	58	1
2634	2	1
2635	34	1
2636	40	1
2637	2	1
2638	78	1
2639	25	1
2640	4	1
2641	42	1
2642	4	1
2643	78	1
2644	52	1
2645	98	1
2646	2	1
2647	70	1
2648	8	1
2649	104	1
2650	61	1
2651	55	1
2652	35	1
2653	6	1
2654	31	1
2655	52	1
2656	27	1
2657	26	1
2658	16	1
2659	50	1
2660	35	1
2661	36	1
2662	137	1
2663	135	1
2664	6	1
2665	30	1
2666	74	1
2667	4	1
2668	27	1
2669	42	1
2670	69	1
2671	62	1
2672	22	1
2673	52	1
2674	48	1
2675	103	1
2676	38	1
2677	96	1
2678	72	1
2679	78	1
2680	150	1
2681	22	1
2682	56	1
2683	12	1
2684	19	1
2685	50	1
2686	78	1
2687	60	1
2688	40	1
2689	63	1
2690	78	1
2691	56	1
2692	78	1
2693	34	1
2694	4	1
2695	17	1
2696	78	1
2697	27	1
2698	75	1
2699	19	1
2700	4	1
2701	127	1
2702	70	1
2703	52	1
2704	42	1
2705	84	1
2706	62	1
2707	35	1
2708	84	1
2709	34	1
2710	1	1
2711	18	1
2712	52	1
2713	4	1
2714	70	1
2715	4	1
2716	50	1
2717	39	1
2718	4	1
2719	18	1
2720	35	1
2721	19	1
2722	103	1
2723	4	1
2724	8	1
2725	69	1
2726	0	1
2727	110	1
2728	22	1
2729	4	1
2730	17	1
2731	14	1
2732	19	1
2733	17	1
2734	52	1
2735	16	1
2736	123	1
2737	4	1
2738	13	1
2739	4	1
2740	34	1
2741	4	1
2742	22	1
2743	8	1
2744	48	1
2745	9	1
2746	24	1
2747	24	1
2748	24	1
2749	5	1
2750	31	1
2751	18	1
2752	7	1
2753	10	1
2754	69	1
2755	77	1
2756	2	1
2757	4	1
2758	4	1
2759	78	1
2760	27	1
2761	6	1
2762	6	1
2763	55	1
2764	8	1
2765	19	1
2766	1	1
2767	27	1
2768	6	1
2769	48	1
2770	102	1
2771	16	1
2772	8	1
2773	19	1
2774	16	1
2775	40	1
2776	40	1
2777	4	1
2778	3	1
2779	6	1
2780	78	1
2781	34	1
2782	78	1
2783	11	1
2784	88	1
2785	6	1
2786	18	1
2787	62	1
2788	78	1
2789	42	1
2790	27	1
2791	118	1
2792	123	1
2793	49	1
2794	27	1
2795	98	1
2796	49	1
2797	43	1
2798	6	1
2799	24	1
2800	33	1
2801	78	1
2802	42	1
2803	49	1
2804	121	1
2805	37	1
2806	31	1
2807	39	1
2808	35	1
2809	35	1
2810	39	1
2811	77	1
2812	34	1
2813	7	1
2814	52	1
2815	2	1
2816	34	1
2817	2	1
2818	46	1
2819	118	1
2820	9	1
2821	9	1
2822	9	1
2823	82	1
2824	6	1
2825	16	1
2826	35	1
2827	6	1
2828	34	1
2829	3	1
2830	6	1
2831	27	1
2832	42	1
2833	27	1
2834	33	1
2835	1	1
2836	1	1
2837	14	1
2838	19	1
2839	75	1
2840	22	1
2841	4	1
2842	69	1
2843	46	1
2844	22	1
2845	46	1
2846	34	1
2847	34	1
2848	4	1
2849	3	1
2850	75	1
2851	78	1
2852	78	1
2853	78	1
2854	27	1
2855	47	1
2856	54	1
2857	40	1
2858	36	1
2859	32	1
2860	55	1
2861	46	1
2862	104	1
2863	6	1
2864	9	1
2865	6	1
2866	2	1
2867	70	1
2868	16	1
2869	46	1
2870	46	1
2871	103	1
2872	2	1
2873	4	1
2874	1	1
2875	19	1
2876	34	1
2877	0	1
2878	137	1
2879	52	1
2880	118	1
2881	27	1
2882	19	1
2883	17	1
2884	32	1
2885	41	1
2886	52	1
2887	2	1
2888	22	1
2889	45	1
2890	1	1
2891	11	1
2892	79	1
2893	78	1
2894	19	1
2895	139	1
2896	78	1
2897	22	1
2898	17	1
2899	103	1
2900	1	1
2901	135	1
2902	29	1
2903	19	1
2904	103	1
2905	27	1
2906	33	1
2907	30	1
2908	5	1
2909	151	1
2910	2	1
2911	19	1
2912	124	1
2913	34	1
2914	111	1
2915	52	1
2916	103	1
2917	19	1
2918	42	1
2919	98	1
2920	52	1
2921	78	1
2922	124	1
2923	152	1
2924	29	1
2925	118	1
2926	14	1
2927	6	1
2928	82	1
2929	98	1
2930	17	1
2931	36	1
2932	94	1
2933	19	1
2934	12	1
2935	19	1
2936	153	1
2937	118	1
2938	121	1
2939	6	1
2940	4	1
2941	69	1
2942	22	1
2943	78	1
2944	6	1
2945	116	1
2946	49	1
2947	6	1
2948	19	1
2949	49	1
2950	4	1
2951	6	1
2952	78	1
2953	16	1
2954	16	1
2955	11	1
2956	15	1
2957	22	1
2958	49	1
2959	31	1
2960	19	1
2961	1	1
2962	2	1
2963	20	1
2964	2	1
2965	12	1
2966	37	1
2967	43	1
2968	3	1
2969	98	1
2970	99	1
2971	42	1
2972	45	1
2973	6	1
2974	18	1
2975	55	1
2976	35	1
2977	19	1
2978	17	1
2979	56	1
2980	3	1
2981	46	1
2982	34	1
2983	34	1
2984	4	1
2985	4	1
2986	4	1
2987	22	1
2988	22	1
2989	3	1
2990	11	1
2991	13	1
2992	78	1
2993	37	1
2994	49	1
2995	35	1
2996	98	1
2997	6	1
2998	68	1
2999	18	1
3000	68	1
3001	78	1
3002	19	1
3003	52	1
3004	34	1
3005	72	1
3006	77	1
3007	34	1
3008	6	1
3009	19	1
3010	4	1
3011	4	1
3012	3	1
3013	19	1
3014	103	1
3015	4	1
3016	12	1
3017	10	1
3018	6	1
3019	17	1
3020	19	1
3021	27	1
3022	19	1
3023	98	1
3024	34	1
3025	122	1
3026	3	1
3027	4	1
3028	27	1
3029	6	1
3030	10	1
3031	2	1
3032	103	1
3033	46	1
3034	1	1
3035	6	1
3036	46	1
3037	77	1
3038	34	1
3039	62	1
3040	98	1
3041	42	1
3042	75	1
3043	4	1
3044	22	1
3045	50	1
3046	12	1
3047	2	1
3048	19	1
3049	19	1
3050	30	1
3051	30	1
3052	4	1
3053	4	1
3054	8	1
3055	62	1
3056	19	1
3057	48	1
3058	69	1
3059	27	1
3060	42	1
3061	35	1
3062	103	1
3063	45	1
3064	103	1
3065	96	1
3066	39	1
3067	22	1
3068	34	1
3069	4	1
3070	22	1
3071	78	1
3072	71	1
3073	121	1
3074	34	1
3075	1	1
3076	34	1
3077	45	1
3078	1	1
3079	4	1
3080	4	1
3081	31	1
3082	31	1
3083	6	1
3084	1	1
3085	27	1
3086	4	1
3087	34	1
3088	62	1
3089	46	1
3090	31	1
3091	17	1
3092	19	1
3093	98	1
3094	62	1
3095	4	1
3096	10	1
3097	62	1
3098	19	1
3099	19	1
3100	19	1
3101	31	1
3102	52	1
3103	78	1
3104	68	1
3105	49	1
3106	78	1
3107	49	1
3108	2	1
3109	78	1
3110	18	1
3111	18	1
3112	1	1
3113	42	1
3114	19	1
3115	65	1
3116	98	1
3117	32	1
3118	61	1
3119	71	1
3120	18	1
3121	31	1
3122	42	1
3123	70	1
3124	29	1
3125	22	1
3126	6	1
3127	38	1
3128	11	1
3129	69	1
3130	38	1
3131	31	1
3132	65	1
3133	14	1
3134	66	1
3135	26	1
3136	106	1
3137	65	1
3138	12	1
3139	10	1
3140	81	1
3141	40	1
3142	25	1
3143	103	1
3144	103	1
3145	38	1
3146	70	1
3147	31	1
3148	2	1
3149	69	1
3150	39	1
3151	38	1
3152	103	1
3153	42	1
3154	22	1
3155	42	1
3156	19	1
3157	78	1
3158	19	1
3159	0	1
3160	52	1
3161	39	1
3162	4	1
3163	7	1
3164	3	1
3165	18	1
3166	19	1
3167	4	1
3168	19	1
3169	43	1
3170	42	1
3171	100	1
3172	27	1
3173	39	1
3174	69	1
3175	11	1
3176	16	1
3177	11	1
3178	69	1
3179	11	1
3180	34	1
3181	0	1
3182	115	1
3183	138	1
3184	13	1
3185	45	1
3186	25	1
3187	124	1
3188	109	1
3189	103	1
3190	77	1
3191	77	1
3192	5	1
3193	137	1
3194	85	1
3195	30	1
3196	45	1
3197	11	1
3198	45	1
3199	12	1
3200	34	1
3201	70	1
3202	4	1
3203	34	1
3204	18	1
3205	70	1
3206	78	1
3207	0	1
3208	6	1
3209	104	1
3210	0	1
3211	93	1
3212	6	1
3213	37	1
3214	4	1
3215	46	1
3216	42	1
3217	49	1
3218	36	1
3219	6	1
3220	35	1
3221	36	1
3222	35	1
3223	33	1
3224	104	1
3225	22	1
3226	93	1
3227	93	1
3228	6	1
3229	4	1
3230	32	1
3231	68	1
3232	53	1
3233	65	1
3234	74	1
3235	8	1
3236	74	1
3237	2	1
3238	2	1
3239	12	1
3240	2	1
3241	2	1
3242	33	1
3243	31	1
3244	74	1
3245	74	1
3246	4	1
3247	4	1
3248	4	1
3249	45	1
3250	34	1
3251	79	1
3252	68	1
3253	4	1
3254	48	1
3255	13	1
3256	26	1
3257	63	1
3258	23	1
3259	68	1
3260	74	1
3261	56	1
3262	85	1
3263	4	1
3264	65	1
3265	65	1
3266	74	1
3267	23	1
3268	10	1
3269	16	1
3270	4	1
3271	85	1
3272	19	1
3273	19	1
3274	1	1
3275	14	1
3276	37	1
3277	2	1
3278	26	1
3279	56	1
3280	10	1
3281	60	1
3282	21	1
3283	4	1
3284	6	1
3285	19	1
3286	1	1
3287	19	1
3288	33	1
3289	4	1
3290	6	1
3291	0	1
3292	98	1
3293	35	1
3294	6	1
3295	75	1
3296	4	1
3297	98	1
3298	13	1
3299	16	1
3300	24	1
3301	34	1
3302	52	1
3303	52	1
3304	16	1
3305	12	1
3306	4	1
3307	4	1
3308	68	1
3309	45	1
3310	7	1
3311	14	1
3312	13	1
3313	43	1
3314	43	1
3315	73	1
3316	13	1
3317	13	1
3318	4	1
3319	56	1
3320	40	1
3321	4	1
3322	60	1
3323	74	1
3324	6	1
3325	16	1
3326	32	1
3327	12	1
3328	24	1
3329	34	1
3330	19	1
3331	32	1
3332	13	1
3333	40	1
3334	50	1
3335	90	1
3336	6	1
3337	84	1
3338	85	1
3339	34	1
3340	26	1
3341	72	1
3342	34	1
3343	26	1
3344	52	1
3345	68	1
3346	68	1
3347	21	1
3348	46	1
3349	46	1
3350	98	1
3351	85	1
3352	6	1
3353	102	1
3354	30	1
3355	6	1
3356	60	1
3357	6	1
3358	2	1
3359	8	1
3360	10	1
3361	72	1
3362	1	1
3363	62	1
3364	6	1
3365	2	1
3366	4	1
3367	4	1
3368	43	1
3369	19	1
3370	18	1
3371	79	1
3372	8	1
3373	19	1
3374	52	1
3375	4	1
3376	20	1
3377	34	1
3378	4	1
3379	4	1
3380	88	1
3381	46	1
3382	42	1
3383	46	1
3384	111	1
3385	46	1
3386	93	1
3387	4	1
3388	55	1
3389	62	1
3390	38	1
3391	6	1
3392	34	1
3393	34	1
3394	4	1
3395	4	1
3396	4	1
3397	19	1
3398	8	1
3399	4	1
3400	18	1
3401	77	1
3402	96	1
3403	35	1
3404	14	1
3405	49	1
3406	6	1
3407	12	1
3408	96	1
3409	48	1
3410	98	1
3411	6	1
3412	34	1
3413	34	1
3414	77	1
3415	46	1
3416	19	1
3417	154	1
3418	4	1
3419	16	1
3420	41	1
3421	34	1
3422	56	1
3423	34	1
3424	103	1
3425	29	1
3426	55	1
3427	92	1
3428	34	1
3429	8	1
3430	77	1
3431	34	1
3432	19	1
3433	6	1
3434	21	1
3435	1	1
3436	4	1
3437	52	1
3438	4	1
3439	27	1
3440	61	1
3441	60	1
3442	72	1
3443	0	1
3444	121	1
3445	29	1
3446	6	1
3447	8	1
3448	49	1
3449	45	1
3450	71	1
3451	60	1
3452	114	1
3453	35	1
3454	34	1
3455	8	1
3456	25	1
3457	46	1
3458	39	1
3459	39	1
3460	54	1
3461	122	1
3462	22	1
3463	4	1
3464	12	1
3465	104	1
3466	129	1
3467	103	1
3468	32	1
3469	103	1
3470	61	1
3471	125	1
3472	70	1
3473	6	1
3474	34	1
3475	6	1
3476	100	1
3477	146	1
3478	100	1
3479	49	1
3480	93	1
3481	61	1
3482	96	1
3483	6	1
3484	0	1
3485	13	1
3486	6	1
3487	19	1
3488	135	1
3489	4	1
3490	8	1
3491	77	1
3492	4	1
3493	37	1
3494	34	1
3495	103	1
3496	18	1
3497	39	1
3498	50	1
3499	46	1
3500	2	1
3501	6	1
3502	116	1
3503	19	1
3504	78	1
3505	14	1
3506	25	1
3507	104	1
3508	6	1
3509	77	1
3510	3	1
3511	46	1
3512	135	1
3513	19	1
3514	34	1
3515	22	1
3516	52	1
3517	31	1
3518	3	1
3519	6	1
3520	79	1
3521	6	1
3522	56	1
3523	38	1
3524	6	1
3525	79	1
3526	45	1
3527	103	1
3528	4	1
3529	4	1
3530	55	1
3531	6	1
3532	48	1
3533	93	1
3534	45	1
3535	103	1
3536	2	1
3537	48	1
3538	63	1
3539	56	1
3540	22	1
3541	26	1
3542	11	1
3543	46	1
3544	103	1
3545	151	1
3546	129	1
3547	75	1
3548	33	1
3549	46	1
3550	82	1
3551	70	1
3552	77	1
3553	11	1
3554	35	1
3555	52	1
3556	19	1
3557	13	1
3558	48	1
3559	62	1
3560	4	1
3561	72	1
3562	4	1
3563	49	1
3564	55	1
3565	93	1
3566	72	1
3567	31	1
3568	18	1
3569	19	1
3570	19	1
3571	72	1
3572	46	1
3573	6	1
3574	6	1
3575	78	1
3576	6	1
3577	18	1
3578	19	1
3579	70	1
3580	34	1
3581	35	1
3582	2	1
3583	55	1
3584	6	1
3585	6	1
3586	34	1
3587	11	1
3588	24	1
3589	6	1
3590	35	1
3591	61	1
3592	100	1
3593	6	1
3594	44	1
3595	1	1
3596	4	1
3597	12	1
3598	70	1
3599	34	1
3600	0	1
3601	6	1
3602	6	1
3603	50	1
3604	6	1
3605	35	1
3606	6	1
3607	84	1
3608	4	1
3609	50	1
3610	4	1
3611	16	1
3612	18	1
3613	16	1
3614	4	1
3615	6	1
3616	4	1
3617	10	1
3618	4	1
3619	55	1
3620	61	1
3621	117	1
3622	18	1
3623	83	1
3624	49	1
3625	19	1
3626	49	1
3627	18	1
3628	78	1
3629	137	1
3630	19	1
3631	6	1
3632	6	1
3633	6	1
3634	1	1
3635	6	1
3636	1	1
3637	35	1
3638	6	1
3639	6	1
3640	6	1
3641	52	1
3642	135	1
3643	27	1
3644	6	1
3645	6	1
3646	6	1
3647	6	1
3648	6	1
3649	52	1
3650	85	1
3651	75	1
3652	6	1
3653	0	1
3654	6	1
3655	6	1
3656	35	1
3657	93	1
3658	103	1
3659	40	1
3660	63	1
3661	19	1
3662	46	1
3663	16	1
3664	12	1
3665	155	1
3666	127	1
3667	156	1
3668	62	1
3669	157	1
3670	14	1
3671	11	1
3672	31	1
3673	71	1
3674	60	1
3675	66	1
3676	12	1
3677	82	1
3678	20	1
3679	75	1
3680	11	1
3681	19	1
3682	25	1
3683	31	1
3684	11	1
3685	66	1
3686	44	1
3687	84	1
3688	19	1
3689	19	1
3690	118	1
3691	40	1
3692	69	1
3693	61	1
3694	47	1
3695	88	1
3696	125	1
3697	122	1
3698	17	1
3699	93	1
3700	1	1
3701	25	1
3702	12	1
3703	16	1
3704	12	1
3705	68	1
3706	81	1
3707	3	1
3708	4	1
3709	52	1
3710	78	1
3711	24	1
3712	103	1
3713	46	1
3714	31	1
3715	4	1
3716	82	1
3717	24	1
3718	24	1
3719	102	1
3720	0	1
3721	12	1
3722	24	1
3723	46	1
3724	6	1
3725	12	1
3726	27	1
3727	12	1
3728	8	1
3729	12	1
3730	12	1
3731	83	1
3732	75	1
3733	84	1
3734	26	1
3735	27	1
3736	75	1
3737	40	1
3738	47	1
3739	42	1
3740	68	1
3741	84	1
3742	34	1
3743	3	1
3744	36	1
3745	8	1
3746	4	1
3747	12	1
3748	0	1
3749	33	1
3750	106	1
3751	24	1
3752	137	1
3753	84	1
3754	13	1
3755	22	1
3756	2	1
3757	49	1
3758	73	1
3759	6	1
3760	70	1
3761	0	1
3762	70	1
3763	49	1
3764	49	1
3765	46	1
3766	52	1
3767	31	1
3768	65	1
3769	61	1
3770	43	1
3771	18	1
3772	43	1
3773	2	1
3774	70	1
3775	10	1
3776	78	1
3777	71	1
3778	1	1
3779	72	1
3780	53	1
3781	35	1
3782	6	1
3783	35	1
3784	19	1
3785	6	1
3786	151	1
3787	100	1
3788	33	1
3789	64	1
3790	158	1
3791	0	1
3792	20	1
3793	44	1
3794	46	1
3795	24	1
3796	25	1
3797	6	1
3798	52	1
3799	11	1
3800	19	1
3801	103	1
3802	10	1
3803	46	1
3804	14	1
3805	6	1
3806	44	1
3807	121	1
3808	4	1
3809	78	1
3810	33	1
3811	32	1
3812	102	1
3813	33	1
3814	3	1
3815	22	1
3816	46	1
3817	11	1
3818	6	1
3819	46	1
3820	129	1
3821	103	1
3822	103	1
3823	158	1
3824	139	1
3825	81	1
3826	34	1
3827	35	1
3828	19	1
3829	38	1
3830	16	1
3831	4	1
3832	4	1
3833	68	1
3834	22	1
3835	88	1
3836	68	1
3837	53	1
3838	19	1
3839	10	1
3840	36	1
3841	41	1
3842	54	1
3843	56	1
3844	26	1
3845	25	1
3846	32	1
3847	16	1
3848	39	1
3849	8	1
3850	39	1
3851	53	1
3852	53	1
3853	102	1
3854	33	1
3855	98	1
3856	18	1
3857	41	1
3858	0	1
3859	41	1
3860	77	1
3861	31	1
3862	35	1
3863	9	1
3864	102	1
3865	115	1
3866	68	1
3867	68	1
3868	14	1
3869	6	1
3870	3	1
3871	19	1
3872	4	1
3873	19	1
3874	6	1
3875	13	1
3876	34	1
3877	68	1
3878	35	1
3879	6	1
3880	19	1
3881	13	1
3882	20	1
3883	31	1
3884	121	1
3885	2	1
3886	92	1
3887	1	1
3888	29	1
3889	46	1
3890	6	1
3891	6	1
3892	34	1
3893	103	1
3894	49	1
3895	4	1
3896	34	1
3897	49	1
3898	12	1
3899	58	1
3900	6	1
3901	70	1
3902	70	1
3903	2	1
3904	49	1
3905	35	1
3906	6	1
3907	4	1
3908	18	1
3909	23	1
3910	40	1
3911	34	1
3912	159	1
3913	6	1
3914	6	1
3915	3	1
3916	61	1
3917	13	1
3918	22	1
3919	18	1
3920	34	1
3921	55	1
3922	70	1
3923	34	1
3924	0	1
3925	0	1
3926	70	1
3927	92	1
3928	25	1
3929	19	1
3930	6	1
3931	94	1
3932	94	1
3933	88	1
3934	160	1
3935	25	1
3936	94	1
3937	94	1
3938	96	1
3939	36	1
3940	94	1
3941	94	1
3942	94	1
3943	94	1
3944	1	1
3945	49	1
3946	18	1
3947	106	1
3948	25	1
3949	49	1
3950	46	1
3951	12	1
3952	78	1
3953	13	1
3954	19	1
3955	4	1
3956	78	1
3957	41	1
3958	98	1
3959	46	1
3960	27	1
3961	27	1
3962	70	1
3963	70	1
3964	70	1
3965	0	1
3966	39	1
3967	54	1
3968	38	1
3969	16	1
3970	2	1
3971	122	1
3972	6	1
3973	27	1
3974	65	1
3975	27	1
3976	31	1
3977	21	1
3978	21	1
3979	75	1
3980	13	1
3981	13	1
3982	1	1
3983	12	1
3984	96	1
3985	102	1
3986	9	1
3987	77	1
3988	93	1
3989	96	1
3990	111	1
3991	54	1
3992	93	1
3993	28	1
3994	102	1
3995	98	1
3996	26	1
3997	61	1
3998	3	1
3999	9	1
4000	65	1
4001	10	1
4002	26	1
4003	19	1
4004	13	1
4005	68	1
4006	68	1
4007	102	1
4008	24	1
4009	0	1
4010	6	1
4011	12	1
4012	3	1
4013	12	1
4014	68	1
4015	27	1
4016	0	1
4017	139	1
4018	59	1
4019	12	1
4020	4	1
4021	3	1
4022	13	1
4023	34	1
4024	19	1
4025	35	1
4026	6	1
4027	103	1
4028	61	1
4029	34	1
4030	34	1
4031	34	1
4032	6	1
4033	70	1
4034	55	1
4035	9	1
4036	21	1
4037	54	1
4038	30	1
4039	81	1
4040	139	1
4041	16	1
4042	74	1
4043	103	1
4044	103	1
4045	33	1
4046	18	1
4047	18	1
4048	4	1
4049	4	1
4050	4	1
4051	34	1
4052	4	1
4053	4	1
4054	19	1
4055	11	1
4056	6	1
4057	4	1
4058	45	1
4059	46	1
4060	55	1
4061	70	1
4062	65	1
4063	2	1
4064	110	1
4065	62	1
4066	2	1
4067	25	1
4068	103	1
4069	38	1
4070	1	1
4071	74	1
4072	24	1
4073	1	1
4074	110	1
4075	46	1
4076	74	1
4077	34	1
4078	17	1
4079	77	1
4080	34	1
4081	17	1
4082	12	1
4083	2	1
4084	70	1
4085	4	1
4086	55	1
4087	17	1
4088	10	1
4089	0	1
4090	4	1
4091	68	1
4092	10	1
4093	44	1
4094	26	1
4095	12	1
4096	12	1
4097	12	1
4098	29	1
4099	5	1
4100	61	1
4101	68	1
4102	92	1
4103	49	1
4104	14	1
4105	4	1
4106	2	1
4107	14	1
4108	61	1
4109	1	1
4110	5	1
4111	66	1
4112	41	1
4113	19	1
4114	12	1
4115	11	1
4116	11	1
4117	5	1
4118	61	1
4119	98	1
4120	31	1
4121	1	1
4122	34	1
4123	46	1
4124	24	1
4125	110	1
4126	46	1
4127	35	1
4128	6	1
4129	103	1
4130	4	1
4131	6	1
4132	33	1
4133	35	1
4134	6	1
4135	66	1
4136	0	1
4137	33	1
4138	33	1
4139	33	1
4140	33	1
4141	33	1
4142	35	1
4143	30	1
4144	19	1
4145	9	1
4146	74	1
4147	4	1
4148	12	1
4149	30	1
4150	21	1
4151	68	1
4152	4	1
4153	13	1
4154	4	1
4155	17	1
4156	52	1
4157	1	1
4158	46	1
4159	4	1
4160	103	1
4161	103	1
4162	98	1
4163	18	1
4164	12	1
4165	6	1
4166	12	1
4167	12	1
4168	71	1
4169	19	1
4170	102	1
4171	67	1
4172	18	1
4173	103	1
4174	4	1
4175	4	1
4176	33	1
4177	33	1
4178	103	1
4179	35	1
4180	12	1
4181	12	1
4182	12	1
4183	6	1
4184	6	1
4185	46	1
4186	18	1
4187	12	1
4188	88	1
4189	4	1
4190	4	1
4191	4	1
4192	4	1
4193	4	1
4194	4	1
4195	102	1
4196	33	1
4197	4	1
4198	19	1
4199	4	1
4200	18	1
4201	4	1
4202	19	1
4203	102	1
4204	69	1
4205	35	1
4206	96	1
4207	4	1
4208	4	1
4209	6	1
4210	4	1
4211	46	1
4212	6	1
4213	62	1
4214	103	1
4215	12	1
4216	34	1
4217	19	1
4218	6	1
4219	33	1
4220	6	1
4221	45	1
4222	93	1
4223	4	1
4224	46	1
4225	19	1
4226	103	1
4227	33	1
4228	30	1
4229	40	1
4230	127	1
4231	6	1
4232	106	1
4233	46	1
4234	34	1
4235	4	1
4236	4	1
4237	6	1
4238	6	1
4239	45	1
4240	2	1
4241	150	1
4242	33	1
4243	71	1
4244	18	1
4245	19	1
4246	1	1
4247	6	1
4248	35	1
4249	134	1
4250	103	1
4251	34	1
4252	27	1
4253	33	1
4254	26	1
4255	110	1
4256	52	1
4257	6	1
4258	2	1
4259	12	1
4260	37	1
4261	34	1
4262	6	1
4263	34	1
4264	6	1
4265	48	1
4266	83	1
4267	6	1
4268	8	1
4269	52	1
4270	35	1
4271	102	1
4272	4	1
4273	6	1
4274	6	1
4275	125	1
4276	103	1
4277	98	1
4278	10	1
4279	102	1
4280	34	1
4281	78	1
4282	0	1
4283	12	1
4284	44	1
4285	84	1
4286	26	1
4287	17	1
4288	12	1
4289	52	1
4290	11	1
4291	1	1
4292	30	1
4293	4	1
4294	1	1
4295	12	1
4296	6	1
4297	17	1
4298	46	1
4299	33	1
4300	2	1
4301	102	1
4302	46	1
4303	92	1
4304	61	1
4305	41	1
4306	62	1
4307	146	1
4308	132	1
4309	19	1
4310	4	1
4311	13	1
4312	19	1
4313	30	1
4314	146	1
4315	146	1
4316	33	1
4317	103	1
4318	13	1
4319	81	1
4320	6	1
4321	35	1
4322	12	1
4323	40	1
4324	42	1
4325	2	1
4326	12	1
4327	122	1
4328	4	1
4329	84	1
4330	18	1
4331	11	1
4332	65	1
4333	65	1
4334	19	1
4335	74	1
4336	36	1
4337	9	1
4338	4	1
4339	37	1
4340	16	1
4341	2	1
4342	13	1
4343	38	1
4344	17	1
4345	17	1
4346	32	1
4347	4	1
4348	12	1
4349	3	1
4350	19	1
4351	12	1
4352	9	1
4353	2	1
4354	35	1
4355	65	1
4356	4	1
4357	2	1
4358	4	1
4359	62	1
4360	74	1
4361	19	1
4362	3	1
4363	65	1
4364	41	1
4365	70	1
4366	4	1
4367	4	1
4368	14	1
4369	9	1
4370	27	1
4371	18	1
4372	16	1
4373	44	1
4374	18	1
4375	21	1
4376	42	1
4377	18	1
4378	4	1
4379	27	1
4380	34	1
4381	28	1
4382	65	1
4383	44	1
4384	3	1
4385	93	1
4386	42	1
4387	16	1
4388	19	1
4389	25	1
4390	74	1
4391	10	1
4392	49	1
4393	58	1
4394	56	1
4395	52	1
4396	30	1
4397	16	1
4398	40	1
4399	56	1
4400	29	1
4401	6	1
4402	19	1
4403	72	1
4404	47	1
4405	38	1
4406	1	1
4407	7	1
4408	2	1
4409	49	1
4410	67	1
4411	106	1
4412	85	1
4413	18	1
4414	18	1
4415	8	1
4416	35	1
4417	38	1
4418	40	1
4419	29	1
4420	52	1
4421	93	1
4422	4	1
4423	52	1
4424	6	1
4425	81	1
4426	6	1
4427	44	1
4428	42	1
4429	30	1
4430	44	1
4431	12	1
4432	52	1
4433	40	1
4434	44	1
4435	29	1
4436	54	1
4437	67	1
4438	101	1
4439	40	1
4440	63	1
4441	61	1
4442	6	1
4443	6	1
4444	6	1
4445	63	1
4446	10	1
4447	31	1
4448	29	1
4449	24	1
4450	62	1
4451	25	1
4452	68	1
4453	19	1
4454	6	1
4455	11	1
4456	68	1
4457	61	1
4458	11	1
4459	61	1
4460	63	1
4461	66	1
4462	7	1
4463	7	1
4464	4	1
4465	81	1
4466	55	1
4467	29	1
4468	6	1
4469	16	1
4470	71	1
4471	29	1
4472	11	1
4473	61	1
4474	61	1
4475	63	1
4476	19	1
4477	35	1
4478	44	1
4479	2	1
4480	10	1
4481	13	1
4482	52	1
4483	4	1
4484	25	1
4485	74	1
4486	110	1
4487	34	1
4488	122	1
4489	4	1
4490	4	1
4491	19	1
4492	7	1
4493	31	1
4494	4	1
4495	11	1
4496	29	1
4497	19	1
4498	93	1
4499	78	1
4500	19	1
4501	61	1
4502	4	1
4503	2	1
4504	46	1
4505	52	1
4506	6	1
4507	40	1
4508	4	1
4509	4	1
4510	70	1
4511	4	1
4512	22	1
4513	18	1
4514	38	1
4515	70	1
4516	2	1
4517	1	1
4518	103	1
4519	42	1
4520	78	1
4521	161	1
4522	70	1
4523	57	1
4524	22	1
4525	52	1
4526	72	1
4527	3	1
4528	115	1
4529	34	1
4530	41	1
4531	68	1
4532	84	1
4533	4	1
4534	6	1
4535	14	1
4536	76	1
4537	34	1
4538	90	1
4539	6	1
4540	16	1
4541	29	1
4542	75	1
4543	39	1
4544	77	1
4545	40	1
4546	34	1
4547	1	1
4548	42	1
4549	0	1
4550	1	1
4551	16	1
4552	45	1
4553	16	1
4554	4	1
4555	4	1
4556	91	1
4557	19	1
4558	19	1
4559	69	1
4560	19	1
4561	4	1
4562	76	1
4563	77	1
4564	4	1
4565	69	1
4566	1	1
4567	16	1
4568	78	1
4569	16	1
4570	54	1
4571	3	1
4572	84	1
4573	31	1
4574	60	1
4575	14	1
4576	79	1
4577	93	1
4578	93	1
4579	84	1
4580	62	1
4581	52	1
4582	84	1
4583	78	1
4584	14	1
4585	74	1
4586	38	1
4587	40	1
4588	100	1
4589	60	1
4590	24	1
4591	134	1
4592	4	1
4593	83	1
4594	82	1
4595	49	1
4596	134	1
4597	83	1
4598	8	1
4599	11	1
4600	40	1
4601	64	1
4602	72	1
4603	14	1
4604	6	1
4605	4	1
4606	36	1
4607	63	1
4608	71	1
4609	25	1
4610	29	1
4611	115	1
4612	101	1
4613	162	1
4614	60	1
4615	101	1
4616	33	1
4617	41	1
4618	6	1
4619	49	1
4620	41	1
4621	15	1
4622	71	1
4623	103	1
4624	12	1
4625	25	1
4626	18	1
4627	54	1
4628	25	1
4629	97	1
4630	24	1
4631	6	1
4632	49	1
4633	12	1
4634	61	1
4635	24	1
4636	33	1
4637	68	1
4638	6	1
4639	102	1
4640	52	1
4641	1	1
4642	4	1
4643	37	1
4644	18	1
4645	40	1
4646	74	1
4647	3	1
4648	39	1
4649	13	1
4650	16	1
4651	0	1
4652	1	1
4653	3	1
4654	38	1
4655	60	1
4656	40	1
4657	38	1
4658	39	1
4659	45	1
4660	56	1
4661	6	1
4662	15	1
4663	60	1
4664	4	1
4665	12	1
4666	25	1
4667	40	1
4668	67	1
4669	1	1
4670	81	1
4671	10	1
4672	26	1
4673	26	1
4674	77	1
4675	52	1
4676	4	1
4677	4	1
4678	47	1
4679	11	1
4680	47	1
4681	125	1
4682	6	1
4683	54	1
4684	31	1
4685	44	1
4686	79	1
4687	60	1
4688	3	1
4689	22	1
4690	47	1
4691	35	1
4692	12	1
4693	4	1
4694	137	1
4695	3	1
4696	43	1
4697	48	1
4698	103	1
4699	6	1
4700	117	1
4701	71	1
4702	44	1
4703	34	1
4704	88	1
4705	36	1
4706	44	1
4707	98	1
4708	16	1
4709	60	1
4710	3	1
4711	23	1
4712	38	1
4713	137	1
4714	5	1
4715	1	1
4716	26	1
4717	24	1
4718	30	1
4719	54	1
4720	56	1
4721	14	1
4722	42	1
4723	84	1
4724	83	1
4725	14	1
4726	77	1
4727	96	1
4728	16	1
4729	90	1
4730	37	1
4731	6	1
4732	6	1
4733	35	1
4734	36	1
4735	143	1
4736	19	1
4737	3	1
4738	22	1
4739	55	1
4740	103	1
4741	41	1
4742	48	1
4743	11	1
4744	19	1
4745	6	1
4746	1	1
4747	48	1
4748	39	1
4749	42	1
4750	76	1
4751	48	1
4752	52	1
4753	23	1
4754	71	1
4755	23	1
4756	44	1
4757	122	1
4758	75	1
4759	52	1
4760	4	1
4761	68	1
4762	82	1
4763	35	1
4764	84	1
4765	70	1
4766	37	1
4767	59	1
4768	84	1
4769	29	1
4770	111	1
4771	127	1
4772	82	1
4773	82	1
4774	35	1
4775	25	1
4776	25	1
4777	34	1
4778	131	1
4779	43	1
4780	18	1
4781	53	1
4782	2	1
4783	19	1
4784	54	1
4785	55	1
4786	45	1
4787	85	1
4788	55	1
4789	19	1
4790	4	1
4791	2	1
4792	42	1
4793	35	1
4794	11	1
4795	69	1
4796	6	1
4797	4	1
4798	22	1
4799	1	1
4800	163	1
4801	4	1
4802	76	1
4803	13	1
4804	1	1
4805	48	1
4806	16	1
4807	9	1
4808	139	1
4809	6	1
4810	47	1
4811	98	1
4812	12	1
4813	47	1
4814	36	1
4815	44	1
4816	25	1
4817	62	1
4818	35	1
4819	1	1
4820	4	1
4821	122	1
4822	49	1
4823	41	1
4824	37	1
4825	84	1
4826	92	1
4827	57	1
4828	77	1
4829	4	1
4830	4	1
4831	4	1
4832	14	1
4833	11	1
4834	19	1
4835	78	1
4836	6	1
4837	77	1
4838	42	1
4839	42	1
4840	60	1
4841	52	1
4842	101	1
4843	29	1
4844	60	1
4845	27	1
4846	42	1
4847	56	1
4848	16	1
4849	118	1
4850	27	1
4851	19	1
4852	22	1
4853	25	1
4854	39	1
4855	0	1
4856	39	1
4857	35	1
4858	103	1
4859	54	1
4860	35	1
4861	34	1
4862	103	1
4863	96	1
4864	6	1
4865	35	1
4866	27	1
4867	6	1
4868	34	1
4869	34	1
4870	55	1
4871	103	1
4872	77	1
4873	164	1
4874	93	1
4875	6	1
4876	35	1
4877	75	1
4878	12	1
4879	12	1
4880	34	1
4881	22	1
4882	6	1
4883	1	1
4884	77	1
4885	96	1
4886	4	1
4887	103	1
4888	27	1
4889	98	1
4890	39	1
4891	56	1
4892	78	1
4893	22	1
4894	69	1
4895	17	1
4896	37	1
4897	34	1
4898	27	1
4899	103	1
4900	50	1
4901	4	1
4902	7	1
4903	18	1
4904	2	1
4905	27	1
4906	35	1
4907	22	1
4908	70	1
4909	54	1
4910	22	1
4911	1	1
4912	4	1
4913	19	1
4914	32	1
4915	0	1
4916	42	1
4917	103	1
4918	32	1
4919	19	1
4920	78	1
4921	32	1
4922	34	1
4923	34	1
4924	34	1
4925	103	1
4926	22	1
4927	42	1
4928	35	1
4929	0	1
4930	82	1
4931	40	1
4932	35	1
4933	4	1
4934	1	1
4935	19	1
4936	4	1
4937	22	1
4938	49	1
4939	49	1
4940	31	1
4941	52	1
4942	7	1
4943	2	1
4944	58	1
4945	14	1
4946	31	1
4947	8	1
4948	5	1
4949	47	1
4950	45	1
4951	13	1
4952	4	1
4953	49	1
4954	14	1
4955	24	1
4956	12	1
4957	44	1
4958	7	1
4959	66	1
4960	62	1
4961	10	1
4962	36	1
4963	103	1
4964	38	1
4965	14	1
4966	19	1
4967	12	1
4968	70	1
4969	12	1
4970	70	1
4971	12	1
4972	11	1
4973	81	1
4974	30	1
4975	63	1
4976	54	1
4977	103	1
4978	6	1
4979	2	1
4980	63	1
4981	103	1
4982	0	1
4983	34	1
4984	25	1
4985	96	1
4986	11	1
4987	11	1
4988	6	1
4989	2	1
4990	56	1
4991	139	1
4992	6	1
4993	78	1
4994	2	1
4995	6	1
4996	6	1
4997	19	1
4998	13	1
4999	38	1
5000	8	1
5001	54	1
5002	52	1
5003	8	1
5004	159	1
5005	3	1
5006	55	1
5007	37	1
5008	50	1
5009	116	1
5010	68	1
5011	1	1
5012	52	1
5013	54	1
5014	52	1
5015	20	1
5016	78	1
5017	6	1
5018	103	1
5019	13	1
5020	0	1
5021	34	1
5022	31	1
5023	1	1
5024	49	1
5025	31	1
5026	68	1
5027	49	1
5028	69	1
5029	49	1
5030	4	1
5031	4	1
5032	4	1
5033	1	1
5034	4	1
5035	53	1
5036	67	1
5037	85	1
5038	8	1
5039	7	1
5040	1	1
5041	19	1
5042	17	1
5043	165	1
5044	23	1
5045	7	1
5046	8	1
5047	139	1
5048	13	1
5049	16	1
5050	16	1
5051	7	1
5052	35	1
5053	62	1
5054	19	1
5055	4	1
5056	117	1
5057	0	1
5058	4	1
5059	1	1
5060	4	1
5061	6	1
5062	6	1
5063	4	1
5064	25	1
5065	102	1
5066	36	1
5067	35	1
5068	6	1
5069	160	1
5070	35	1
5071	34	1
5072	117	1
5073	4	1
5074	4	1
5075	102	1
5076	4	1
5077	22	1
5078	18	1
5079	13	1
5080	75	1
5081	19	1
5082	6	1
5083	78	1
5084	84	1
5085	73	1
5086	49	1
5087	34	1
5088	20	1
5089	48	1
5090	21	1
5091	26	1
5092	11	1
5093	42	1
5094	49	1
5095	23	1
5096	19	1
5097	4	1
5098	4	1
5099	4	1
5100	45	1
5101	49	1
5102	52	1
5103	4	1
5104	4	1
5105	44	1
5106	40	1
5107	12	1
5108	65	1
5109	4	1
5110	53	1
5111	44	1
5112	19	1
5113	30	1
5114	43	1
5115	77	1
5116	22	1
5117	106	1
5118	50	1
5119	21	1
5120	16	1
5121	68	1
5122	68	1
5123	65	1
5124	74	1
5125	2	1
5126	2	1
5127	68	1
5128	68	1
5129	16	1
5130	8	1
5131	68	1
5132	17	1
5133	12	1
5134	68	1
5135	53	1
5136	49	1
5137	61	1
5138	14	1
5139	37	1
5140	96	1
5141	18	1
5142	8	1
5143	40	1
5144	35	1
5145	13	1
5146	4	1
5147	44	1
5148	40	1
5149	109	1
5150	115	1
5151	90	1
5152	54	1
5153	116	1
5154	24	1
5155	13	1
5156	81	1
5157	14	1
5158	83	1
5159	102	1
5160	19	1
5161	11	1
5162	41	1
5163	115	1
5164	55	1
5165	28	1
5166	115	1
5167	88	1
5168	28	1
5169	83	1
5170	62	1
5171	106	1
5172	83	1
5173	115	1
5174	106	1
5175	22	1
5176	26	1
5177	20	1
5178	12	1
5179	5	1
5180	40	1
5181	12	1
5182	37	1
5183	76	1
5184	88	1
5185	34	1
5186	73	1
5187	60	1
5188	81	1
5189	77	1
5190	40	1
5191	70	1
5192	4	1
5193	41	1
5194	33	1
5195	83	1
5196	19	1
5197	30	1
5198	94	1
5199	1	1
5200	103	1
5201	20	1
5202	35	1
5203	25	1
5204	41	1
5205	154	1
5206	70	1
5207	18	1
5208	77	1
5209	144	1
5210	2	1
5211	52	1
5212	39	1
5213	103	1
5214	79	1
5215	36	1
5216	41	1
5217	166	1
5218	6	1
5219	41	1
5220	78	1
5221	11	1
5222	4	1
5223	78	1
5224	129	1
5225	70	1
5226	158	1
5227	127	1
5228	35	1
5229	53	1
5230	167	1
5231	6	1
5232	93	1
5233	8	1
5234	8	1
5235	37	1
5236	6	1
5237	70	1
5238	17	1
5239	6	1
5240	68	1
5241	103	1
5242	134	1
5243	7	1
5244	6	1
5245	68	1
5246	11	1
5247	16	1
5248	7	1
5249	100	1
5250	84	1
5251	39	1
5252	68	1
5253	145	1
5254	17	1
5255	74	1
5256	42	1
5257	125	1
5258	31	1
5259	34	1
5260	6	1
5261	49	1
5262	82	1
5263	98	1
5264	110	1
5265	26	1
5266	53	1
5267	60	1
5268	2	1
5269	75	1
5270	84	1
5271	37	1
5272	60	1
5273	84	1
5274	7	1
5275	93	1
5276	84	1
5277	88	1
5278	82	1
5279	75	1
5280	129	1
5281	35	1
5282	36	1
5283	68	1
5284	54	1
5285	36	1
5286	3	1
5287	60	1
5288	40	1
5289	6	1
5290	19	1
5291	4	1
5292	50	1
5293	65	1
5294	121	1
5295	158	1
5296	44	1
5297	37	1
5298	19	1
5299	77	1
5300	10	1
5301	19	1
5302	56	1
5303	82	1
5304	55	1
5305	25	1
5306	77	1
5307	17	1
5308	46	1
5309	69	1
5310	82	1
5311	109	1
5312	25	1
5313	19	1
5314	36	1
5315	55	1
5316	88	1
5317	88	1
5318	37	1
5319	137	1
5320	34	1
5321	19	1
5322	52	1
5323	6	1
5324	91	1
5325	30	1
5326	12	1
5327	6	1
5328	34	1
5329	82	1
5330	16	1
5331	56	1
5332	2	1
5333	49	1
5334	2	1
5335	56	1
5336	135	1
5337	8	1
5338	34	1
5339	6	1
5340	70	1
5341	56	1
5342	35	1
5343	49	1
5344	78	1
5345	0	1
5346	91	1
5347	30	1
5348	19	1
5349	12	1
5350	89	1
5351	34	1
5352	8	1
5353	87	1
5354	17	1
5355	56	1
5356	2	1
5357	52	1
5358	46	1
5359	79	1
5360	2	1
5361	77	1
5362	103	1
5363	27	1
5364	78	1
5365	6	1
5366	4	1
5367	44	1
5368	6	1
5369	3	1
5370	135	1
5371	135	1
5372	46	1
5373	103	1
5374	103	1
5375	14	1
5376	22	1
5377	13	1
5378	27	1
5379	137	1
5380	22	1
5381	46	1
5382	70	1
5383	84	1
5384	4	1
5385	78	1
5386	31	1
5387	115	1
5388	21	1
5389	94	1
5390	4	1
5391	13	1
5392	65	1
5393	41	1
5394	1	1
5395	12	1
5396	63	1
5397	85	1
5398	49	1
5399	12	1
5400	9	1
5401	40	1
5402	34	1
5403	30	1
5404	19	1
5405	6	1
5406	31	1
5407	1	1
5408	41	1
5409	17	1
5410	54	1
5411	56	1
5412	45	1
5413	18	1
5414	85	1
5415	34	1
5416	1	1
5417	62	1
5418	78	1
5419	129	1
5420	85	1
5421	55	1
5422	103	1
5423	6	1
5424	35	1
5425	42	1
5426	103	1
5427	17	1
5428	35	1
5429	85	1
5430	12	1
5431	1	1
5432	19	1
5433	3	1
5434	34	1
5435	17	1
5436	9	1
5437	6	1
5438	61	1
5439	70	1
5440	52	1
5441	6	1
5442	46	1
5443	6	1
5444	6	1
5445	6	1
5446	103	1
5447	103	1
5448	3	1
5449	3	1
5450	151	1
5451	41	1
5452	34	1
5453	34	1
5454	45	1
5455	2	1
5456	65	1
5457	34	1
5458	70	1
5459	103	1
5460	78	1
5461	79	1
5462	103	1
5463	16	1
5464	12	1
5465	41	1
5466	30	1
5467	75	1
5468	63	1
5469	44	1
5470	0	1
5471	103	1
5472	139	1
5473	3	1
5474	6	1
5475	13	1
5476	52	1
5477	4	1
5478	71	1
5479	125	1
5480	52	1
5481	87	1
5482	19	1
5483	16	1
5484	103	1
5485	1	1
5486	0	1
5487	127	1
5488	33	1
5489	103	1
5490	1	1
5491	103	1
5492	0	1
5493	6	1
5494	148	1
5495	4	1
5496	135	1
5497	0	1
5498	46	1
5499	6	1
5500	109	1
5501	42	1
5502	136	1
5503	37	1
5504	103	1
5505	137	1
5506	69	1
5507	65	1
5508	4	1
5509	24	1
5510	10	1
5511	50	1
5512	35	1
5513	18	1
5514	41	1
5515	68	1
5516	68	1
5517	68	1
5518	8	1
5519	35	1
5520	85	1
5521	61	1
5522	33	1
5523	35	1
5524	52	1
5525	78	1
5526	59	1
5527	2	1
5528	52	1
5529	62	1
5530	15	1
5531	79	1
5532	79	1
5533	110	1
5534	84	1
5535	84	1
5536	70	1
5537	139	1
5538	117	1
5539	1	1
5540	84	1
5541	68	1
5542	84	1
5543	85	1
5544	84	1
5545	30	1
5546	10	1
5547	40	1
5548	19	1
5549	56	1
5550	19	1
5551	6	1
5552	65	1
5553	12	1
5554	27	1
5555	16	1
5556	36	1
5557	18	1
5558	19	1
5559	43	1
5560	39	1
5561	19	1
5562	122	1
5563	55	1
5564	8	1
5565	19	1
5566	39	1
5567	19	1
5568	56	1
5569	25	1
5570	56	1
5571	45	1
5572	4	1
5573	6	1
5574	19	1
5575	6	1
5576	1	1
5577	138	1
5578	34	1
5579	61	1
5580	35	1
5581	3	1
5582	83	1
5583	19	1
5584	70	1
5585	78	1
5586	37	1
5587	25	1
5588	34	1
5589	34	1
5590	52	1
5591	14	1
5592	84	1
5593	4	1
5594	26	1
5595	84	1
5596	84	1
5597	84	1
5598	18	1
5599	6	1
5600	1	1
5601	70	1
5602	34	1
5603	25	1
5604	6	1
5605	30	1
5606	63	1
5607	62	1
5608	49	1
5609	30	1
5610	12	1
5611	10	1
5612	4	1
5613	19	1
5614	1	1
5615	25	1
5616	12	1
5617	4	1
5618	7	1
5619	2	1
5620	79	1
5621	33	1
5622	52	1
5623	4	1
5624	25	1
5625	2	1
5626	6	1
5627	8	1
5628	97	1
5629	38	1
5630	9	1
5631	2	1
5632	16	1
5633	12	1
5634	63	1
5635	34	1
5636	16	1
5637	47	1
5638	4	1
5639	2	1
5640	2	1
5641	1	1
5642	2	1
5643	39	1
5644	2	1
5645	84	1
5646	86	1
5647	34	1
5648	17	1
5649	44	1
5650	3	1
5651	12	1
5652	1	1
5653	2	1
5654	12	1
5655	38	1
5656	41	1
5657	102	1
5658	93	1
5659	72	1
5660	6	1
5661	13	1
5662	36	1
5663	93	1
5664	29	1
5665	127	1
5666	32	1
5667	65	1
5668	94	1
5669	4	1
5670	29	1
5671	32	1
5672	98	1
5673	36	1
5674	97	1
5675	82	1
5676	36	1
5677	0	1
5678	22	1
5679	68	1
5680	138	1
5681	137	1
5682	70	1
5683	7	1
5684	25	1
5685	129	1
5686	33	1
5687	152	1
5688	56	1
5689	3	1
5690	102	1
5691	6	1
5692	49	1
5693	50	1
5694	6	1
5695	18	1
5696	4	1
5697	19	1
5698	85	1
5699	99	1
5700	117	1
5701	19	1
5702	74	1
5703	109	1
5704	103	1
5705	6	1
5706	16	1
5707	55	1
5708	1	1
5709	19	1
5710	14	1
5711	14	1
5712	4	1
5713	1	1
5714	56	1
5715	98	1
5716	54	1
5717	139	1
5718	56	1
5719	54	1
5720	17	1
5721	1	1
5722	25	1
5723	29	1
5724	0	1
5725	51	1
5726	4	1
5727	51	1
5728	6	1
5729	6	1
5730	70	1
5731	6	1
5732	77	1
5733	27	1
5734	35	1
5735	3	1
5736	61	1
5737	135	1
5738	26	1
5739	72	1
5740	6	1
5741	52	1
5742	6	1
5743	2	1
5744	103	1
5745	76	1
5746	81	1
5747	12	1
5748	68	1
5749	12	1
5750	12	1
5751	44	1
5752	65	1
5753	41	1
5754	44	1
5755	4	1
5756	74	1
5757	77	1
5758	168	1
5759	15	1
5760	71	1
5761	34	1
5762	35	1
5763	98	1
5764	18	1
5765	35	1
5766	4	1
5767	4	1
5768	8	1
5769	4	1
5770	35	1
5771	1	1
5772	4	1
5773	98	1
5774	35	1
5775	18	1
5776	27	1
5777	18	1
5778	4	1
5779	4	1
5780	47	1
5781	56	1
5782	94	1
5783	54	1
5784	60	1
5785	25	1
5786	82	1
5787	34	1
5788	41	1
5789	70	1
5790	70	1
5791	18	1
5792	30	1
5793	68	1
5794	56	1
5795	74	1
5796	68	1
5797	3	1
5798	30	1
5799	19	1
5800	35	1
5801	50	1
5802	98	1
5803	6	1
5804	37	1
5805	6	1
5806	19	1
5807	3	1
5808	83	1
5809	30	1
5810	25	1
5811	35	1
5812	29	1
5813	35	1
5814	30	1
5815	39	1
5816	124	1
5817	93	1
5818	19	1
5819	19	1
5820	34	1
5821	35	1
5822	40	1
5823	8	1
5824	49	1
5825	19	1
5826	34	1
5827	68	1
5828	73	1
5829	65	1
5830	62	1
5831	67	1
5832	11	1
5833	25	1
5834	6	1
5835	42	1
5836	19	1
5837	42	1
5838	98	1
5839	39	1
5840	50	1
5841	19	1
5842	131	1
5843	24	1
5844	6	1
5845	56	1
5846	18	1
5847	6	1
5848	35	1
5849	6	1
5850	6	1
5851	3	1
5852	46	1
5853	98	1
5854	88	1
5855	109	1
5856	103	1
5857	103	1
5858	46	1
5859	62	1
5860	100	1
5861	55	1
5862	78	1
5863	42	1
5864	6	1
5865	46	1
5866	6	1
5867	108	1
5868	169	1
5869	46	1
5870	96	1
5871	39	1
5872	4	1
5873	60	1
5874	4	1
5875	41	1
5876	45	1
5877	24	1
5878	82	1
5879	69	1
5880	4	1
5881	72	1
5882	93	1
5883	31	1
5884	46	1
5885	46	1
5886	6	1
5887	102	1
5888	19	1
5889	8	1
5890	42	1
5891	46	1
5892	52	1
5893	45	1
5894	25	1
5895	56	1
5896	78	1
5897	6	1
5898	0	1
5899	29	1
5900	6	1
5901	96	1
5902	42	1
5903	27	1
5904	78	1
5905	27	1
5906	27	1
5907	49	1
5908	31	1
5909	109	1
5910	4	1
5911	70	1
5912	0	1
5913	2	1
5914	52	1
5915	107	1
5916	46	1
5917	78	1
5918	35	1
5919	14	1
5920	25	1
5921	69	1
5922	78	1
5923	42	1
5924	6	1
5925	35	1
5926	35	1
5927	3	1
5928	21	1
5929	76	1
5930	1	1
5931	1	1
5932	35	1
5933	6	1
5934	56	1
5935	1	1
5936	1	1
5937	4	1
5938	2	1
5939	55	1
5940	25	1
5941	56	1
5942	1	1
5943	4	1
5944	62	1
5945	19	1
5946	37	1
5947	35	1
5948	77	1
5949	42	1
5950	22	1
5951	11	1
5952	49	1
5953	2	1
5954	84	1
5955	88	1
5956	4	1
5957	20	1
5958	24	1
5959	44	1
5960	3	1
5961	9	1
5962	11	1
5963	0	1
5964	0	1
5965	70	1
5966	52	1
5967	17	1
5968	55	1
5969	54	1
5970	29	1
5971	56	1
5972	19	1
5973	53	1
5974	4	1
5975	69	1
5976	6	1
5977	6	1
5978	19	1
5979	34	1
5980	103	1
5981	69	1
5982	77	1
5983	109	1
5984	20	1
5985	98	1
5986	40	1
5987	17	1
5988	16	1
5989	98	1
5990	140	1
5991	39	1
5992	18	1
5993	42	1
5994	53	1
5995	4	1
5996	6	1
5997	19	1
5998	69	1
5999	1	1
6000	34	1
6001	19	1
6002	19	1
6003	6	1
6004	52	1
6005	34	1
6006	139	1
6007	52	1
6008	98	1
6009	30	1
6010	30	1
6011	34	1
6012	19	1
6013	85	1
6014	49	1
6015	29	1
6016	29	1
6017	4	1
6018	22	1
6019	6	1
6020	6	1
6021	1	1
6022	103	1
6023	103	1
6024	6	1
6025	4	1
6026	138	1
6027	4	1
6028	34	1
6029	98	1
6030	69	1
6031	35	1
6032	22	1
6033	35	1
6034	19	1
6035	1	1
6036	30	1
6037	46	1
6038	35	1
6039	34	1
6040	34	1
6041	52	1
6042	46	1
6043	34	1
6044	31	1
6045	49	1
6046	62	1
6047	56	1
6048	29	1
6049	32	1
6050	54	1
6051	77	1
6052	70	1
6053	56	1
6054	18	1
6055	29	1
6056	96	1
6057	140	1
6058	52	1
6059	63	1
6060	6	1
6061	75	1
6062	49	1
6063	30	1
6064	6	1
6065	170	1
6066	63	1
6067	42	1
6068	52	1
6069	30	1
6070	46	1
6071	3	1
6072	22	1
6073	52	1
6074	6	1
6075	35	1
6076	6	1
6077	52	1
6078	4	1
6079	2	1
6080	6	1
6081	3	1
6082	19	1
6083	40	1
6084	34	1
6085	22	1
6086	6	1
6087	39	1
6088	46	1
6089	19	1
6090	45	1
6091	37	1
6092	66	1
6093	106	1
6094	56	1
6095	4	1
6096	45	1
6097	9	1
6098	21	1
6099	2	1
6100	93	1
6101	19	1
6102	3	1
6103	19	1
6104	98	1
6105	2	1
6106	170	1
6107	19	1
6108	30	1
6109	6	1
6110	19	1
6111	17	1
6112	1	1
6113	1	1
6114	6	1
6115	34	1
6116	19	1
6117	30	1
6118	19	1
6119	35	1
6120	34	1
6121	6	1
6122	139	1
6123	1	1
6124	103	1
6125	49	1
6126	35	1
6127	4	1
6128	4	1
6129	6	1
6130	34	1
6131	36	1
6132	54	1
6133	34	1
6134	103	1
6135	29	1
6136	36	1
6137	34	1
6138	37	1
6139	13	1
6140	34	1
6141	60	1
6142	11	1
6143	50	1
6144	66	1
6145	9	1
6146	103	1
6147	93	1
6148	8	1
6149	82	1
6150	70	1
6151	7	1
6152	4	1
6153	103	1
6154	22	1
6155	72	1
6156	1	1
6157	74	1
6158	10	1
6159	30	1
6160	140	1
6161	35	1
6162	48	1
6163	2	1
6164	44	1
6165	19	1
6166	52	1
6167	11	1
6168	6	1
6169	46	1
6170	52	1
6171	22	1
6172	52	1
6173	35	1
6174	52	1
6175	12	1
6176	14	1
6177	6	1
6178	103	1
6179	103	1
6180	31	1
6181	96	1
6182	34	1
6183	34	1
6184	50	1
6185	103	1
6186	103	1
6187	8	1
6188	158	1
6189	34	1
6190	93	1
6191	39	1
6192	30	1
6193	34	1
6194	6	1
6195	33	1
6196	2	1
6197	103	1
6198	4	1
6199	56	1
6200	4	1
6201	48	1
6202	33	1
6203	34	1
6204	117	1
6205	6	1
6206	46	1
6207	6	1
6208	22	1
6209	78	1
6210	19	1
6211	19	1
6212	1	1
6213	65	1
6214	21	1
6215	9	1
6216	6	1
6217	4	1
6218	86	1
6219	4	1
6220	46	1
6221	3	1
6222	74	1
6223	81	1
6224	79	1
6225	74	1
6226	74	1
6227	19	1
6228	34	1
6229	61	1
6230	79	1
6231	2	1
6232	34	1
6233	41	1
6234	46	1
6235	53	1
6236	139	1
6237	8	1
6238	34	1
6239	34	1
6240	17	1
6241	34	1
6242	33	1
6243	4	1
6244	23	1
6245	38	1
6246	48	1
6247	33	1
6248	29	1
6249	93	1
6250	55	1
6251	117	1
6252	103	1
6253	34	1
6254	8	1
6255	69	1
6256	103	1
6257	3	1
6258	103	1
6259	34	1
6260	34	1
6261	77	1
6262	34	1
6263	17	1
6264	33	1
6265	63	1
6266	79	1
6267	4	1
6268	23	1
6269	61	1
6270	30	1
6271	30	1
6272	103	1
6273	17	1
6274	11	1
6275	16	1
6276	124	1
6277	37	1
6278	124	1
6279	102	1
6280	50	1
6281	40	1
6282	34	1
6283	7	1
6284	24	1
6285	10	1
6286	2	1
6287	103	1
6288	25	1
6289	34	1
6290	47	1
6291	2	1
6292	79	1
6293	102	1
6294	53	1
6295	122	1
6296	4	1
6297	4	1
6298	33	1
6299	45	1
6300	46	1
6301	4	1
6302	4	1
6303	30	1
6304	2	1
6305	52	1
6306	34	1
6307	19	1
6308	4	1
6309	34	1
6310	6	1
6311	7	1
6312	39	1
6313	47	1
6314	41	1
6315	122	1
6316	39	1
6317	1	1
6318	34	1
6319	30	1
6320	122	1
6321	12	1
6322	72	1
6323	13	1
6324	55	1
6325	34	1
6326	30	1
6327	43	1
6328	1	1
6329	110	1
6330	139	1
6331	61	1
6332	4	1
6333	6	1
6334	34	1
6335	103	1
6336	34	1
6337	47	1
6338	3	1
6339	46	1
6340	110	1
6341	33	1
6342	8	1
6343	4	1
6344	39	1
6345	50	1
6346	55	1
6347	136	1
6348	66	1
6349	18	1
6350	6	1
6351	78	1
6352	98	1
6353	78	1
6354	78	1
6355	46	1
6356	40	1
6357	79	1
6358	118	1
6359	6	1
6360	27	1
6361	16	1
6362	61	1
6363	35	1
6364	0	1
6365	4	1
6366	62	1
6367	62	1
6368	22	1
6369	4	1
6370	34	1
6371	93	1
6372	37	1
6373	41	1
6374	37	1
6375	19	1
6376	103	1
6377	35	1
6378	0	1
6379	34	1
6380	42	1
6381	62	1
6382	104	1
6383	37	1
6384	37	1
6385	84	1
6386	4	1
6387	37	1
6388	84	1
6389	52	1
6390	46	1
6391	18	1
6392	104	1
6393	50	1
6394	34	1
6395	3	1
6396	78	1
6397	6	1
6398	6	1
6399	6	1
6400	117	1
6401	96	1
6402	19	1
6403	78	1
6404	8	1
6405	4	1
6406	6	1
6407	19	1
6408	12	1
6409	39	1
6410	3	1
6411	35	1
6412	64	1
6413	117	1
6414	2	1
6415	143	1
6416	52	1
6417	98	1
6418	88	1
6419	84	1
6420	102	1
6421	7	1
6422	6	1
6423	52	1
6424	34	1
6425	52	1
6426	12	1
6427	1	1
6428	12	1
6429	40	1
6430	34	1
6431	7	1
6432	78	1
6433	75	1
6434	27	1
6435	4	1
6436	35	1
6437	42	1
6438	2	1
6439	109	1
6440	2	1
6441	18	1
6442	1	1
6443	40	1
6444	6	1
6445	55	1
6446	6	1
6447	19	1
6448	3	1
6449	34	1
6450	12	1
6451	17	1
6452	135	1
6453	78	1
6454	81	1
6455	69	1
6456	49	1
6457	78	1
6458	118	1
6459	118	1
6460	42	1
6461	78	1
6462	118	1
6463	22	1
6464	73	1
6465	3	1
6466	0	1
6467	32	1
6468	3	1
6469	3	1
6470	83	1
6471	35	1
6472	39	1
6473	63	1
6474	31	1
6475	6	1
6476	103	1
6477	24	1
6478	16	1
6479	68	1
6480	60	1
6481	19	1
6482	22	1
6483	35	1
6484	13	1
6485	98	1
6486	34	1
6487	6	1
6488	118	1
6489	49	1
6490	34	1
6491	43	1
6492	171	1
6493	31	1
6494	103	1
6495	46	1
6496	78	1
6497	94	1
6498	3	1
6499	7	1
6500	25	1
6501	60	1
6502	54	1
6503	51	1
6504	88	1
6505	117	1
6506	49	1
6507	27	1
6508	78	1
6509	118	1
6510	6	1
6511	36	1
6512	42	1
6513	118	1
6514	18	1
6515	34	1
6516	49	1
6517	70	1
6518	70	1
6519	19	1
6520	0	1
6521	103	1
6522	103	1
6523	36	1
6524	19	1
6525	75	1
6526	137	1
6527	16	1
6528	1	1
6529	69	1
6530	135	1
6531	2	1
6532	11	1
6533	56	1
6534	1	1
6535	32	1
6536	69	1
6537	152	1
6538	38	1
6539	79	1
6540	138	1
6541	34	1
6542	46	1
6543	98	1
6544	71	1
6545	98	1
6546	4	1
6547	15	1
6548	27	1
6549	27	1
6550	33	1
6551	38	1
6552	33	1
6553	8	1
6554	94	1
6555	66	1
6556	82	1
6557	52	1
6558	136	1
6559	103	1
6560	144	1
6561	34	1
6562	98	1
6563	79	1
6564	98	1
6565	139	1
6566	10	1
6567	70	1
6568	52	1
6569	34	1
6570	27	1
6571	78	1
6572	60	1
6573	103	1
6574	153	1
6575	12	1
6576	6	1
6577	39	1
6578	1	1
6579	78	1
6580	6	1
6581	6	1
6582	6	1
6583	19	1
6584	92	1
6585	6	1
6586	69	1
6587	98	1
6588	19	1
6589	46	1
6590	16	1
6591	6	1
6592	6	1
6593	6	1
6594	85	1
6595	77	1
6596	6	1
6597	6	1
6598	31	1
6599	4	1
6600	19	1
6601	4	1
6602	27	1
6603	2	1
6604	118	1
6605	33	1
6606	41	1
6607	93	1
6608	6	1
6609	47	1
6610	3	1
6611	46	1
6612	78	1
6613	1	1
6614	93	1
6615	47	1
6616	46	1
6617	6	1
6618	55	1
6619	45	1
6620	19	1
6621	34	1
6622	3	1
6623	10	1
6624	102	1
6625	62	1
6626	1	1
6627	34	1
6628	82	1
6629	3	1
6630	8	1
6631	12	1
6632	16	1
6633	49	1
6634	24	1
6635	68	1
6636	52	1
6637	49	1
6638	34	1
6639	34	1
6640	72	1
6641	77	1
6642	98	1
6643	19	1
6644	4	1
6645	4	1
6646	46	1
6647	62	1
6648	34	1
6649	27	1
6650	4	1
6651	46	1
6652	2	1
6653	6	1
6654	103	1
6655	98	1
6656	45	1
6657	6	1
6658	34	1
6659	19	1
6660	39	1
6661	69	1
6662	103	1
6663	61	1
6664	2	1
6665	62	1
6666	12	1
6667	12	1
6668	12	1
6669	3	1
6670	4	1
6671	12	1
6672	19	1
6673	12	1
6674	19	1
6675	4	1
6676	4	1
6677	39	1
6678	3	1
6679	12	1
6680	62	1
6681	19	1
6682	69	1
6683	98	1
6684	6	1
6685	75	1
6686	75	1
6687	19	1
6688	48	1
6689	27	1
6690	56	1
6691	139	1
6692	48	1
6693	27	1
6694	48	1
6695	39	1
6696	19	1
6697	22	1
6698	22	1
6699	11	1
6700	3	1
6701	19	1
6702	34	1
6703	12	1
6704	3	1
6705	98	1
6706	103	1
6707	46	1
6708	14	1
6709	16	1
6710	46	1
6711	31	1
6712	49	1
6713	4	1
6714	34	1
6715	34	1
6716	35	1
6717	48	1
6718	103	1
6719	135	1
6720	25	1
6721	56	1
6722	45	1
6723	78	1
6724	6	1
6725	31	1
6726	28	1
6727	69	1
6728	4	1
6729	78	1
6730	34	1
6731	129	1
6732	78	1
6733	68	1
6734	81	1
6735	14	1
6736	26	1
6737	61	1
6738	24	1
6739	40	1
6740	82	1
6741	103	1
6742	78	1
6743	13	1
6744	31	1
6745	42	1
6746	50	1
6747	38	1
6748	3	1
6749	78	1
6750	34	1
6751	39	1
6752	38	1
6753	34	1
6754	11	1
6755	6	1
6756	34	1
6757	34	1
6758	139	1
6759	7	1
6760	18	1
6761	42	1
6762	27	1
6763	78	1
6764	0	1
6765	34	1
6766	4	1
6767	70	1
6768	27	1
6769	127	1
6770	4	1
6771	31	1
6772	19	1
6773	1	1
6774	124	1
6775	4	1
6776	75	1
6777	17	1
6778	32	1
6779	19	1
6780	19	1
6781	96	1
6782	12	1
6783	8	1
6784	34	1
6785	34	1
6786	34	1
6787	98	1
6788	6	1
6789	77	1
6790	6	1
6791	6	1
6792	104	1
6793	37	1
6794	39	1
6795	109	1
6796	42	1
6797	0	1
6798	6	1
6799	19	1
6800	29	1
6801	85	1
6802	68	1
6803	61	1
6804	68	1
6805	74	1
6806	12	1
6807	68	1
6808	53	1
6809	68	1
6810	17	1
6811	12	1
6812	12	1
6813	4	1
6814	4	1
6815	8	1
6816	74	1
6817	34	1
6818	4	1
6819	4	1
6820	12	1
6821	2	1
6822	65	1
6823	30	1
6824	4	1
6825	79	1
6826	65	1
6827	10	1
6828	26	1
6829	73	1
6830	81	1
6831	16	1
6832	68	1
6833	68	1
6834	1	1
6835	1	1
6836	1	1
6837	19	1
6838	1	1
6839	41	1
6840	4	1
6841	68	1
6842	68	1
6843	43	1
6844	20	1
6845	14	1
6846	106	1
6847	60	1
6848	74	1
6849	35	1
6850	4	1
6851	24	1
6852	37	1
6853	77	1
6854	1	1
6855	1	1
6856	1	1
6857	1	1
6858	1	1
6859	3	1
6860	6	1
6861	40	1
6862	135	1
6863	16	1
6864	34	1
6865	23	1
6866	52	1
6867	21	1
6868	4	1
6869	74	1
6870	3	1
6871	81	1
6872	48	1
6873	12	1
6874	10	1
6875	14	1
6876	24	1
6877	13	1
6878	34	1
6879	14	1
6880	3	1
6881	34	1
6882	24	1
6883	40	1
6884	12	1
6885	3	1
6886	4	1
6887	4	1
6888	4	1
6889	19	1
6890	34	1
6891	92	1
6892	84	1
6893	49	1
6894	53	1
6895	110	1
6896	93	1
6897	18	1
6898	79	1
6899	54	1
6900	34	1
6901	8	1
6902	139	1
6903	56	1
6904	88	1
6905	36	1
6906	77	1
6907	62	1
6908	41	1
6909	75	1
6910	52	1
6911	46	1
6912	2	1
6913	82	1
6914	75	1
6915	10	1
6916	34	1
6917	75	1
6918	62	1
6919	63	1
6920	4	1
6921	41	1
6922	98	1
6923	63	1
6924	98	1
6925	52	1
6926	98	1
6927	55	1
6928	103	1
6929	6	1
6930	6	1
6931	34	1
6932	34	1
6933	54	1
6934	34	1
6935	34	1
6936	1	1
6937	41	1
6938	4	1
6939	46	1
6940	103	1
6941	41	1
6942	6	1
6943	6	1
6944	30	1
6945	34	1
6946	34	1
6947	40	1
6948	98	1
6949	110	1
6950	110	1
6951	96	1
6952	72	1
6953	34	1
6954	22	1
6955	125	1
6956	4	1
6957	142	1
6958	22	1
6959	125	1
6960	19	1
6961	18	1
6962	19	1
6963	19	1
6964	29	1
6965	122	1
6966	71	1
6967	106	1
6968	61	1
6969	85	1
6970	68	1
6971	49	1
6972	34	1
6973	54	1
6974	46	1
6975	8	1
6976	109	1
6977	34	1
6978	79	1
6979	98	1
6980	27	1
6981	34	1
6982	48	1
6983	9	1
6984	62	1
6985	7	1
6986	19	1
6987	19	1
6988	22	1
6989	98	1
6990	118	1
6991	37	1
6992	103	1
6993	61	1
6994	102	1
6995	44	1
6996	32	1
6997	34	1
6998	71	1
6999	11	1
7000	34	1
7001	22	1
7002	49	1
7003	44	1
7004	3	1
7005	114	1
7006	8	1
7007	139	1
7008	103	1
7009	118	1
7010	103	1
7011	4	1
7012	72	1
7013	6	1
7014	28	1
7015	30	1
7016	1	1
7017	6	1
7018	8	1
7019	8	1
7020	125	1
7021	46	1
7022	63	1
7023	46	1
7024	84	1
7025	8	1
7026	4	1
7027	4	1
7028	0	1
7029	21	1
7030	3	1
7031	102	1
7032	35	1
7033	46	1
7034	1	1
7035	2	1
7036	2	1
7037	6	1
7038	6	1
7039	103	1
7040	93	1
7041	6	1
7042	35	1
7043	56	1
7044	1	1
7045	46	1
7046	4	1
7047	40	1
7048	98	1
7049	46	1
7050	1	1
7051	12	1
7052	4	1
7053	46	1
7054	25	1
7055	70	1
7056	26	1
7057	117	1
7058	68	1
7059	6	1
7060	16	1
7061	54	1
7062	103	1
7063	103	1
7064	62	1
7065	35	1
7066	18	1
7067	68	1
7068	45	1
7069	172	1
7070	34	1
7071	53	1
7072	19	1
7073	78	1
7074	42	1
7075	53	1
7076	102	1
7077	31	1
7078	55	1
7079	4	1
7080	56	1
7081	3	1
7082	3	1
7083	31	1
7084	85	1
7085	78	1
7086	3	1
7087	19	1
7088	172	1
7089	4	1
7090	3	1
7091	3	1
7092	32	1
7093	100	1
7094	103	1
7095	55	1
7096	54	1
7097	36	1
7098	33	1
7099	36	1
7100	18	1
7101	42	1
7102	29	1
7103	129	1
7104	36	1
7105	129	1
7106	77	1
7107	6	1
7108	151	1
7109	6	1
7110	46	1
7111	6	1
7112	36	1
7113	133	1
7114	49	1
7115	52	1
7116	19	1
7117	12	1
7118	3	1
7119	98	1
7120	4	1
7121	19	1
7122	19	1
7123	19	1
7124	66	1
7125	17	1
7126	11	1
7127	34	1
7128	34	1
7129	34	1
7130	61	1
7131	19	1
7132	4	1
7133	6	1
7134	19	1
7135	34	1
7136	18	1
7137	70	1
7138	70	1
7139	103	1
7140	34	1
7141	6	1
7142	6	1
7143	6	1
7144	173	1
7145	110	1
7146	6	1
7147	50	1
7148	93	1
7149	4	1
7150	4	1
7151	4	1
7152	8	1
7153	93	1
7154	103	1
7155	18	1
7156	35	1
7157	6	1
7158	0	1
7159	65	1
7160	6	1
7161	6	1
7162	84	1
7163	84	1
7164	84	1
7165	35	1
7166	84	1
7167	6	1
7168	84	1
7169	16	1
7170	53	1
7171	16	1
7172	16	1
7173	6	1
7174	68	1
7175	19	1
7176	29	1
7177	53	1
7178	93	1
7179	56	1
7180	31	1
7181	14	1
7182	6	1
7183	49	1
7184	49	1
7185	117	1
7186	27	1
7187	52	1
7188	2	1
7189	4	1
7190	152	1
7191	52	1
7192	103	1
7193	6	1
7194	6	1
7195	6	1
7196	27	1
7197	6	1
7198	75	1
7199	6	1
7200	6	1
7201	52	1
7202	6	1
7203	84	1
7204	11	1
7205	11	1
7206	7	1
7207	6	1
7208	6	1
7209	46	1
7210	54	1
7211	93	1
7212	0	1
7213	77	1
7214	77	1
7215	12	1
7216	38	1
7217	70	1
7218	1	1
7219	82	1
7220	24	1
7221	127	1
7222	70	1
7223	45	1
7224	4	1
7225	102	1
7226	18	1
7227	40	1
7228	6	1
7229	82	1
7230	40	1
7231	11	1
7232	11	1
7233	11	1
7234	31	1
7235	31	1
7236	66	1
7237	94	1
7238	75	1
7239	19	1
7240	84	1
7241	6	1
7242	70	1
7243	40	1
7244	88	1
7245	49	1
7246	102	1
7247	93	1
7248	102	1
7249	17	1
7250	5	1
7251	34	1
7252	4	1
7253	34	1
7254	1	1
7255	84	1
7256	44	1
7257	56	1
7258	4	1
7259	4	1
7260	68	1
7261	14	1
7262	44	1
7263	10	1
7264	6	1
7265	25	1
7266	24	1
7267	16	1
7268	44	1
7269	78	1
7270	69	1
7271	24	1
7272	14	1
7273	14	1
7274	42	1
7275	14	1
7276	44	1
7277	73	1
7278	26	1
7279	44	1
7280	65	1
7281	52	1
7282	13	1
7283	11	1
7284	21	1
7285	40	1
7286	76	1
7287	71	1
7288	114	1
7289	34	1
7290	5	1
7291	40	1
7292	10	1
7293	5	1
7294	13	1
7295	13	1
7296	71	1
7297	106	1
7298	34	1
7299	103	1
7300	84	1
7301	46	1
7302	46	1
7303	68	1
7304	47	1
7305	49	1
7306	0	1
7307	31	1
7308	3	1
7309	103	1
7310	31	1
7311	6	1
7312	61	1
7313	70	1
7314	70	1
7315	49	1
7316	2	1
7317	43	1
7318	98	1
7319	2	1
7320	3	1
7321	6	1
7322	71	1
7323	1	1
7324	26	1
7325	68	1
7326	12	1
7327	6	1
7328	6	1
7329	34	1
7330	60	1
7331	103	1
7332	41	1
7333	32	1
7334	49	1
7335	125	1
7336	78	1
7337	68	1
7338	22	1
7339	61	1
7340	46	1
7341	32	1
7342	94	1
7343	103	1
7344	124	1
7345	79	1
7346	103	1
7347	33	1
7348	0	1
7349	70	1
7350	22	1
7351	34	1
7352	17	1
7353	103	1
7354	6	1
7355	68	1
7356	4	1
7357	56	1
7358	12	1
7359	84	1
7360	46	1
7361	14	1
7362	35	1
7363	78	1
7364	96	1
7365	63	1
7366	56	1
7367	32	1
7368	11	1
7369	19	1
7370	19	1
7371	84	1
7372	6	1
7373	98	1
7374	1	1
7375	98	1
7376	41	1
7377	32	1
7378	55	1
7379	6	1
7380	41	1
7381	34	1
7382	82	1
7383	29	1
7384	11	1
7385	46	1
7386	9	1
7387	115	1
7388	2	1
7389	44	1
7390	70	1
7391	6	1
7392	68	1
7393	34	1
7394	11	1
7395	84	1
7396	12	1
7397	78	1
7398	1	1
7399	31	1
7400	13	1
7401	33	1
7402	6	1
7403	4	1
7404	44	1
7405	35	1
7406	35	1
7407	6	1
7408	1	1
7409	6	1
7410	6	1
7411	7	1
7412	72	1
7413	93	1
7414	6	1
7415	78	1
7416	62	1
7417	83	1
7418	4	1
7419	4	1
7420	0	1
7421	103	1
7422	49	1
7423	6	1
7424	6	1
7425	6	1
7426	24	1
7427	4	1
7428	34	1
7429	31	1
7430	31	1
7431	0	1
7432	49	1
7433	70	1
7434	78	1
7435	103	1
7436	70	1
7437	70	1
7438	6	1
7439	103	1
7440	35	1
7441	6	1
7442	137	1
7443	94	1
7444	94	1
7445	111	1
7446	52	1
7447	36	1
7448	103	1
7449	137	1
7450	55	1
7451	55	1
7452	18	1
7453	94	1
7454	79	1
7455	37	1
7456	55	1
7457	85	1
7458	63	1
7459	9	1
7460	94	1
7461	98	1
7462	41	1
7463	41	1
7464	55	1
7465	46	1
7466	40	1
7467	27	1
7468	60	1
7469	157	1
7470	43	1
7471	85	1
7472	27	1
7473	31	1
7474	45	1
7475	23	1
7476	84	1
7477	42	1
7478	2	1
7479	90	1
7480	79	1
7481	115	1
7482	55	1
7483	103	1
7484	96	1
7485	79	1
7486	77	1
7487	77	1
7488	77	1
7489	77	1
7490	96	1
7491	96	1
7492	56	1
7493	3	1
7494	3	1
7495	33	1
7496	2	1
7497	31	1
7498	84	1
7499	68	1
7500	68	1
7501	156	1
7502	26	1
7503	74	1
7504	13	1
7505	34	1
7506	6	1
7507	74	1
7508	65	1
7509	12	1
7510	17	1
7511	3	1
7512	129	1
7513	70	1
7514	30	1
7515	34	1
7516	1	1
7517	6	1
7518	6	1
7519	18	1
7520	9	1
7521	30	1
7522	74	1
7523	79	1
7524	48	1
7525	6	1
7526	33	1
7527	6	1
7528	22	1
7529	6	1
7530	4	1
7531	45	1
7532	31	1
7533	19	1
7534	33	1
7535	55	1
7536	93	1
7537	36	1
7538	46	1
7539	111	1
7540	65	1
7541	26	1
7542	71	1
7543	60	1
7544	34	1
7545	29	1
7546	13	1
7547	1	1
7548	77	1
7549	20	1
7550	19	1
7551	11	1
7552	35	1
7553	6	1
7554	55	1
7555	34	1
7556	84	1
7557	84	1
7558	37	1
7559	77	1
7560	4	1
7561	26	1
7562	9	1
7563	9	1
7564	0	1
7565	65	1
7566	10	1
7567	4	1
7568	68	1
7569	12	1
7570	27	1
7571	41	1
7572	70	1
7573	70	1
7574	12	1
7575	62	1
7576	62	1
7577	12	1
7578	71	1
7579	19	1
7580	4	1
7581	81	1
7582	18	1
7583	68	1
7584	12	1
7585	44	1
7586	46	1
7587	18	1
7588	12	1
7589	33	1
7590	6	1
7591	18	1
7592	27	1
7593	33	1
7594	6	1
7595	6	1
7596	18	1
7597	6	1
7598	6	1
7599	121	1
7600	78	1
7601	33	1
7602	74	1
7603	12	1
7604	12	1
7605	12	1
7606	139	1
7607	6	1
7608	34	1
7609	66	1
7610	66	1
7611	61	1
7612	18	1
7613	13	1
7614	0	1
7615	50	1
7616	98	1
7617	18	1
7618	46	1
7619	4	1
7620	30	1
7621	6	1
7622	52	1
7623	6	1
7624	6	1
7625	4	1
7626	1	1
7627	19	1
7628	1	1
7629	2	1
7630	4	1
7631	158	1
7632	2	1
7633	4	1
7634	19	1
7635	78	1
7636	4	1
7637	66	1
7638	18	1
7639	4	1
7640	24	1
7641	34	1
7642	68	1
7643	4	1
7644	19	1
7645	6	1
7646	1	1
7647	3	1
7648	17	1
7649	35	1
7650	4	1
7651	6	1
7652	52	1
7653	0	1
7654	45	1
7655	79	1
7656	103	1
7657	115	1
7658	6	1
7659	46	1
7660	102	1
7661	117	1
7662	6	1
7663	38	1
7664	72	1
7665	102	1
7666	11	1
7667	137	1
7668	6	1
7669	17	1
7670	6	1
7671	12	1
7672	45	1
7673	19	1
7674	6	1
7675	103	1
7676	3	1
7677	10	1
7678	35	1
7679	12	1
7680	144	1
7681	82	1
7682	4	1
7683	65	1
7684	24	1
7685	12	1
7686	12	1
7687	22	1
7688	66	1
7689	33	1
7690	6	1
7691	29	1
7692	102	1
7693	33	1
7694	6	1
7695	0	1
7696	33	1
7697	49	1
7698	41	1
7699	4	1
7700	12	1
7701	93	1
7702	6	1
7703	110	1
7704	98	1
7705	8	1
7706	42	1
7707	34	1
7708	50	1
7709	12	1
7710	33	1
7711	61	1
7712	74	1
7713	66	1
7714	81	1
7715	66	1
7716	102	1
7717	18	1
7718	6	1
7719	12	1
7720	1	1
7721	46	1
7722	98	1
7723	85	1
7724	74	1
7725	35	1
7726	0	1
7727	13	1
7728	12	1
7729	34	1
7730	9	1
7731	3	1
7732	52	1
7733	103	1
7734	84	1
7735	30	1
7736	42	1
7737	12	1
7738	25	1
7739	10	1
7740	79	1
7741	3	1
7742	6	1
7743	18	1
7744	12	1
7745	40	1
7746	4	1
7747	45	1
7748	33	1
7749	35	1
7750	137	1
7751	38	1
7752	23	1
7753	41	1
7754	4	1
7755	42	1
7756	27	1
7757	47	1
7758	19	1
7759	3	1
7760	33	1
7761	19	1
7762	4	1
7763	42	1
7764	9	1
7765	14	1
7766	4	1
7767	14	1
7768	9	1
7769	26	1
7770	35	1
7771	9	1
7772	30	1
7773	30	1
7774	26	1
7775	2	1
7776	2	1
7777	0	1
7778	0	1
7779	9	1
7780	3	1
7781	30	1
7782	69	1
7783	16	1
7784	23	1
7785	4	1
7786	4	1
7787	45	1
7788	23	1
7789	137	1
7790	4	1
7791	16	1
7792	12	1
7793	48	1
7794	115	1
7795	96	1
7796	1	1
7797	23	1
7798	17	1
7799	102	1
7800	12	1
7801	57	1
7802	40	1
7803	56	1
7804	6	1
7805	12	1
7806	88	1
7807	102	1
7808	8	1
7809	30	1
7810	40	1
7811	53	1
7812	2	1
7813	122	1
7814	78	1
7815	2	1
7816	4	1
7817	30	1
7818	57	1
7819	4	1
7820	122	1
7821	52	1
7822	7	1
7823	35	1
7824	4	1
7825	8	1
7826	58	1
7827	29	1
7828	4	1
7829	88	1
7830	4	1
7831	3	1
7832	70	1
7833	32	1
7834	93	1
7835	106	1
7836	7	1
7837	64	1
7838	14	1
7839	61	1
7840	61	1
7841	30	1
7842	29	1
7843	11	1
7844	30	1
7845	11	1
7846	121	1
7847	122	1
7848	121	1
7849	102	1
7850	3	1
7851	4	1
7852	61	1
7853	16	1
7854	8	1
7855	7	1
7856	29	1
7857	11	1
7858	34	1
7859	23	1
7860	63	1
7861	11	1
7862	68	1
7863	62	1
7864	24	1
7865	14	1
7866	42	1
7867	27	1
7868	84	1
7869	110	1
7870	34	1
7871	44	1
7872	2	1
7873	22	1
7874	30	1
7875	68	1
7876	6	1
7877	37	1
7878	24	1
7879	45	1
7880	45	1
7881	33	1
7882	122	1
7883	30	1
7884	44	1
7885	38	1
7886	61	1
7887	11	1
7888	4	1
7889	23	1
7890	9	1
7891	39	1
7892	1	1
7893	7	1
7894	13	1
7895	13	1
7896	68	1
7897	70	1
7898	70	1
7899	70	1
7900	35	1
7901	1	1
7902	12	1
7903	31	1
7904	31	1
7905	4	1
7906	1	1
7907	168	1
7908	1	1
7909	70	1
7910	31	1
7911	38	1
7912	2	1
7913	8	1
7914	83	1
7915	83	1
7916	74	1
7917	32	1
7918	47	1
7919	131	1
7920	4	1
7921	11	1
7922	6	1
7923	75	1
7924	55	1
7925	14	1
7926	87	1
7927	75	1
7928	2	1
7929	78	1
7930	18	1
7931	2	1
7932	34	1
7933	19	1
7934	19	1
7935	4	1
7936	55	1
7937	78	1
7938	6	1
7939	19	1
7940	19	1
7941	16	1
7942	4	1
7943	120	1
7944	42	1
7945	47	1
7946	60	1
7947	96	1
7948	71	1
7949	93	1
7950	88	1
7951	84	1
7952	85	1
7953	57	1
7954	84	1
7955	81	1
7956	85	1
7957	34	1
7958	93	1
7959	10	1
7960	59	1
7961	10	1
7962	27	1
7963	40	1
7964	139	1
7965	25	1
7966	68	1
7967	93	1
7968	82	1
7969	103	1
7970	88	1
7971	60	1
7972	83	1
7973	84	1
7974	19	1
7975	12	1
7976	4	1
7977	84	1
7978	96	1
7979	29	1
7980	54	1
7981	25	1
7982	42	1
7983	55	1
7984	21	1
7985	35	1
7986	90	1
7987	64	1
7988	101	1
7989	96	1
7990	88	1
7991	25	1
7992	57	1
7993	41	1
7994	49	1
7995	84	1
7996	31	1
7997	36	1
7998	4	1
7999	75	1
8000	78	1
8001	88	1
8002	40	1
8003	82	1
8004	83	1
8005	75	1
8006	35	1
8007	56	1
8008	79	1
8009	68	1
8010	102	1
8011	60	1
8012	13	1
8013	1	1
8014	90	1
8015	56	1
8016	68	1
8017	52	1
8018	125	1
8019	48	1
8020	76	1
8021	76	1
8022	93	1
8023	13	1
8024	53	1
8025	16	1
8026	27	1
8027	54	1
8028	24	1
8029	47	1
8030	117	1
8031	75	1
8032	6	1
8033	38	1
8034	16	1
8035	4	1
8036	12	1
8037	19	1
8038	4	1
8039	115	1
8040	90	1
8041	77	1
8042	102	1
8043	137	1
8044	103	1
8045	64	1
8046	11	1
8047	2	1
8048	88	1
8049	4	1
8050	68	1
8051	35	1
8052	78	1
8053	174	1
8054	115	1
8055	37	1
8056	6	1
8057	48	1
8058	76	1
8059	35	1
8060	61	1
8061	54	1
8062	56	1
8063	31	1
8064	13	1
8065	47	1
8066	116	1
8067	143	1
8068	77	1
8069	13	1
8070	77	1
8071	62	1
8072	5	1
8073	61	1
8074	35	1
8075	38	1
8076	103	1
8077	109	1
8078	54	1
8079	162	1
8080	61	1
8081	11	1
8082	3	1
8083	29	1
8084	70	1
8085	10	1
8086	24	1
8087	62	1
8088	12	1
8089	96	1
8090	174	1
8091	16	1
8092	0	1
8093	4	1
8094	1	1
8095	4	1
8096	4	1
8097	4	1
8098	4	1
8099	45	1
8100	19	1
8101	70	1
8102	75	1
8103	2	1
8104	41	1
8105	4	1
8106	49	1
8107	4	1
8108	41	1
8109	78	1
8110	4	1
8111	11	1
8112	6	1
8113	12	1
8114	16	1
8115	109	1
8116	32	1
8117	45	1
8118	82	1
8119	19	1
8120	84	1
8121	75	1
8122	29	1
8123	3	1
8124	103	1
8125	83	1
8126	75	1
8127	81	1
8128	20	1
8129	65	1
8130	24	1
8131	52	1
8132	4	1
8133	60	1
8134	66	1
8135	49	1
8136	84	1
8137	155	1
8138	75	1
8139	34	1
8140	49	1
8141	75	1
8142	39	1
8143	70	1
8144	4	1
8145	22	1
8146	25	1
8147	25	1
8148	29	1
8149	70	1
8150	6	1
8151	6	1
8152	1	1
8153	18	1
8154	55	1
8155	17	1
8156	22	1
8157	4	1
8158	27	1
8159	34	1
8160	16	1
8161	56	1
8162	2	1
8163	118	1
8164	35	1
8165	70	1
8166	6	1
8167	103	1
8168	3	1
8169	40	1
8170	92	1
8171	1	1
8172	85	1
8173	55	1
8174	70	1
8175	22	1
8176	55	1
8177	34	1
8178	49	1
8179	42	1
8180	36	1
8181	50	1
8182	22	1
8183	4	1
8184	11	1
8185	2	1
8186	31	1
8187	4	1
8188	31	1
8189	52	1
8190	6	1
8191	27	1
8192	17	1
8193	1	1
8194	2	1
8195	6	1
8196	70	1
8197	35	1
8198	42	1
8199	19	1
8200	98	1
8201	34	1
8202	2	1
8203	2	1
8204	6	1
8205	70	1
8206	78	1
8207	37	1
8208	41	1
8209	14	1
8210	175	1
8211	31	1
8212	2	1
8213	121	1
8214	96	1
8215	12	1
8216	139	1
8217	2	1
8218	42	1
8219	47	1
8220	47	1
8221	54	1
8222	40	1
8223	19	1
8224	12	1
8225	61	1
8226	2	1
8227	26	1
8228	6	1
8229	16	1
8230	12	1
8231	50	1
8232	1	1
8233	16	1
8234	16	1
8235	81	1
8236	2	1
8237	103	1
8238	103	1
8239	34	1
8240	117	1
8241	78	1
8242	56	1
8243	1	1
8244	54	1
8245	6	1
8246	6	1
8247	52	1
8248	6	1
8249	56	1
8250	8	1
8251	31	1
8252	11	1
8253	31	1
8254	54	1
8255	96	1
8256	38	1
8257	38	1
8258	76	1
8259	50	1
8260	2	1
8261	45	1
8262	54	1
8263	31	1
8264	12	1
8265	35	1
8266	35	1
8267	78	1
8268	0	1
8269	4	1
8270	27	1
8271	8	1
8272	6	1
8273	52	1
8274	43	1
8275	132	1
8276	62	1
8277	62	1
8278	17	1
8279	62	1
8280	11	1
8281	52	1
8282	40	1
8283	4	1
8284	4	1
8285	22	1
8286	36	1
8287	6	1
8288	103	1
8289	8	1
8290	4	1
8291	4	1
8292	117	1
8293	1	1
8294	4	1
8295	53	1
8296	34	1
8297	6	1
8298	103	1
8299	7	1
8300	60	1
8301	16	1
8302	1	1
8303	19	1
8304	21	1
8305	34	1
8306	1	1
8307	3	1
8308	55	1
8309	37	1
8310	1	1
8311	31	1
8312	65	1
8313	7	1
8314	40	1
8315	6	1
8316	16	1
8317	16	1
8318	12	1
8319	12	1
8320	12	1
8321	79	1
8322	16	1
8323	68	1
8324	65	1
8325	4	1
8326	52	1
8327	4	1
8328	74	1
8329	82	1
8330	2	1
8331	65	1
8332	12	1
8333	14	1
8334	4	1
8335	24	1
8336	74	1
8337	40	1
8338	12	1
8339	59	1
8340	92	1
8341	74	1
8342	52	1
8343	12	1
8344	12	1
8345	68	1
8346	85	1
8347	4	1
8348	17	1
8349	68	1
8350	12	1
8351	6	1
8352	100	1
8353	8	1
8354	4	1
8355	27	1
8356	61	1
8357	60	1
8358	1	1
8359	10	1
8360	31	1
8361	83	1
8362	26	1
8363	74	1
8364	8	1
8365	172	1
8366	93	1
8367	93	1
8368	115	1
8369	40	1
8370	115	1
8371	106	1
8372	12	1
8373	93	1
8374	65	1
8375	42	1
8376	69	1
8377	35	1
8378	11	1
8379	4	1
8380	37	1
8381	76	1
8382	106	1
8383	44	1
8384	3	1
8385	2	1
8386	4	1
8387	12	1
8388	84	1
8389	24	1
8390	83	1
8391	34	1
8392	30	1
8393	69	1
8394	5	1
8395	30	1
8396	34	1
8397	19	1
8398	1	1
8399	109	1
8400	84	1
8401	19	1
8402	46	1
8403	96	1
8404	51	1
8405	56	1
8406	158	1
8407	39	1
8408	130	1
8409	166	1
8410	77	1
8411	70	1
8412	100	1
8413	93	1
8414	77	1
8415	46	1
8416	129	1
8417	85	1
8418	8	1
8419	39	1
8420	78	1
8421	77	1
8422	31	1
8423	17	1
8424	68	1
8425	47	1
8426	65	1
8427	85	1
8428	81	1
8429	13	1
8430	15	1
8431	85	1
8432	7	1
8433	68	1
8434	121	1
8435	63	1
8436	10	1
8437	37	1
8438	146	1
8439	30	1
8440	50	1
8441	62	1
8442	9	1
8443	70	1
8444	44	1
8445	33	1
8446	55	1
8447	24	1
8448	84	1
8449	170	1
8450	29	1
8451	37	1
8452	84	1
8453	18	1
8454	103	1
8455	68	1
8456	84	1
8457	40	1
8458	6	1
8459	84	1
8460	74	1
8461	17	1
8462	4	1
8463	104	1
8464	3	1
8465	40	1
8466	63	1
8467	33	1
8468	63	1
8469	19	1
8470	93	1
8471	64	1
8472	19	1
8473	19	1
8474	83	1
8475	30	1
8476	10	1
8477	77	1
8478	56	1
8479	87	1
8480	36	1
8481	55	1
8482	79	1
8483	85	1
8484	29	1
8485	36	1
8486	103	1
8487	40	1
8488	135	1
8489	106	1
8490	60	1
8491	82	1
8492	46	1
8493	137	1
8494	13	1
8495	50	1
8496	52	1
8497	6	1
8498	53	1
8499	34	1
8500	12	1
8501	30	1
8502	2	1
8503	2	1
8504	10	1
8505	9	1
8506	82	1
8507	13	1
8508	116	1
8509	2	1
8510	61	1
8511	77	1
8512	158	1
8513	77	1
8514	22	1
8515	2	1
8516	2	1
8517	166	1
8518	78	1
8519	96	1
8520	52	1
8521	56	1
8522	17	1
8523	9	1
8524	11	1
8525	79	1
8526	103	1
8527	77	1
8528	79	1
8529	17	1
8530	94	1
8531	52	1
8532	6	1
8533	18	1
8534	129	1
8535	74	1
8536	22	1
8537	114	1
8538	4	1
8539	12	1
8540	2	1
8541	12	1
8542	85	1
8543	84	1
8544	83	1
8545	84	1
8546	84	1
8547	3	1
8548	4	1
8549	8	1
8550	3	1
8551	4	1
8552	54	1
8553	2	1
8554	2	1
8555	62	1
8556	18	1
8557	158	1
8558	14	1
8559	2	1
8560	46	1
8561	34	1
8562	2	1
8563	39	1
8564	2	1
8565	44	1
8566	84	1
8567	45	1
8568	10	1
8569	6	1
8570	103	1
8571	6	1
8572	35	1
8573	136	1
8574	54	1
8575	17	1
8576	11	1
8577	4	1
8578	103	1
8579	8	1
8580	46	1
8581	38	1
8582	49	1
8583	75	1
8584	52	1
8585	114	1
8586	5	1
8587	30	1
8588	52	1
8589	16	1
8590	56	1
8591	4	1
8592	84	1
8593	176	1
8594	46	1
8595	13	1
8596	46	1
8597	52	1
8598	84	1
8599	122	1
8600	41	1
8601	103	1
8602	77	1
8603	52	1
8604	84	1
8605	39	1
8606	37	1
8607	102	1
8608	153	1
8609	98	1
8610	102	1
8611	137	1
8612	46	1
8613	52	1
8614	0	1
8615	46	1
8616	68	1
8617	4	1
8618	4	1
8619	129	1
8620	121	1
8621	25	1
8622	46	1
8623	0	1
8624	49	1
8625	94	1
8626	136	1
8627	6	1
8628	55	1
8629	13	1
8630	6	1
8631	16	1
8632	68	1
8633	8	1
8634	41	1
8635	103	1
8636	17	1
8637	56	1
8638	11	1
8639	3	1
8640	173	1
8641	40	1
8642	93	1
8643	76	1
8644	24	1
8645	1	1
8646	85	1
8647	52	1
8648	6	1
8649	3	1
8650	122	1
8651	106	1
8652	9	1
8653	31	1
8654	42	1
8655	3	1
8656	84	1
8657	16	1
8658	52	1
8659	84	1
8660	19	1
8661	63	1
8662	20	1
8663	66	1
8664	84	1
8665	115	1
8666	2	1
8667	6	1
8668	1	1
8669	98	1
8670	35	1
8671	14	1
8672	19	1
8673	56	1
8674	35	1
8675	19	1
8676	34	1
8677	56	1
8678	137	1
8679	1	1
8680	6	1
8681	4	1
8682	45	1
8683	43	1
8684	56	1
8685	138	1
8686	3	1
8687	32	1
8688	6	1
8689	139	1
8690	7	1
8691	44	1
8692	84	1
8693	65	1
8694	4	1
8695	68	1
8696	1	1
8697	4	1
8698	31	1
8699	6	1
8700	68	1
8701	68	1
8702	31	1
8703	40	1
8704	106	1
8705	42	1
8706	29	1
8707	97	1
8708	9	1
8709	12	1
8710	9	1
8711	29	1
8712	12	1
8713	2	1
8714	83	1
8715	6	1
8716	17	1
8717	19	1
8718	17	1
8719	12	1
8720	2	1
8721	9	1
8722	65	1
8723	29	1
8724	63	1
8725	17	1
8726	55	1
8727	19	1
8728	117	1
8729	118	1
8730	55	1
8731	12	1
8732	6	1
8733	19	1
8734	25	1
8735	8	1
8736	2	1
8737	4	1
8738	1	1
8739	4	1
8740	19	1
8741	19	1
8742	84	1
8743	55	1
8744	0	1
8745	34	1
8746	69	1
8747	55	1
8748	4	1
8749	43	1
8750	29	1
8751	9	1
8752	90	1
8753	19	1
8754	6	1
8755	96	1
8756	60	1
8757	36	1
8758	25	1
8759	0	1
8760	103	1
8761	42	1
8762	84	1
8763	114	1
8764	93	1
8765	49	1
8766	40	1
8767	6	1
8768	4	1
8769	27	1
8770	4	1
8771	19	1
8772	55	1
8773	1	1
8774	101	1
8775	36	1
8776	1	1
8777	57	1
8778	10	1
8779	12	1
8780	109	1
8781	27	1
8782	6	1
8783	70	1
8784	25	1
8785	24	1
8786	39	1
8787	4	1
8788	2	1
8789	82	1
8790	4	1
8791	1	1
8792	98	1
8793	8	1
8794	82	1
8795	19	1
8796	36	1
8797	6	1
8798	6	1
8799	6	1
8800	25	1
8801	6	1
8802	55	1
8803	125	1
8804	2	1
8805	6	1
8806	11	1
8807	18	1
8808	7	1
8809	68	1
8810	18	1
8811	32	1
8812	32	1
8813	135	1
8814	135	1
8815	74	1
8816	1	1
8817	88	1
8818	16	1
8819	34	1
8820	52	1
8821	11	1
8822	88	1
8823	34	1
8824	68	1
8825	68	1
8826	101	1
8827	71	1
8828	85	1
8829	127	1
8830	8	1
8831	4	1
8832	18	1
8833	1	1
8834	34	1
8835	34	1
8836	4	1
8837	98	1
8838	4	1
8839	34	1
8840	1	1
8841	78	1
8842	11	1
8843	40	1
8844	12	1
8845	53	1
8846	6	1
8847	6	1
8848	19	1
8849	55	1
8850	93	1
8851	2	1
8852	25	1
8853	34	1
8854	6	1
8855	2	1
8856	17	1
8857	68	1
8858	12	1
8859	115	1
8860	9	1
8861	19	1
8862	35	1
8863	35	1
8864	3	1
8865	42	1
8866	148	1
8867	19	1
8868	85	1
8869	98	1
8870	39	1
8871	27	1
8872	19	1
8873	93	1
8874	2	1
8875	34	1
8876	6	1
8877	25	1
8878	71	1
8879	6	1
8880	21	1
8881	6	1
8882	177	1
8883	177	1
8884	56	1
8885	17	1
8886	106	1
8887	84	1
8888	68	1
8889	12	1
8890	50	1
8891	6	1
8892	6	1
8893	6	1
8894	38	1
8895	22	1
8896	34	1
8897	41	1
8898	33	1
8899	52	1
8900	40	1
8901	1	1
8902	84	1
8903	33	1
8904	84	1
8905	17	1
8906	6	1
8907	16	1
8908	39	1
8909	2	1
8910	35	1
8911	47	1
8912	178	1
8913	63	1
8914	103	1
8915	46	1
8916	102	1
8917	35	1
8918	6	1
8919	120	1
8920	78	1
8921	35	1
8922	6	1
8923	48	1
8924	6	1
8925	6	1
8926	4	1
8927	41	1
8928	63	1
8929	6	1
8930	6	1
8931	72	1
8932	2	1
8933	30	1
8934	29	1
8935	25	1
8936	4	1
8937	4	1
8938	33	1
8939	9	1
8940	34	1
8941	47	1
8942	71	1
8943	6	1
8944	94	1
8945	37	1
8946	82	1
8947	1	1
8948	65	1
8949	29	1
8950	32	1
8951	37	1
8952	25	1
8953	42	1
8954	49	1
8955	5	1
8956	42	1
8957	78	1
8958	78	1
8959	27	1
8960	38	1
8961	35	1
8962	111	1
8963	14	1
8964	2	1
8965	8	1
8966	35	1
8967	6	1
8968	46	1
8969	75	1
8970	82	1
8971	1	1
8972	4	1
8973	93	1
8974	35	1
8975	19	1
8976	56	1
8977	6	1
8978	1	1
8979	17	1
8980	19	1
8981	19	1
8982	102	1
8983	77	1
8984	6	1
8985	30	1
8986	64	1
8987	71	1
8988	70	1
8989	73	1
8990	40	1
8991	16	1
8992	82	1
8993	0	1
8994	6	1
8995	19	1
8996	3	1
8997	49	1
8998	19	1
8999	6	1
9000	7	1
9001	6	1
9002	52	1
9003	78	1
9004	137	1
9005	69	1
9006	69	1
9007	103	1
9008	103	1
9009	31	1
9010	71	1
9011	71	1
9012	101	1
9013	78	1
9014	9	1
9015	63	1
9016	19	1
9017	136	1
9018	39	1
9019	42	1
9020	4	1
9021	18	1
9022	170	1
9023	8	1
9024	35	1
9025	6	1
9026	49	1
9027	139	1
9028	52	1
9029	30	1
9030	6	1
9031	35	1
9032	69	1
9033	103	1
9034	22	1
9035	135	1
9036	1	1
9037	6	1
9038	18	1
9039	3	1
9040	77	1
9041	17	1
9042	55	1
9043	30	1
9044	6	1
9045	129	1
9046	2	1
9047	34	1
9048	6	1
9049	36	1
9050	6	1
9051	22	1
9052	0	1
9053	6	1
9054	109	1
9055	11	1
9056	17	1
9057	46	1
9058	98	1
9059	56	1
9060	13	1
9061	2	1
9062	53	1
9063	82	1
9064	63	1
9065	58	1
9066	34	1
9067	42	1
9068	63	1
9069	19	1
9070	100	1
9071	37	1
9072	35	1
9073	1	1
9074	19	1
9075	46	1
9076	46	1
9077	4	1
9078	46	1
9079	1	1
9080	19	1
9081	69	1
9082	30	1
9083	35	1
9084	19	1
9085	55	1
9086	16	1
9087	18	1
9088	35	1
9089	6	1
9090	19	1
9091	1	1
9092	2	1
9093	73	1
9094	73	1
9095	4	1
9096	19	1
9097	63	1
9098	79	1
9099	12	1
9100	6	1
9101	100	1
9102	37	1
9103	73	1
9104	1	1
9105	49	1
9106	6	1
9107	3	1
9108	34	1
9109	19	1
9110	1	1
9111	30	1
9112	96	1
9113	42	1
9114	29	1
9115	17	1
9116	136	1
9117	143	1
9118	2	1
9119	6	1
9120	63	1
9121	34	1
9122	7	1
9123	44	1
9124	22	1
9125	24	1
9126	68	1
9127	24	1
9128	62	1
9129	40	1
9130	4	1
9131	3	1
9132	4	1
9133	9	1
9134	9	1
9135	10	1
9136	12	1
9137	88	1
9138	17	1
9139	30	1
9140	30	1
9141	136	1
9142	29	1
9143	19	1
9144	52	1
9145	16	1
9146	10	1
9147	78	1
9148	4	1
9149	47	1
9150	4	1
9151	34	1
9152	34	1
9153	61	1
9154	55	1
9155	34	1
9156	29	1
9157	106	1
9158	2	1
9159	6	1
9160	31	1
9161	34	1
9162	78	1
9163	19	1
9164	1	1
9165	1	1
9166	19	1
9167	2	1
9168	65	1
9169	102	1
9170	127	1
9171	9	1
9172	17	1
9173	179	1
9174	10	1
9175	19	1
9176	127	1
9177	4	1
9178	2	1
9179	4	1
9180	2	1
9181	18	1
9182	63	1
9183	47	1
9184	33	1
9185	29	1
9186	110	1
9187	139	1
9188	61	1
9189	61	1
9190	4	1
9191	33	1
9192	2	1
9193	61	1
9194	17	1
9195	2	1
9196	102	1
9197	36	1
9198	145	1
9199	71	1
9200	103	1
9201	34	1
9202	34	1
9203	33	1
9204	121	1
9205	52	1
9206	6	1
9207	30	1
9208	2	1
9209	27	1
9210	61	1
9211	4	1
9212	61	1
9213	139	1
9214	46	1
9215	117	1
9216	3	1
9217	50	1
9218	34	1
9219	70	1
9220	69	1
9221	3	1
9222	2	1
9223	37	1
9224	50	1
9225	78	1
9226	4	1
9227	33	1
9228	57	1
9229	34	1
9230	3	1
9231	8	1
9232	34	1
9233	46	1
9234	55	1
9235	61	1
9236	103	1
9237	61	1
9238	34	1
9239	2	1
9240	33	1
9241	65	1
9242	4	1
9243	4	1
9244	4	1
9245	56	1
9246	60	1
9247	88	1
9248	7	1
9249	1	1
9250	61	1
9251	30	1
9252	23	1
9253	19	1
9254	34	1
9255	30	1
9256	30	1
9257	34	1
9258	4	1
9259	117	1
9260	52	1
9261	30	1
9262	56	1
9263	4	1
9264	4	1
9265	43	1
9266	72	1
9267	34	1
9268	33	1
9269	56	1
9270	12	1
9271	121	1
9272	55	1
9273	52	1
9274	12	1
9275	53	1
9276	1	1
9277	36	1
9278	103	1
9279	61	1
9280	27	1
9281	46	1
9282	47	1
9283	72	1
9284	103	1
9285	36	1
9286	72	1
9287	37	1
9288	60	1
9289	40	1
9290	34	1
9291	100	1
9292	60	1
9293	148	1
9294	70	1
9295	170	1
9296	3	1
9297	16	1
9298	6	1
9299	42	1
9300	175	1
9301	79	1
9302	38	1
9303	16	1
9304	19	1
9305	11	1
9306	46	1
9307	4	1
9308	22	1
9309	27	1
9310	18	1
9311	35	1
9312	52	1
9313	121	1
9314	75	1
9315	6	1
9316	75	1
9317	103	1
9318	102	1
9319	72	1
9320	6	1
9321	3	1
9322	6	1
9323	19	1
9324	6	1
9325	18	1
9326	16	1
9327	3	1
9328	4	1
9329	4	1
9330	46	1
9331	4	1
9332	18	1
9333	1	1
9334	42	1
9335	1	1
9336	2	1
9337	10	1
9338	19	1
9339	8	1
9340	14	1
9341	2	1
9342	102	1
9343	6	1
9344	117	1
9345	48	1
9346	139	1
9347	139	1
9348	27	1
9349	84	1
9350	40	1
9351	6	1
9352	102	1
9353	102	1
9354	6	1
9355	40	1
9356	6	1
9357	6	1
9358	148	1
9359	170	1
9360	69	1
9361	103	1
9362	77	1
9363	27	1
9364	109	1
9365	70	1
9366	2	1
9367	18	1
9368	53	1
9369	4	1
9370	1	1
9371	1	1
9372	49	1
9373	53	1
9374	35	1
9375	46	1
9376	46	1
9377	27	1
9378	31	1
9379	12	1
9380	78	1
9381	27	1
9382	98	1
9383	104	1
9384	49	1
9385	2	1
9386	122	1
9387	78	1
9388	78	1
9389	94	1
9390	41	1
9391	16	1
9392	77	1
9393	2	1
9394	46	1
9395	93	1
9396	34	1
9397	8	1
9398	78	1
9399	2	1
9400	139	1
9401	6	1
9402	49	1
9403	10	1
9404	118	1
9405	78	1
9406	88	1
9407	16	1
9408	11	1
9409	102	1
9410	22	1
9411	12	1
9412	12	1
9413	6	1
9414	69	1
9415	40	1
9416	94	1
9417	17	1
9418	11	1
9419	27	1
9420	61	1
9421	41	1
9422	75	1
9423	6	1
9424	27	1
9425	78	1
9426	34	1
9427	6	1
9428	5	1
9429	94	1
9430	54	1
9431	93	1
9432	4	1
9433	16	1
9434	103	1
9435	38	1
9436	49	1
9437	6	1
9438	55	1
9439	93	1
9440	62	1
9441	34	1
9442	70	1
9443	17	1
9444	135	1
9445	135	1
9446	16	1
9447	19	1
9448	69	1
9449	31	1
9450	4	1
9451	19	1
9452	19	1
9453	2	1
9454	11	1
9455	22	1
9456	79	1
9457	78	1
9458	139	1
9459	78	1
9460	52	1
9461	139	1
9462	52	1
9463	103	1
9464	33	1
9465	5	1
9466	102	1
9467	6	1
9468	36	1
9469	19	1
9470	98	1
9471	79	1
9472	17	1
9473	103	1
9474	29	1
9475	1	1
9476	35	1
9477	139	1
9478	13	1
9479	118	1
9480	10	1
9481	12	1
9482	16	1
9483	6	1
9484	52	1
9485	6	1
9486	92	1
9487	11	1
9488	6	1
9489	4	1
9490	6	1
9491	6	1
9492	6	1
9493	39	1
9494	93	1
9495	39	1
9496	116	1
9497	10	1
9498	87	1
9499	18	1
9500	46	1
9501	45	1
9502	45	1
9503	35	1
9504	98	1
9505	62	1
9506	38	1
9507	2	1
9508	98	1
9509	39	1
9510	27	1
9511	34	1
9512	39	1
9513	56	1
9514	103	1
9515	35	1
9516	31	1
9517	19	1
9518	14	1
9519	68	1
9520	81	1
9521	6	1
9522	6	1
9523	68	1
9524	17	1
9525	77	1
9526	96	1
9527	30	1
9528	19	1
9529	1	1
9530	46	1
9531	72	1
9532	72	1
9533	34	1
9534	34	1
9535	39	1
9536	22	1
9537	19	1
9538	46	1
9539	30	1
9540	98	1
9541	25	1
9542	38	1
9543	49	1
9544	62	1
9545	4	1
9546	62	1
9547	1	1
9548	30	1
9549	12	1
9550	60	1
9551	62	1
9552	4	1
9553	13	1
9554	53	1
9555	1	1
9556	39	1
9557	17	1
9558	8	1
9559	56	1
9560	77	1
9561	53	1
9562	77	1
9563	75	1
9564	56	1
9565	34	1
9566	46	1
9567	6	1
9568	46	1
9569	6	1
9570	62	1
9571	4	1
9572	1	1
9573	46	1
9574	6	1
9575	2	1
9576	42	1
9577	31	1
9578	6	1
9579	4	1
9580	82	1
9581	125	1
9582	125	1
9583	4	1
9584	17	1
9585	16	1
9586	39	1
9587	36	1
9588	103	1
9589	2	1
9590	8	1
9591	8	1
9592	2	1
9593	8	1
9594	34	1
9595	6	1
9596	31	1
9597	39	1
9598	46	1
9599	3	1
9600	69	1
9601	7	1
9602	13	1
9603	40	1
9604	31	1
9605	29	1
9606	6	1
9607	38	1
9608	22	1
9609	8	1
9610	27	1
9611	31	1
9612	52	1
9613	46	1
9614	42	1
9615	78	1
9616	16	1
9617	27	1
9618	6	1
9619	18	1
9620	49	1
9621	36	1
9622	78	1
9623	34	1
9624	2	1
9625	16	1
9626	19	1
9627	11	1
9628	34	1
9629	42	1
9630	46	1
9631	69	1
9632	31	1
9633	11	1
9634	48	1
9635	38	1
9636	77	1
9637	34	1
9638	75	1
9639	85	1
9640	115	1
9641	81	1
9642	45	1
9643	34	1
9644	46	1
9645	100	1
9646	135	1
9647	1	1
9648	78	1
9649	100	1
9650	17	1
9651	52	1
9652	104	1
9653	61	1
9654	46	1
9655	10	1
9656	37	1
9657	59	1
9658	24	1
9659	68	1
9660	68	1
9661	12	1
9662	12	1
9663	68	1
9664	53	1
9665	31	1
9666	16	1
9667	74	1
9668	10	1
9669	65	1
9670	43	1
9671	79	1
9672	73	1
9673	10	1
9674	88	1
9675	41	1
9676	10	1
9677	24	1
9678	48	1
9679	74	1
9680	25	1
9681	43	1
9682	25	1
9683	1	1
9684	19	1
9685	4	1
9686	14	1
9687	44	1
9688	24	1
9689	68	1
9690	63	1
9691	11	1
9692	68	1
9693	23	1
9694	16	1
9695	16	1
9696	14	1
9697	24	1
9698	1	1
9699	77	1
9700	19	1
9701	1	1
9702	2	1
9703	136	1
9704	37	1
9705	98	1
9706	4	1
9707	23	1
9708	16	1
9709	70	1
9710	24	1
9711	10	1
9712	65	1
9713	2	1
9714	68	1
9715	9	1
9716	9	1
9717	4	1
9718	60	1
9719	4	1
9720	12	1
9721	4	1
9722	14	1
9723	4	1
9724	35	1
9725	74	1
9726	12	1
9727	4	1
9728	44	1
9729	24	1
9730	47	1
9731	19	1
9732	1	1
9733	1	1
9734	70	1
9735	34	1
9736	84	1
9737	72	1
9738	17	1
9739	17	1
9740	84	1
9741	62	1
9742	96	1
9743	2	1
9744	38	1
9745	79	1
9746	8	1
9747	47	1
9748	54	1
9749	1	1
9750	4	1
9751	34	1
9752	48	1
9753	6	1
9754	4	1
9755	110	1
9756	12	1
9757	10	1
9758	29	1
9759	63	1
9760	54	1
9761	48	1
9762	56	1
9763	31	1
9764	75	1
9765	19	1
9766	50	1
9767	47	1
9768	54	1
9769	1	1
9770	12	1
9771	6	1
9772	54	1
9773	6	1
9774	98	1
9775	4	1
9776	4	1
9777	98	1
9778	6	1
9779	93	1
9780	98	1
9781	180	1
9782	3	1
9783	98	1
9784	56	1
9785	106	1
9786	12	1
9787	2	1
9788	8	1
9789	10	1
9790	8	1
9791	2	1
9792	75	1
9793	47	1
9794	4	1
9795	118	1
9796	49	1
9797	49	1
9798	42	1
9799	109	1
9800	137	1
9801	62	1
9802	1	1
9803	84	1
9804	118	1
9805	20	1
9806	0	1
9807	61	1
9808	12	1
9809	11	1
9810	4	1
9811	4	1
9812	19	1
9813	84	1
9814	2	1
9815	110	1
9816	8	1
9817	6	1
9818	46	1
9819	78	1
9820	46	1
9821	93	1
9822	77	1
9823	77	1
9824	42	1
9825	53	1
9826	67	1
9827	2	1
9828	7	1
9829	151	1
9830	126	1
9831	104	1
9832	8	1
9833	61	1
9834	125	1
9835	8	1
9836	103	1
9837	6	1
9838	4	1
9839	32	1
9840	31	1
9841	31	1
9842	109	1
9843	49	1
9844	84	1
9845	146	1
9846	11	1
9847	74	1
9848	52	1
9849	6	1
9850	3	1
9851	3	1
9852	93	1
9853	39	1
9854	69	1
9855	46	1
9856	1	1
9857	103	1
9858	103	1
9859	103	1
9860	62	1
9861	103	1
9862	11	1
9863	46	1
9864	2	1
9865	4	1
9866	24	1
9867	6	1
9868	35	1
9869	52	1
9870	19	1
9871	103	1
9872	2	1
9873	27	1
9874	19	1
9875	4	1
9876	12	1
9877	3	1
9878	34	1
9879	34	1
9880	31	1
9881	42	1
9882	52	1
9883	85	1
9884	27	1
9885	3	1
9886	3	1
9887	19	1
9888	27	1
9889	3	1
9890	85	1
9891	56	1
9892	31	1
9893	4	1
9894	82	1
9895	46	1
9896	56	1
9897	6	1
9898	34	1
9899	49	1
9900	2	1
9901	104	1
9902	11	1
9903	96	1
9904	55	1
9905	75	1
9906	46	1
9907	77	1
9908	136	1
9909	6	1
9910	6	1
9911	129	1
9912	94	1
9913	19	1
9914	34	1
9915	27	1
9916	12	1
9917	14	1
9918	12	1
9919	52	1
9920	56	1
9921	39	1
9922	6	1
9923	6	1
9924	6	1
9925	72	1
9926	42	1
9927	45	1
9928	28	1
9929	46	1
9930	17	1
9931	49	1
9932	55	1
9933	39	1
9934	2	1
9935	4	1
9936	4	1
9937	34	1
9938	52	1
9939	14	1
9940	18	1
9941	31	1
9942	103	1
9943	13	1
9944	35	1
9945	35	1
9946	0	1
9947	12	1
9948	6	1
9949	18	1
9950	16	1
9951	16	1
9952	103	1
9953	103	1
9954	8	1
9955	3	1
9956	1	1
9957	98	1
9958	98	1
9959	65	1
9960	56	1
9961	46	1
9962	65	1
9963	49	1
9964	52	1
9965	6	1
9966	6	1
9967	18	1
9968	6	1
9969	27	1
9970	6	1
9971	6	1
9972	52	1
9973	139	1
9974	7	1
9975	6	1
9976	48	1
9977	48	1
9978	45	1
9979	11	1
9980	19	1
9981	12	1
9982	115	1
9983	68	1
9984	40	1
9985	11	1
9986	11	1
9987	11	1
9988	18	1
9989	139	1
9990	24	1
9991	49	1
9992	55	1
9993	34	1
9994	122	1
9995	49	1
9996	47	1
9997	115	1
9998	11	1
9999	12	1
10000	12	1
10001	12	1
10002	4	1
10003	4	1
10004	53	1
10005	24	1
10006	6	1
10007	72	1
10008	82	1
10009	40	1
10010	48	1
10011	135	1
10012	12	1
10013	36	1
10014	17	1
10015	71	1
10016	83	1
10017	83	1
10018	34	1
10019	6	1
10020	135	1
10021	2	1
10022	104	1
10023	63	1
10024	6	1
10025	137	1
10026	68	1
10027	44	1
10028	6	1
10029	102	1
10030	65	1
10031	1	1
10032	49	1
10033	46	1
10034	49	1
10035	31	1
10036	3	1
10037	70	1
10038	30	1
10039	70	1
10040	70	1
10041	2	1
10042	34	1
10043	43	1
10044	37	1
10045	18	1
10046	35	1
10047	71	1
10048	6	1
10049	153	1
10050	27	1
10051	6	1
10052	19	1
10053	78	1
10054	19	1
10055	52	1
10056	103	1
10057	35	1
10058	46	1
10059	81	1
10060	52	1
10061	6	1
10062	41	1
10063	98	1
10064	102	1
10065	33	1
10066	31	1
10067	22	1
10068	33	1
10069	38	1
10070	32	1
10071	6	1
10072	102	1
10073	40	1
10074	19	1
10075	19	1
10076	3	1
10077	6	1
10078	6	1
10079	55	1
10080	82	1
10081	55	1
10082	74	1
10083	44	1
10084	1	1
10085	19	1
10086	19	1
10087	6	1
10088	45	1
10089	121	1
10090	94	1
10091	41	1
10092	75	1
10093	102	1
10094	141	1
10095	19	1
10096	13	1
10097	139	1
10098	1	1
10099	68	1
10100	4	1
10101	55	1
10102	12	1
10103	16	1
10104	73	1
10105	70	1
10106	14	1
10107	98	1
10108	49	1
10109	2	1
10110	6	1
10111	49	1
10112	49	1
10113	6	1
10114	102	1
10115	6	1
10116	6	1
10117	6	1
10118	74	1
10119	23	1
10120	34	1
10121	16	1
10122	12	1
10123	85	1
10124	16	1
10125	11	1
10126	13	1
10127	13	1
10128	75	1
10129	37	1
10130	30	1
10131	82	1
10132	79	1
10133	82	1
10134	24	1
10135	106	1
10136	0	1
10137	6	1
10138	6	1
10139	48	1
10140	46	1
10141	34	1
10142	70	1
10143	0	1
10144	70	1
10145	27	1
10146	70	1
10147	94	1
10148	121	1
10149	54	1
10150	42	1
10151	103	1
10152	78	1
10153	94	1
10154	94	1
10155	94	1
10156	40	1
10157	52	1
10158	18	1
10159	121	1
10160	102	1
10161	31	1
10162	77	1
10163	46	1
10164	69	1
10165	69	1
10166	36	1
10167	36	1
10168	71	1
10169	6	1
10170	41	1
10171	135	1
10172	87	1
10173	0	1
10174	92	1
10175	0	1
10176	18	1
10177	45	1
10178	27	1
10179	0	1
10180	6	1
10181	92	1
10182	44	1
10183	116	1
10184	10	1
10185	6	1
10186	34	1
10187	6	1
10188	6	1
10189	47	1
10190	90	1
10191	54	1
10192	111	1
10193	79	1
10194	79	1
10195	79	1
10196	55	1
10197	96	1
10198	40	1
10199	77	1
10200	141	1
10201	0	1
10202	84	1
10203	11	1
10204	3	1
10205	2	1
10206	137	1
10207	2	1
10208	45	1
10209	49	1
10210	68	1
10211	103	1
10212	12	1
10213	0	1
10214	3	1
10215	27	1
10216	65	1
10217	0	1
10218	30	1
10219	42	1
10220	17	1
10221	85	1
10222	2	1
10223	6	1
10224	70	1
10225	115	1
10226	139	1
10227	103	1
10228	19	1
10229	33	1
10230	4	1
10231	4	1
10232	19	1
10233	42	1
10234	11	1
10235	29	1
10236	42	1
10237	6	1
10238	11	1
10239	18	1
10240	90	1
10241	55	1
10242	55	1
10243	34	1
10244	34	1
10245	38	1
10246	40	1
10247	110	1
10248	68	1
10249	93	1
10250	71	1
10251	34	1
10252	74	1
10253	68	1
10254	18	1
10255	15	1
10256	22	1
10257	14	1
10258	110	1
10259	5	1
10260	102	1
10261	102	1
10262	61	1
10263	5	1
10264	12	1
10265	4	1
10266	71	1
10267	66	1
10268	9	1
10269	110	1
10270	74	1
10271	98	1
10272	4	1
10273	14	1
10274	12	1
10275	110	1
10276	14	1
10277	12	1
10278	6	1
10279	18	1
10280	6	1
10281	0	1
10282	6	1
10283	0	1
10284	6	1
10285	33	1
10286	0	1
10287	65	1
10288	6	1
10289	68	1
10290	12	1
10291	6	1
10292	74	1
10293	34	1
10294	66	1
10295	103	1
10296	1	1
10297	98	1
10298	6	1
10299	24	1
10300	35	1
10301	4	1
10302	33	1
10303	12	1
10304	103	1
10305	62	1
10306	4	1
10307	4	1
10308	52	1
10309	6	1
10310	34	1
10311	12	1
10312	4	1
10313	103	1
10314	0	1
10315	17	1
10316	22	1
10317	4	1
10318	4	1
10319	18	1
10320	19	1
10321	46	1
10322	29	1
10323	4	1
10324	11	1
10325	18	1
10326	4	1
10327	12	1
10328	103	1
10329	12	1
10330	6	1
10331	6	1
10332	36	1
10333	27	1
10334	35	1
10335	33	1
10336	53	1
10337	12	1
10338	3	1
10339	121	1
10340	115	1
10341	9	1
10342	12	1
10343	0	1
10344	4	1
10345	4	1
10346	38	1
10347	17	1
10348	18	1
10349	121	1
10350	102	1
10351	126	1
10352	103	1
10353	6	1
10354	61	1
10355	18	1
10356	66	1
10357	102	1
10358	12	1
10359	92	1
10360	102	1
10361	33	1
10362	0	1
10363	29	1
10364	69	1
10365	29	1
10366	8	1
10367	34	1
10368	8	1
10369	6	1
10370	127	1
10371	103	1
10372	12	1
10373	34	1
10374	18	1
10375	66	1
10376	4	1
10377	12	1
10378	4	1
10379	70	1
10380	33	1
10381	96	1
10382	18	1
10383	46	1
10384	12	1
10385	4	1
10386	61	1
10387	4	1
10388	46	1
10389	44	1
10390	6	1
10391	85	1
10392	19	1
10393	19	1
10394	17	1
10395	3	1
10396	2	1
10397	4	1
10398	3	1
10399	139	1
10400	33	1
10401	114	1
10402	102	1
10403	49	1
10404	81	1
10405	181	1
10406	75	1
10407	12	1
10408	34	1
10409	46	1
10410	68	1
10411	84	1
10412	62	1
10413	4	1
10414	25	1
10415	37	1
10416	84	1
10417	25	1
10418	14	1
10419	12	1
10420	14	1
10421	14	1
10422	35	1
10423	32	1
10424	21	1
10425	40	1
10426	2	1
10427	74	1
10428	3	1
10429	25	1
10430	27	1
10431	33	1
10432	30	1
10433	92	1
10434	4	1
10435	35	1
10436	13	1
10437	37	1
10438	33	1
10439	13	1
10440	36	1
10441	40	1
10442	2	1
10443	10	1
10444	42	1
10445	12	1
10446	37	1
10447	65	1
10448	33	1
10449	32	1
10450	35	1
10451	56	1
10452	4	1
10453	4	1
10454	93	1
10455	12	1
10456	110	1
10457	16	1
10458	42	1
10459	40	1
10460	42	1
10461	40	1
10462	82	1
10463	24	1
10464	4	1
10465	42	1
10466	34	1
10467	6	1
10468	53	1
10469	84	1
10470	34	1
10471	61	1
10472	30	1
10473	6	1
10474	42	1
10475	7	1
10476	36	1
10477	81	1
10478	8	1
10479	4	1
10480	5	1
10481	150	1
10482	103	1
10483	42	1
10484	8	1
10485	40	1
10486	98	1
10487	96	1
10488	11	1
10489	4	1
10490	31	1
10491	61	1
10492	61	1
10493	64	1
10494	63	1
10495	121	1
10496	11	1
10497	7	1
10498	66	1
10499	1	1
10500	7	1
10501	62	1
10502	61	1
10503	75	1
10504	30	1
10505	25	1
10506	63	1
10507	62	1
10508	29	1
10509	11	1
10510	39	1
10511	4	1
10512	39	1
10513	25	1
10514	41	1
10515	23	1
10516	10	1
10517	31	1
10518	37	1
10519	33	1
10520	17	1
10521	3	1
10522	13	1
10523	16	1
10524	61	1
10525	1	1
10526	37	1
10527	4	1
10528	37	1
10529	13	1
10530	124	1
10531	16	1
10532	13	1
10533	40	1
10534	70	1
10535	4	1
10536	19	1
10537	68	1
10538	98	1
10539	70	1
10540	98	1
10541	4	1
10542	6	1
10543	84	1
10544	40	1
10545	78	1
10546	6	1
10547	72	1
10548	35	1
10549	6	1
10550	139	1
10551	174	1
10552	4	1
10553	88	1
10554	42	1
10555	19	1
10556	42	1
10557	42	1
10558	4	1
10559	45	1
10560	34	1
10561	2	1
10562	45	1
10563	19	1
10564	74	1
10565	31	1
10566	83	1
10567	12	1
10568	83	1
10569	83	1
10570	49	1
10571	72	1
10572	12	1
10573	13	1
10574	2	1
10575	43	1
10576	56	1
10577	6	1
10578	6	1
10579	22	1
10580	88	1
10581	59	1
10582	88	1
10583	85	1
10584	74	1
10585	74	1
10586	83	1
10587	84	1
10588	88	1
10589	65	1
10590	88	1
10591	68	1
10592	64	1
10593	83	1
10594	3	1
10595	60	1
10596	106	1
10597	101	1
10598	115	1
10599	90	1
10600	21	1
10601	110	1
10602	123	1
10603	93	1
10604	25	1
10605	40	1
10606	33	1
10607	44	1
10608	31	1
10609	68	1
10610	30	1
10611	109	1
10612	60	1
10613	11	1
10614	49	1
10615	12	1
10616	125	1
10617	35	1
10618	84	1
10619	134	1
10620	19	1
10621	4	1
10622	36	1
10623	8	1
10624	38	1
10625	38	1
10626	4	1
10627	6	1
10628	75	1
10629	16	1
10630	1	1
10631	5	1
10632	42	1
10633	29	1
10634	74	1
10635	78	1
10636	17	1
10637	96	1
10638	101	1
10639	0	1
10640	36	1
10641	0	1
10642	31	1
10643	92	1
10644	79	1
10645	4	1
10646	54	1
10647	82	1
10648	6	1
10649	117	1
10650	27	1
10651	6	1
10652	30	1
10653	10	1
10654	31	1
10655	4	1
10656	72	1
10657	1	1
10658	60	1
10659	14	1
10660	93	1
10661	76	1
10662	31	1
10663	34	1
10664	79	1
10665	96	1
10666	6	1
10667	76	1
10668	10	1
10669	93	1
10670	74	1
10671	90	1
10672	52	1
10673	6	1
10674	3	1
10675	109	1
10676	91	1
10677	60	1
10678	40	1
10679	90	1
10680	155	1
10681	68	1
10682	84	1
10683	102	1
10684	0	1
10685	29	1
10686	127	1
10687	42	1
10688	4	1
10689	60	1
10690	23	1
10691	6	1
10692	139	1
10693	47	1
10694	24	1
10695	5	1
10696	90	1
10697	1	1
10698	40	1
10699	72	1
10700	27	1
10701	83	1
10702	117	1
10703	56	1
10704	5	1
10705	82	1
10706	35	1
10707	13	1
10708	19	1
10709	6	1
10710	14	1
10711	11	1
10712	4	1
10713	19	1
10714	31	1
10715	68	1
10716	30	1
10717	2	1
10718	16	1
10719	93	1
10720	36	1
10721	56	1
10722	85	1
10723	32	1
10724	6	1
10725	31	1
10726	16	1
10727	27	1
10728	27	1
10729	4	1
10730	4	1
10731	6	1
10732	4	1
10733	4	1
10734	4	1
10735	16	1
10736	4	1
10737	78	1
10738	19	1
10739	70	1
10740	77	1
10741	31	1
10742	70	1
10743	45	1
10744	4	1
10745	35	1
10746	54	1
10747	56	1
10748	11	1
10749	4	1
10750	96	1
10751	24	1
10752	33	1
10753	38	1
10754	6	1
10755	6	1
10756	64	1
10757	34	1
10758	1	1
10759	31	1
10760	6	1
10761	37	1
10762	34	1
10763	84	1
10764	40	1
10765	38	1
10766	19	1
10767	72	1
10768	6	1
10769	19	1
10770	96	1
10771	18	1
10772	8	1
10773	46	1
10774	70	1
10775	42	1
10776	56	1
10777	17	1
10778	34	1
10779	42	1
10780	27	1
10781	22	1
10782	4	1
10783	119	1
10784	22	1
10785	77	1
10786	174	1
10787	77	1
10788	27	1
10789	91	1
10790	46	1
10791	18	1
10792	163	1
10793	93	1
10794	113	1
10795	19	1
10796	53	1
10797	103	1
10798	39	1
10799	4	1
10800	39	1
10801	19	1
10802	96	1
10803	62	1
10804	39	1
10805	56	1
10806	54	1
10807	108	1
10808	22	1
10809	78	1
10810	11	1
10811	22	1
10812	52	1
10813	6	1
10814	77	1
10815	42	1
10816	21	1
10817	50	1
10818	139	1
10819	63	1
10820	34	1
10821	37	1
10822	47	1
10823	47	1
10824	68	1
10825	65	1
10826	5	1
10827	12	1
10828	1	1
10829	41	1
10830	90	1
10831	115	1
10832	12	1
10833	32	1
10834	65	1
10835	2	1
10836	52	1
10837	12	1
10838	12	1
10839	31	1
10840	13	1
10841	4	1
10842	2	1
10843	16	1
10844	54	1
10845	34	1
10846	66	1
10847	8	1
10848	45	1
10849	22	1
10850	56	1
10851	34	1
10852	55	1
10853	54	1
10854	8	1
10855	54	1
10856	6	1
10857	37	1
10858	56	1
10859	8	1
10860	54	1
10861	29	1
10862	29	1
10863	8	1
10864	93	1
10865	40	1
10866	76	1
10867	54	1
10868	68	1
10869	13	1
10870	12	1
10871	0	1
10872	27	1
10873	42	1
10874	90	1
10875	85	1
10876	52	1
10877	62	1
10878	2	1
10879	48	1
10880	50	1
10881	50	1
10882	22	1
10883	4	1
10884	4	1
10885	78	1
10886	1	1
10887	117	1
10888	4	1
10889	34	1
10890	61	1
10891	56	1
10892	117	1
10893	6	1
10894	29	1
10895	4	1
10896	1	1
10897	4	1
10898	35	1
10899	6	1
10900	4	1
10901	34	1
10902	19	1
10903	82	1
10904	24	1
10905	60	1
10906	35	1
10907	25	1
10908	71	1
10909	37	1
10910	21	1
10911	35	1
10912	32	1
10913	19	1
10914	19	1
10915	19	1
10916	42	1
10917	109	1
10918	6	1
10919	31	1
10920	6	1
10921	93	1
10922	25	1
10923	40	1
10924	43	1
10925	85	1
10926	43	1
10927	72	1
10928	43	1
10929	16	1
10930	10	1
10931	13	1
10932	106	1
10933	74	1
10934	106	1
10935	50	1
10936	45	1
10937	24	1
10938	68	1
10939	11	1
10940	4	1
10941	33	1
10942	40	1
10943	19	1
10944	103	1
10945	13	1
10946	11	1
10947	12	1
10948	1	1
10949	5	1
10950	76	1
10951	67	1
10952	5	1
10953	31	1
10954	43	1
10955	83	1
10956	5	1
10957	24	1
10958	49	1
10959	26	1
10960	2	1
10961	84	1
10962	55	1
10963	40	1
10964	88	1
10965	40	1
10966	106	1
10967	55	1
10968	55	1
10969	115	1
10970	11	1
10971	40	1
10972	40	1
10973	88	1
10974	60	1
10975	27	1
10976	31	1
10977	35	1
10978	12	1
10979	93	1
10980	43	1
10981	18	1
10982	49	1
10983	37	1
10984	14	1
10985	54	1
10986	11	1
10987	71	1
10988	84	1
10989	12	1
10990	19	1
10991	37	1
10992	78	1
10993	158	1
10994	78	1
10995	83	1
10996	0	1
10997	34	1
10998	103	1
10999	4	1
11000	103	1
11001	68	1
11002	31	1
11003	23	1
11004	39	1
11005	103	1
11006	154	1
11007	31	1
11008	17	1
11009	79	1
11010	46	1
11011	38	1
11012	150	1
11013	39	1
11014	41	1
11015	38	1
11016	17	1
11017	68	1
11018	83	1
11019	66	1
11020	84	1
11021	85	1
11022	68	1
11023	83	1
11024	114	1
11025	182	1
11026	68	1
11027	157	1
11028	150	1
11029	56	1
11030	18	1
11031	84	1
11032	2	1
11033	42	1
11034	34	1
11035	2	1
11036	44	1
11037	4	1
11038	9	1
11039	74	1
11040	98	1
11041	68	1
11042	65	1
11043	103	1
11044	83	1
11045	82	1
11046	56	1
11047	90	1
11048	77	1
11049	1	1
11050	1	1
11051	60	1
11052	82	1
11053	6	1
11054	19	1
11055	25	1
11056	1	1
11057	74	1
11058	55	1
11059	56	1
11060	102	1
11061	82	1
11062	79	1
11063	96	1
11064	79	1
11065	79	1
11066	7	1
11067	35	1
11068	82	1
11069	96	1
11070	135	1
11071	55	1
11072	55	1
11073	4	1
11074	45	1
11075	106	1
11076	40	1
11077	40	1
11078	17	1
11079	82	1
11080	82	1
11081	68	1
11082	17	1
11083	12	1
11084	52	1
11085	44	1
11086	26	1
11087	54	1
11088	117	1
11089	56	1
11090	6	1
11091	61	1
11092	31	1
11093	70	1
11094	117	1
11095	96	1
11096	117	1
11097	61	1
11098	61	1
11099	103	1
11100	49	1
11101	6	1
11102	52	1
11103	25	1
11104	83	1
11105	68	1
11106	0	1
11107	34	1
11108	55	1
11109	100	1
11110	35	1
11111	46	1
11112	46	1
11113	27	1
11114	3	1
11115	46	1
11116	81	1
11117	21	1
11118	14	1
11119	73	1
11120	22	1
11121	0	1
11122	78	1
11123	9	1
11124	39	1
11125	93	1
11126	34	1
11127	84	1
11128	122	1
11129	9	1
11130	13	1
11131	30	1
11132	34	1
11133	24	1
11134	4	1
11135	78	1
11136	129	1
11137	103	1
11138	46	1
11139	70	1
11140	84	1
11141	1	1
11142	79	1
11143	70	1
11144	2	1
11145	31	1
11146	35	1
11147	12	1
11148	54	1
11149	22	1
11150	46	1
11151	46	1
11152	70	1
11153	22	1
11154	22	1
11155	46	1
11156	34	1
11157	62	1
11158	63	1
11159	114	1
11160	45	1
11161	6	1
11162	103	1
11163	84	1
11164	85	1
11165	85	1
11166	0	1
11167	61	1
11168	33	1
11169	114	1
11170	34	1
11171	12	1
11172	11	1
11173	75	1
11174	12	1
11175	27	1
11176	6	1
11177	19	1
11178	46	1
11179	61	1
11180	129	1
11181	78	1
11182	103	1
11183	94	1
11184	17	1
11185	103	1
11186	70	1
11187	45	1
11188	42	1
11189	6	1
11190	137	1
11191	6	1
11192	137	1
11193	27	1
11194	70	1
11195	68	1
11196	46	1
11197	27	1
11198	136	1
11199	3	1
11200	0	1
11201	4	1
11202	110	1
11203	79	1
11204	1	1
11205	14	1
11206	24	1
11207	127	1
11208	3	1
11209	85	1
11210	49	1
11211	68	1
11212	84	1
11213	70	1
11214	10	1
11215	122	1
11216	66	1
11217	12	1
11218	8	1
11219	64	1
11220	74	1
11221	76	1
11222	19	1
11223	0	1
11224	137	1
11225	37	1
11226	84	1
11227	3	1
11228	96	1
11229	62	1
11230	3	1
11231	50	1
11232	85	1
11233	68	1
11234	44	1
11235	52	1
11236	16	1
11237	12	1
11238	63	1
11239	1	1
11240	62	1
11241	88	1
11242	23	1
11243	39	1
11244	6	1
11245	93	1
11246	45	1
11247	75	1
11248	65	1
11249	137	1
11250	1	1
11251	79	1
11252	56	1
11253	19	1
11254	55	1
11255	45	1
11256	0	1
11257	139	1
11258	6	1
11259	12	1
11260	27	1
11261	90	1
11262	85	1
11263	102	1
11264	77	1
11265	2	1
11266	11	1
11267	11	1
11268	12	1
11269	34	1
11270	12	1
11271	86	1
11272	27	1
11273	47	1
11274	17	1
11275	12	1
11276	12	1
11277	56	1
11278	4	1
11279	9	1
11280	4	1
11281	4	1
11282	9	1
11283	4	1
11284	52	1
11285	12	1
11286	9	1
11287	77	1
11288	16	1
11289	6	1
11290	2	1
11291	25	1
11292	6	1
11293	4	1
11294	36	1
11295	2	1
11296	17	1
11297	84	1
11298	4	1
11299	6	1
11300	16	1
11301	101	1
11302	56	1
11303	46	1
11304	10	1
11305	18	1
11306	74	1
11307	24	1
11308	31	1
11309	106	1
11310	96	1
11311	0	1
11312	25	1
11313	59	1
11314	29	1
11315	0	1
11316	69	1
11317	183	1
11318	54	1
11319	34	1
11320	102	1
11321	77	1
11322	152	1
11323	70	1
11324	18	1
11325	103	1
11326	6	1
11327	135	1
11328	32	1
11329	68	1
11330	4	1
11331	70	1
11332	36	1
11333	71	1
11334	29	1
11335	12	1
11336	103	1
11337	18	1
11338	1	1
11339	6	1
11340	25	1
11341	4	1
11342	13	1
11343	1	1
11344	82	1
11345	62	1
11346	56	1
11347	36	1
11348	18	1
11349	4	1
11350	98	1
11351	35	1
11352	82	1
11353	93	1
11354	6	1
11355	4	1
11356	6	1
11357	84	1
11358	0	1
11359	4	1
11360	61	1
11361	18	1
11362	14	1
11363	84	1
11364	37	1
11365	68	1
11366	56	1
11367	73	1
11368	56	1
11369	37	1
11370	79	1
11371	70	1
11372	33	1
11373	18	1
11374	34	1
11375	39	1
11376	4	1
11377	18	1
11378	4	1
11379	50	1
11380	31	1
11381	43	1
11382	34	1
11383	12	1
11384	37	1
11385	42	1
11386	103	1
11387	17	1
11388	103	1
11389	18	1
11390	135	1
11391	6	1
11392	77	1
11393	34	1
11394	41	1
11395	6	1
11396	70	1
11397	6	1
11398	12	1
11399	21	1
11400	68	1
11401	50	1
11402	62	1
11403	19	1
11404	22	1
11405	19	1
11406	19	1
11407	98	1
11408	34	1
11409	79	1
11410	177	1
11411	56	1
11412	42	1
11413	54	1
11414	84	1
11415	5	1
11416	76	1
11417	21	1
11418	1	1
11419	46	1
11420	62	1
11421	35	1
11422	33	1
11423	26	1
11424	6	1
11425	0	1
11426	12	1
11427	52	1
11428	77	1
11429	103	1
11430	11	1
11431	41	1
11432	20	1
11433	15	1
11434	42	1
11435	6	1
11436	55	1
11437	6	1
11438	121	1
11439	71	1
11440	35	1
11441	17	1
11442	14	1
11443	37	1
11444	53	1
11445	129	1
11446	1	1
11447	45	1
11448	4	1
11449	74	1
11450	37	1
11451	74	1
11452	106	1
11453	40	1
11454	55	1
11455	34	1
11456	6	1
11457	139	1
11458	25	1
11459	79	1
11460	136	1
11461	34	1
11462	31	1
11463	42	1
11464	5	1
11465	31	1
11466	103	1
11467	69	1
11468	17	1
11469	3	1
11470	19	1
11471	56	1
11472	55	1
11473	34	1
11474	52	1
11475	42	1
11476	8	1
11477	6	1
11478	46	1
11479	6	1
11480	17	1
11481	83	1
11482	103	1
11483	103	1
11484	4	1
11485	19	1
11486	4	1
11487	6	1
11488	82	1
11489	68	1
11490	70	1
11491	4	1
11492	83	1
11493	23	1
11494	64	1
11495	38	1
11496	84	1
11497	18	1
11498	70	1
11499	6	1
11500	40	1
11501	127	1
11502	53	1
11503	137	1
11504	1	1
11505	1	1
11506	6	1
11507	137	1
11508	137	1
11509	27	1
11510	25	1
11511	52	1
11512	135	1
11513	75	1
11514	117	1
11515	97	1
11516	29	1
11517	39	1
11518	66	1
11519	42	1
11520	2	1
11521	18	1
11522	30	1
11523	11	1
11524	6	1
11525	19	1
11526	6	1
11527	17	1
11528	30	1
11529	19	1
11530	103	1
11531	34	1
11532	52	1
11533	17	1
11534	30	1
11535	17	1
11536	139	1
11537	137	1
11538	52	1
11539	52	1
11540	57	1
11541	77	1
11542	106	1
11543	55	1
11544	35	1
11545	19	1
11546	49	1
11547	3	1
11548	1	1
11549	1	1
11550	31	1
11551	49	1
11552	31	1
11553	6	1
11554	19	1
11555	49	1
11556	46	1
11557	90	1
11558	151	1
11559	85	1
11560	19	1
11561	66	1
11562	85	1
11563	19	1
11564	42	1
11565	16	1
11566	40	1
11567	17	1
11568	2	1
11569	98	1
11570	2	1
11571	170	1
11572	140	1
11573	53	1
11574	2	1
11575	52	1
11576	22	1
11577	139	1
11578	34	1
11579	1	1
11580	34	1
11581	6	1
11582	6	1
11583	138	1
11584	30	1
11585	46	1
11586	6	1
11587	19	1
11588	17	1
11589	55	1
11590	19	1
11591	16	1
11592	6	1
11593	35	1
11594	6	1
11595	17	1
11596	18	1
11597	75	1
11598	75	1
11599	143	1
11600	21	1
11601	39	1
11602	2	1
11603	49	1
11604	13	1
11605	17	1
11606	106	1
11607	41	1
11608	73	1
11609	19	1
11610	56	1
11611	12	1
11612	2	1
11613	148	1
11614	2	1
11615	68	1
11616	138	1
11617	35	1
11618	35	1
11619	34	1
11620	4	1
11621	22	1
11622	52	1
11623	138	1
11624	30	1
11625	27	1
11626	54	1
11627	93	1
11628	6	1
11629	6	1
11630	170	1
11631	118	1
11632	6	1
11633	25	1
11634	45	1
11635	38	1
11636	131	1
11637	60	1
11638	37	1
11639	5	1
11640	55	1
11641	70	1
11642	98	1
11643	26	1
11644	75	1
11645	40	1
11646	79	1
11647	140	1
11648	52	1
11649	18	1
11650	103	1
11651	16	1
11652	19	1
11653	62	1
11654	34	1
11655	4	1
11656	103	1
11657	34	1
11658	55	1
11659	61	1
11660	121	1
11661	117	1
11662	117	1
11663	61	1
11664	61	1
11665	34	1
11666	19	1
11667	121	1
11668	6	1
11669	6	1
11670	4	1
11671	6	1
11672	39	1
11673	30	1
11674	88	1
11675	47	1
11676	6	1
11677	6	1
11678	34	1
11679	6	1
11680	61	1
11681	6	1
11682	52	1
11683	61	1
11684	65	1
11685	9	1
11686	127	1
11687	65	1
11688	3	1
11689	19	1
11690	127	1
11691	142	1
11692	78	1
11693	11	1
11694	34	1
11695	34	1
11696	62	1
11697	61	1
11698	53	1
11699	79	1
11700	16	1
11701	39	1
11702	121	1
11703	2	1
11704	34	1
11705	33	1
11706	27	1
11707	34	1
11708	34	1
11709	61	1
11710	93	1
11711	6	1
11712	29	1
11713	16	1
11714	6	1
11715	29	1
11716	62	1
11717	6	1
11718	96	1
11719	4	1
11720	4	1
11721	22	1
11722	39	1
11723	61	1
11724	33	1
11725	33	1
11726	53	1
11727	56	1
11728	33	1
11729	48	1
11730	8	1
11731	61	1
11732	4	1
11733	47	1
11734	4	1
11735	19	1
11736	30	1
11737	70	1
11738	40	1
11739	2	1
11740	2	1
11741	2	1
11742	17	1
11743	53	1
11744	52	1
11745	30	1
11746	34	1
11747	34	1
11748	34	1
11749	6	1
11750	34	1
11751	4	1
11752	2	1
11753	30	1
11754	4	1
11755	34	1
11756	62	1
11757	48	1
11758	102	1
11759	30	1
11760	45	1
11761	139	1
11762	4	1
11763	25	1
11764	19	1
11765	98	1
11766	23	1
11767	57	1
11768	19	1
11769	56	1
11770	103	1
11771	16	1
11772	34	1
11773	34	1
11774	17	1
11775	57	1
11776	4	1
11777	103	1
11778	110	1
11779	23	1
11780	34	1
11781	30	1
11782	12	1
11783	47	1
11784	30	1
11785	93	1
11786	110	1
11787	29	1
11788	33	1
11789	33	1
11790	31	1
11791	98	1
11792	40	1
11793	18	1
11794	100	1
11795	50	1
11796	78	1
11797	4	1
11798	25	1
11799	6	1
11800	6	1
11801	10	1
11802	6	1
11803	19	1
11804	61	1
11805	34	1
11806	37	1
11807	1	1
11808	56	1
11809	34	1
11810	78	1
11811	11	1
11812	46	1
11813	63	1
11814	2	1
11815	6	1
11816	54	1
11817	6	1
11818	98	1
11819	84	1
11820	42	1
11821	1	1
11822	70	1
11823	4	1
11824	16	1
11825	34	1
11826	98	1
11827	4	1
11828	98	1
11829	70	1
11830	34	1
11831	4	1
11832	98	1
11833	11	1
11834	2	1
11835	52	1
11836	17	1
11837	34	1
11838	3	1
11839	103	1
11840	33	1
11841	33	1
11842	18	1
11843	4	1
11844	84	1
11845	6	1
11846	34	1
11847	10	1
11848	19	1
11849	39	1
11850	0	1
11851	78	1
11852	63	1
11853	31	1
11854	75	1
11855	35	1
11856	8	1
11857	42	1
11858	13	1
11859	87	1
11860	118	1
11861	34	1
11862	40	1
11863	73	1
11864	78	1
11865	70	1
11866	100	1
11867	30	1
11868	34	1
11869	11	1
11870	78	1
11871	78	1
11872	4	1
11873	9	1
11874	82	1
11875	60	1
11876	34	1
11877	43	1
11878	27	1
11879	81	1
11880	96	1
11881	36	1
11882	27	1
11883	83	1
11884	22	1
11885	6	1
11886	34	1
11887	103	1
11888	46	1
11889	63	1
11890	10	1
11891	93	1
11892	30	1
11893	68	1
11894	62	1
11895	49	1
11896	0	1
11897	137	1
11898	13	1
11899	49	1
11900	6	1
11901	118	1
11902	139	1
11903	104	1
11904	55	1
11905	78	1
11906	2	1
11907	39	1
11908	4	1
11909	17	1
11910	30	1
11911	33	1
11912	33	1
11913	33	1
11914	29	1
11915	5	1
11916	41	1
11917	34	1
11918	79	1
11919	3	1
11920	18	1
11921	158	1
11922	34	1
11923	42	1
11924	29	1
11925	6	1
11926	62	1
11927	43	1
11928	70	1
11929	27	1
11930	6	1
11931	40	1
11932	4	1
11933	6	1
11934	1	1
11935	6	1
11936	116	1
11937	116	1
11938	6	1
11939	34	1
11940	6	1
11941	4	1
11942	68	1
11943	174	1
11944	6	1
11945	25	1
11946	37	1
11947	177	1
11948	78	1
11949	118	1
11950	3	1
11951	93	1
11952	85	1
11953	3	1
11954	98	1
11955	17	1
11956	64	1
11957	42	1
11958	6	1
11959	52	1
11960	68	1
11961	16	1
11962	9	1
11963	68	1
11964	6	1
11965	6	1
11966	62	1
11967	72	1
11968	34	1
11969	6	1
11970	121	1
11971	103	1
11972	77	1
11973	22	1
11974	68	1
11975	68	1
11976	139	1
11977	77	1
11978	1	1
11979	4	1
11980	60	1
11981	8	1
11982	30	1
11983	30	1
11984	11	1
11985	121	1
11986	31	1
11987	12	1
11988	62	1
11989	8	1
11990	48	1
11991	49	1
11992	98	1
11993	17	1
11994	32	1
11995	8	1
11996	77	1
11997	11	1
11998	3	1
11999	3	1
12000	11	1
12001	38	1
12002	121	1
12003	8	1
12004	3	1
12005	12	1
12006	68	1
12007	6	1
12008	98	1
12009	6	1
12010	34	1
12011	27	1
12012	103	1
12013	98	1
12014	65	1
12015	6	1
12016	4	1
12017	2	1
12018	24	1
12019	59	1
12020	34	1
12021	1	1
12022	1	1
12023	103	1
12024	1	1
12025	43	1
12026	42	1
12027	4	1
12028	4	1
12029	6	1
12030	4	1
12031	10	1
12032	58	1
12033	39	1
12034	31	1
12035	69	1
12036	69	1
12037	38	1
12038	12	1
12039	25	1
12040	96	1
12041	38	1
12042	3	1
12043	27	1
12044	11	1
12045	4	1
12046	11	1
12047	78	1
12048	68	1
12049	138	1
12050	6	1
12051	8	1
12052	50	1
12053	4	1
12054	69	1
12055	42	1
12056	49	1
12057	103	1
12058	124	1
12059	77	1
12060	124	1
12061	75	1
12062	124	1
12063	4	1
12064	19	1
12065	124	1
12066	29	1
12067	3	1
12068	63	1
12069	17	1
12070	6	1
12071	1	1
12072	0	1
12073	11	1
12074	6	1
12075	17	1
12076	17	1
12077	36	1
12078	4	1
12079	6	1
12080	137	1
12081	4	1
12082	14	1
12083	68	1
12084	68	1
12085	14	1
12086	53	1
12087	85	1
12088	74	1
12089	68	1
12090	8	1
12091	12	1
12092	24	1
12093	12	1
12094	12	1
12095	8	1
12096	12	1
12097	74	1
12098	24	1
12099	13	1
12100	68	1
12101	4	1
12102	68	1
12103	23	1
12104	12	1
12105	24	1
12106	19	1
12107	3	1
12108	1	1
12109	19	1
12110	19	1
12111	94	1
12112	27	1
12113	1	1
12114	35	1
12115	4	1
12116	37	1
12117	44	1
12118	16	1
12119	9	1
12120	12	1
12121	12	1
12122	63	1
12123	24	1
12124	7	1
12125	12	1
12126	4	1
12127	52	1
12128	7	1
12129	16	1
12130	16	1
12131	4	1
12132	16	1
12133	40	1
12134	19	1
12135	40	1
12136	40	1
12137	19	1
12138	1	1
12139	19	1
12140	1	1
12141	68	1
12142	11	1
12143	43	1
12144	30	1
12145	62	1
12146	0	1
12147	77	1
12148	96	1
12149	117	1
12150	4	1
12151	6	1
12152	52	1
12153	56	1
12154	4	1
12155	79	1
12156	93	1
12157	8	1
12158	117	1
12159	34	1
12160	4	1
12161	6	1
12162	40	1
12163	98	1
12164	8	1
12165	98	1
12166	38	1
12167	34	1
12168	72	1
12169	43	1
12170	34	1
12171	2	1
12172	78	1
12173	55	1
12174	6	1
12175	62	1
12176	62	1
12177	43	1
12178	135	1
12179	2	1
12180	1	1
12181	6	1
12182	77	1
12183	10	1
12184	98	1
12185	49	1
12186	102	1
12187	49	1
12188	68	1
12189	13	1
12190	104	1
12191	93	1
12192	8	1
12193	41	1
12194	78	1
12195	4	1
12196	1	1
12197	18	1
12198	103	1
12199	4	1
12200	4	1
12201	62	1
12202	46	1
12203	4	1
12204	4	1
12205	37	1
12206	103	1
12207	72	1
12208	3	1
12209	11	1
12210	37	1
12211	103	1
12212	12	1
12213	44	1
12214	26	1
12215	21	1
12216	8	1
12217	78	1
12218	34	1
12219	12	1
12220	126	1
12221	102	1
12222	49	1
12223	34	1
12224	4	1
12225	104	1
12226	4	1
12227	34	1
12228	40	1
12229	125	1
12230	61	1
12231	34	1
12232	61	1
12233	2	1
12234	34	1
12235	98	1
12236	5	1
12237	19	1
12238	3	1
12239	21	1
12240	61	1
12241	6	1
12242	6	1
12243	77	1
12244	2	1
12245	103	1
12246	103	1
12247	19	1
12248	1	1
12249	135	1
12250	49	1
12251	1	1
12252	52	1
12253	52	1
12254	6	1
12255	117	1
12256	42	1
12257	103	1
12258	3	1
12259	118	1
12260	35	1
12261	118	1
12262	22	1
12263	31	1
12264	118	1
12265	4	1
12266	4	1
12267	118	1
12268	3	1
12269	22	1
12270	42	1
12271	3	1
12272	37	1
12273	6	1
12274	35	1
12275	55	1
12276	56	1
12277	137	1
12278	82	1
12279	6	1
12280	70	1
12281	36	1
12282	11	1
12283	33	1
12284	11	1
12285	151	1
12286	70	1
12287	1	1
12288	118	1
12289	75	1
12290	4	1
12291	82	1
12292	45	1
12293	151	1
12294	72	1
12295	35	1
12296	42	1
12297	0	1
12298	25	1
12299	70	1
12300	0	1
12301	45	1
12302	35	1
12303	12	1
12304	110	1
12305	81	1
12306	33	1
12307	33	1
12308	84	1
12309	70	1
12310	6	1
12311	83	1
12312	18	1
12313	85	1
12314	16	1
12315	2	1
12316	13	1
12317	7	1
12318	4	1
12319	124	1
12320	3	1
12321	37	1
12322	61	1
12323	34	1
12324	31	1
12325	19	1
12326	49	1
12327	12	1
12328	65	1
12329	6	1
12330	48	1
12331	6	1
12332	6	1
12333	6	1
12334	6	1
12335	110	1
12336	19	1
12337	6	1
12338	6	1
12339	46	1
12340	6	1
12341	6	1
12342	52	1
12343	52	1
12344	19	1
12345	2	1
12346	26	1
12347	152	1
12348	62	1
12349	25	1
12350	81	1
12351	60	1
12352	70	1
12353	102	1
12354	70	1
12355	82	1
12356	12	1
12357	12	1
12358	114	1
12359	40	1
12360	71	1
12361	82	1
12362	35	1
12363	31	1
12364	31	1
12365	13	1
12366	11	1
12367	49	1
12368	40	1
12369	40	1
12370	81	1
12371	49	1
12372	49	1
12373	88	1
12374	47	1
12375	61	1
12376	52	1
12377	125	1
12378	117	1
12379	37	1
12380	20	1
12381	84	1
12382	68	1
12383	82	1
12384	74	1
12385	158	1
12386	53	1
12387	11	1
12388	44	1
12389	103	1
12390	103	1
12391	14	1
12392	94	1
12393	4	1
12394	12	1
12395	10	1
12396	40	1
12397	84	1
12398	65	1
12399	24	1
12400	92	1
12401	135	1
12402	19	1
12403	1	1
12404	75	1
12405	96	1
12406	71	1
12407	64	1
12408	47	1
12409	88	1
12410	78	1
12411	137	1
12412	83	1
12413	66	1
12414	29	1
12415	46	1
12416	137	1
12417	70	1
12418	8	1
12419	24	1
12420	68	1
12421	17	1
12422	46	1
12423	46	1
12424	31	1
12425	34	1
12426	49	1
12427	31	1
12428	70	1
12429	43	1
12430	151	1
12431	82	1
12432	32	1
12433	31	1
12434	82	1
12435	82	1
12436	61	1
12437	34	1
12438	6	1
12439	8	1
12440	19	1
12441	68	1
12442	50	1
12443	3	1
12444	35	1
12445	17	1
12446	35	1
12447	1	1
12448	19	1
12449	7	1
12450	10	1
12451	82	1
12452	46	1
12453	46	1
12454	46	1
12455	3	1
12456	103	1
12457	122	1
12458	151	1
12459	94	1
12460	6	1
12461	20	1
12462	135	1
12463	85	1
12464	38	1
12465	34	1
12466	49	1
12467	137	1
12468	106	1
12469	3	1
12470	4	1
12471	68	1
12472	8	1
12473	52	1
12474	82	1
12475	24	1
12476	55	1
12477	34	1
12478	102	1
12479	60	1
12480	55	1
12481	44	1
12482	135	1
12483	1	1
12484	19	1
12485	78	1
12486	70	1
12487	60	1
12488	6	1
12489	81	1
12490	49	1
12491	85	1
12492	102	1
12493	93	1
12494	20	1
12495	4	1
12496	12	1
12497	18	1
12498	34	1
12499	27	1
12500	93	1
12501	30	1
12502	38	1
12503	102	1
12504	65	1
12505	6	1
12506	6	1
12507	6	1
12508	70	1
12509	30	1
12510	12	1
12511	6	1
12512	40	1
12513	137	1
12514	61	1
12515	40	1
12516	21	1
12517	0	1
12518	81	1
12519	18	1
12520	6	1
12521	16	1
12522	61	1
12523	0	1
12524	27	1
12525	35	1
12526	103	1
12527	6	1
12528	94	1
12529	94	1
12530	25	1
12531	40	1
12532	54	1
12533	6	1
12534	42	1
12535	18	1
12536	56	1
12537	46	1
12538	94	1
12539	78	1
12540	18	1
12541	43	1
12542	70	1
12543	43	1
12544	46	1
12545	41	1
12546	3	1
12547	3	1
12548	16	1
12549	6	1
12550	26	1
12551	61	1
12552	82	1
12553	55	1
12554	73	1
12555	44	1
12556	24	1
12557	6	1
12558	19	1
12559	12	1
12560	12	1
12561	34	1
12562	102	1
12563	79	1
12564	78	1
12565	79	1
12566	96	1
12567	79	1
12568	93	1
12569	96	1
12570	111	1
12571	81	1
12572	25	1
12573	1	1
12574	92	1
12575	10	1
12576	13	1
12577	31	1
12578	103	1
12579	61	1
12580	70	1
12581	13	1
12582	68	1
12583	13	1
12584	2	1
12585	1	1
12586	103	1
12587	103	1
12588	0	1
12589	18	1
12590	18	1
12591	18	1
12592	34	1
12593	6	1
12594	22	1
12595	22	1
12596	70	1
12597	19	1
12598	68	1
12599	22	1
12600	17	1
12601	18	1
12602	139	1
12603	35	1
12604	6	1
12605	35	1
12606	44	1
12607	34	1
12608	103	1
12609	6	1
12610	0	1
12611	18	1
12612	4	1
12613	78	1
12614	42	1
12615	17	1
12616	12	1
12617	3	1
12618	20	1
12619	71	1
12620	29	1
12621	2	1
12622	82	1
12623	35	1
12624	68	1
12625	9	1
12626	84	1
12627	68	1
12628	110	1
12629	71	1
12630	94	1
12631	12	1
12632	66	1
12633	5	1
12634	61	1
12635	27	1
12636	71	1
12637	11	1
12638	84	1
12639	4	1
12640	26	1
12641	6	1
12642	33	1
12643	18	1
12644	0	1
12645	33	1
12646	33	1
12647	6	1
12648	6	1
12649	0	1
12650	33	1
12651	52	1
12652	92	1
12653	44	1
12654	127	1
12655	12	1
12656	4	1
12657	11	1
12658	11	1
12659	18	1
12660	0	1
12661	110	1
12662	24	1
12663	6	1
12664	1	1
12665	18	1
12666	103	1
12667	18	1
12668	103	1
12669	1	1
12670	4	1
12671	33	1
12672	121	1
12673	4	1
12674	4	1
12675	102	1
12676	19	1
12677	102	1
12678	4	1
12679	18	1
12680	13	1
12681	68	1
12682	4	1
12683	6	1
12684	18	1
12685	19	1
12686	40	1
12687	56	1
12688	60	1
12689	56	1
12690	4	1
12691	45	1
12692	93	1
12693	18	1
12694	6	1
12695	11	1
12696	12	1
12697	8	1
12698	13	1
12699	45	1
12700	19	1
12701	35	1
12702	33	1
12703	6	1
12704	38	1
12705	8	1
12706	18	1
12707	27	1
12708	12	1
12709	110	1
12710	6	1
12711	12	1
12712	6	1
12713	35	1
12714	12	1
12715	93	1
12716	12	1
12717	52	1
12718	110	1
12719	4	1
12720	34	1
12721	35	1
12722	33	1
12723	6	1
12724	37	1
12725	103	1
12726	35	1
12727	6	1
12728	31	1
12729	2	1
12730	35	1
12731	35	1
12732	12	1
12733	58	1
12734	38	1
12735	38	1
12736	34	1
12737	68	1
12738	25	1
12739	3	1
12740	110	1
12741	33	1
12742	4	1
12743	16	1
12744	12	1
12745	4	1
12746	18	1
12747	23	1
12748	38	1
12749	24	1
12750	45	1
12751	4	1
12752	14	1
12753	26	1
12754	12	1
12755	42	1
12756	25	1
12757	38	1
12758	4	1
12759	93	1
12760	28	1
12761	34	1
12762	10	1
12763	13	1
12764	16	1
12765	98	1
12766	11	1
12767	36	1
12768	13	1
12769	81	1
12770	19	1
12771	28	1
12772	39	1
12773	42	1
12774	45	1
12775	21	1
12776	12	1
12777	103	1
12778	6	1
12779	115	1
12780	35	1
12781	75	1
12782	13	1
12783	8	1
12784	55	1
12785	41	1
12786	70	1
12787	52	1
12788	12	1
12789	4	1
12790	35	1
12791	53	1
12792	35	1
12793	52	1
12794	6	1
12795	78	1
12796	57	1
12797	97	1
12798	40	1
12799	14	1
12800	17	1
12801	63	1
12802	5	1
12803	5	1
12804	121	1
12805	66	1
12806	14	1
12807	61	1
12808	6	1
12809	75	1
12810	38	1
12811	61	1
12812	1	1
12813	14	1
12814	61	1
12815	14	1
12816	4	1
12817	24	1
12818	61	1
12819	55	1
12820	36	1
12821	29	1
12822	7	1
12823	11	1
12824	4	1
12825	7	1
12826	24	1
12827	23	1
12828	38	1
12829	16	1
12830	4	1
12831	4	1
12832	33	1
12833	4	1
12834	0	1
12835	22	1
12836	65	1
12837	2	1
12838	9	1
12839	19	1
12840	62	1
12841	38	1
12842	49	1
12843	8	1
12844	39	1
12845	32	1
12846	68	1
12847	57	1
12848	84	1
12849	34	1
12850	10	1
12851	12	1
12852	37	1
12853	83	1
12854	98	1
12855	69	1
12856	31	1
12857	31	1
12858	71	1
12859	30	1
12860	75	1
12861	16	1
12862	47	1
12863	45	1
12864	2	1
12865	34	1
12866	69	1
12867	1	1
12868	1	1
12869	44	1
12870	35	1
12871	39	1
12872	31	1
12873	98	1
12874	4	1
12875	53	1
12876	70	1
12877	84	1
12878	13	1
12879	12	1
12880	85	1
12881	83	1
12882	40	1
12883	2	1
12884	65	1
12885	55	1
12886	39	1
12887	21	1
12888	14	1
12889	83	1
12890	59	1
12891	94	1
12892	83	1
12893	75	1
12894	172	1
12895	21	1
12896	61	1
12897	84	1
12898	32	1
12899	77	1
12900	82	1
12901	97	1
12902	84	1
12903	12	1
12904	65	1
12905	92	1
12906	40	1
12907	67	1
12908	41	1
12909	12	1
12910	101	1
12911	96	1
12912	41	1
12913	37	1
12914	68	1
12915	34	1
12916	26	1
12917	23	1
12918	130	1
12919	176	1
12920	141	1
12921	6	1
12922	47	1
12923	58	1
12924	77	1
12925	40	1
12926	40	1
12927	77	1
12928	84	1
12929	69	1
12930	19	1
12931	77	1
12932	52	1
12933	19	1
12934	4	1
12935	106	1
12936	4	1
12937	60	1
12938	65	1
12939	23	1
12940	25	1
12941	60	1
12942	34	1
12943	82	1
12944	18	1
12945	30	1
12946	82	1
12947	30	1
12948	6	1
12949	27	1
12950	27	1
12951	27	1
12952	30	1
12953	18	1
12954	35	1
12955	62	1
12956	61	1
12957	48	1
12958	6	1
12959	40	1
12960	76	1
12961	12	1
12962	93	1
12963	35	1
12964	102	1
12965	53	1
12966	47	1
12967	3	1
12968	6	1
12969	68	1
12970	94	1
12971	52	1
12972	6	1
12973	14	1
12974	60	1
12975	41	1
12976	103	1
12977	24	1
12978	96	1
12979	11	1
12980	11	1
12981	88	1
12982	6	1
12983	42	1
12984	36	1
12985	115	1
12986	40	1
12987	0	1
12988	0	1
12989	115	1
12990	22	1
12991	55	1
12992	75	1
12993	1	1
12994	106	1
12995	18	1
12996	12	1
12997	35	1
12998	23	1
12999	6	1
13000	34	1
13001	28	1
13002	109	1
13003	34	1
13004	77	1
13005	14	1
13006	127	1
13007	55	1
13008	77	1
13009	25	1
13010	79	1
13011	40	1
13012	70	1
13013	70	1
13014	1	1
13015	42	1
13016	4	1
13017	4	1
13018	41	1
13019	35	1
13020	45	1
13021	42	1
13022	4	1
13023	45	1
13024	62	1
13025	4	1
13026	36	1
13027	70	1
13028	93	1
13029	12	1
13030	68	1
13031	49	1
13032	18	1
13033	60	1
13034	68	1
13035	32	1
13036	49	1
13037	54	1
13038	60	1
13039	24	1
13040	35	1
13041	93	1
13042	56	1
13043	24	1
13044	6	1
13045	0	1
13046	74	1
13047	90	1
13048	68	1
13049	4	1
13050	22	1
13051	6	1
13052	103	1
13053	103	1
13054	70	1
13055	35	1
13056	70	1
13057	111	1
13058	115	1
13059	6	1
13060	70	1
13061	30	1
13062	77	1
13063	13	1
13064	70	1
13065	34	1
13066	56	1
13067	70	1
13068	70	1
13069	70	1
13070	103	1
13071	13	1
13072	70	1
13073	71	1
13074	71	1
13075	30	1
13076	3	1
13077	162	1
13078	2	1
13079	77	1
13080	84	1
13081	26	1
13082	27	1
13083	16	1
13084	6	1
13085	6	1
13086	68	1
13087	54	1
13088	4	1
13089	93	1
13090	6	1
13091	98	1
13092	1	1
13093	35	1
13094	56	1
13095	78	1
13096	56	1
13097	39	1
13098	35	1
13099	61	1
13100	40	1
13101	90	1
13102	88	1
13103	13	1
13104	13	1
13105	19	1
13106	47	1
13107	58	1
13108	2	1
13109	44	1
13110	88	1
13111	12	1
13112	12	1
13113	88	1
13114	12	1
13115	63	1
13116	35	1
13117	76	1
13118	2	1
13119	5	1
13120	15	1
13121	2	1
13122	35	1
13123	12	1
13124	54	1
13125	62	1
13126	2	1
13127	6	1
13128	2	1
13129	66	1
13130	56	1
13131	31	1
13132	6	1
13133	54	1
13134	37	1
13135	6	1
13136	45	1
13137	29	1
13138	54	1
13139	6	1
13140	38	1
13141	35	1
13142	29	1
13143	35	1
13144	6	1
13145	84	1
13146	74	1
13147	1	1
13148	13	1
13149	38	1
13150	13	1
13151	37	1
13152	0	1
13153	84	1
13154	50	1
13155	68	1
13156	69	1
13157	1	1
13158	38	1
13159	49	1
13160	77	1
13161	4	1
13162	98	1
13163	2	1
13164	15	1
13165	2	1
13166	23	1
13167	34	1
13168	7	1
13169	142	1
13170	62	1
13171	82	1
13172	6	1
13173	68	1
13174	40	1
13175	6	1
13176	6	1
13177	55	1
13178	36	1
13179	55	1
13180	17	1
13181	29	1
13182	19	1
13183	4	1
13184	61	1
13185	175	1
13186	103	1
13187	83	1
13188	22	1
13189	8	1
13190	75	1
13191	0	1
13192	3	1
13193	3	1
13194	37	1
13195	40	1
13196	3	1
13197	56	1
13198	61	1
13199	35	1
13200	7	1
13201	32	1
13202	33	1
13203	34	1
13204	25	1
13205	65	1
13206	24	1
13207	44	1
13208	70	1
13209	4	1
13210	68	1
13211	12	1
13212	14	1
13213	68	1
13214	13	1
13215	70	1
13216	68	1
13217	68	1
13218	40	1
13219	52	1
13220	25	1
13221	2	1
13222	24	1
13223	43	1
13224	4	1
13225	6	1
13226	117	1
13227	22	1
13228	1	1
13229	29	1
13230	2	1
13231	83	1
13232	75	1
13233	74	1
13234	88	1
13235	88	1
13236	115	1
13237	29	1
13238	47	1
13239	81	1
13240	83	1
13241	106	1
13242	93	1
13243	115	1
13244	42	1
13245	88	1
13246	74	1
13247	75	1
13248	83	1
13249	72	1
13250	21	1
13251	66	1
13252	41	1
13253	71	1
13254	77	1
13255	11	1
13256	115	1
13257	57	1
13258	114	1
13259	13	1
13260	68	1
13261	84	1
13262	83	1
13263	46	1
13264	34	1
13265	19	1
13266	29	1
13267	29	1
13268	34	1
13269	34	1
13270	4	1
13271	17	1
13272	1	1
13273	39	1
13274	70	1
13275	42	1
13276	56	1
13277	96	1
13278	46	1
13279	31	1
13280	32	1
13281	56	1
13282	125	1
13283	33	1
13284	77	1
13285	11	1
13286	39	1
13287	35	1
13288	77	1
13289	84	1
13290	84	1
13291	103	1
13292	93	1
13293	6	1
13294	68	1
13295	82	1
13296	114	1
13297	62	1
13298	19	1
13299	34	1
13300	6	1
13301	103	1
13302	70	1
13303	34	1
13304	77	1
13305	106	1
13306	30	1
13307	133	1
13308	45	1
13309	44	1
13310	6	1
13311	81	1
13312	90	1
13313	79	1
13314	13	1
13315	12	1
13316	65	1
13317	45	1
13318	114	1
13319	5	1
13320	83	1
13321	40	1
13322	22	1
13323	1	1
13324	34	1
13325	19	1
13326	121	1
13327	25	1
13328	115	1
13329	90	1
13330	82	1
13331	16	1
13332	117	1
13333	117	1
13334	79	1
13335	55	1
13336	29	1
13337	27	1
13338	55	1
13339	71	1
13340	30	1
13341	12	1
13342	31	1
13343	25	1
13344	106	1
13345	102	1
13346	79	1
13347	70	1
13348	68	1
13349	83	1
13350	30	1
13351	19	1
13352	77	1
13353	4	1
13354	103	1
13355	78	1
13356	96	1
13357	35	1
13358	50	1
13359	27	1
13360	109	1
13361	12	1
13362	93	1
13363	2	1
13364	1	1
13365	3	1
13366	184	1
13367	54	1
13368	103	1
13369	3	1
13370	46	1
13371	46	1
13372	35	1
13373	84	1
13374	56	1
13375	46	1
13376	129	1
13377	118	1
13378	54	1
13379	70	1
13380	103	1
13381	62	1
13382	103	1
13383	46	1
13384	17	1
13385	103	1
13386	79	1
13387	0	1
13388	56	1
13389	12	1
13390	75	1
13391	56	1
13392	2	1
13393	114	1
13394	56	1
13395	125	1
13396	4	1
13397	12	1
13398	84	1
13399	4	1
13400	24	1
13401	125	1
13402	42	1
13403	39	1
13404	82	1
13405	69	1
13406	22	1
13407	37	1
13408	0	1
13409	2	1
13410	35	1
13411	137	1
13412	7	1
13413	136	1
13414	103	1
13415	68	1
13416	87	1
13417	100	1
13418	6	1
13419	8	1
13420	4	1
13421	27	1
13422	38	1
13423	34	1
13424	4	1
13425	93	1
13426	79	1
13427	74	1
13428	70	1
13429	135	1
13430	17	1
13431	49	1
13432	3	1
13433	70	1
13434	61	1
13435	75	1
13436	84	1
13437	173	1
13438	84	1
13439	52	1
13440	4	1
13441	38	1
13442	12	1
13443	68	1
13444	43	1
13445	6	1
13446	20	1
13447	6	1
13448	77	1
13449	6	1
13450	93	1
13451	6	1
13452	75	1
13453	1	1
13454	1	1
13455	6	1
13456	12	1
13457	2	1
13458	85	1
13459	40	1
13460	62	1
13461	68	1
13462	39	1
13463	4	1
13464	17	1
13465	16	1
13466	21	1
13467	166	1
13468	127	1
13469	84	1
13470	7	1
13471	19	1
13472	68	1
13473	4	1
13474	12	1
13475	17	1
13476	25	1
13477	12	1
13478	43	1
13479	8	1
13480	25	1
13481	50	1
13482	47	1
13483	79	1
13484	97	1
13485	2	1
13486	17	1
13487	8	1
13488	2	1
13489	97	1
13490	93	1
13491	16	1
13492	16	1
13493	63	1
13494	6	1
13495	2	1
13496	35	1
13497	3	1
13498	20	1
13499	17	1
13500	62	1
13501	52	1
13502	6	1
13503	6	1
13504	51	1
13505	52	1
13506	79	1
13507	11	1
13508	3	1
13509	79	1
13510	79	1
13511	45	1
13512	118	1
13513	84	1
13514	102	1
13515	79	1
13516	56	1
13517	6	1
13518	114	1
13519	29	1
13520	101	1
13521	56	1
13522	18	1
13523	12	1
13524	19	1
13525	41	1
13526	60	1
13527	85	1
13528	59	1
13529	12	1
13530	25	1
13531	6	1
13532	6	1
13533	6	1
13534	2	1
13535	103	1
13536	18	1
13537	98	1
13538	111	1
13539	25	1
13540	39	1
13541	96	1
13542	93	1
13543	6	1
13544	111	1
13545	56	1
13546	14	1
13547	6	1
13548	27	1
13549	79	1
13550	4	1
13551	97	1
13552	6	1
13553	19	1
13554	134	1
13555	16	1
13556	29	1
13557	3	1
13558	109	1
13559	18	1
13560	109	1
13561	22	1
13562	124	1
13563	6	1
13564	58	1
13565	17	1
13566	6	1
13567	31	1
13568	12	1
13569	84	1
13570	17	1
13571	18	1
13572	103	1
13573	4	1
13574	4	1
13575	25	1
13576	4	1
13577	35	1
13578	43	1
13579	98	1
13580	39	1
13581	3	1
13582	2	1
13583	18	1
13584	12	1
13585	135	1
13586	135	1
13587	85	1
13588	25	1
13589	34	1
13590	72	1
13591	54	1
13592	35	1
13593	25	1
13594	109	1
13595	109	1
13596	6	1
13597	84	1
13598	84	1
13599	106	1
13600	68	1
13601	19	1
13602	143	1
13603	50	1
13604	18	1
13605	126	1
13606	22	1
13607	25	1
13608	27	1
13609	83	1
13610	6	1
13611	6	1
13612	104	1
13613	3	1
13614	3	1
13615	6	1
13616	3	1
13617	6	1
13618	34	1
13619	29	1
13620	74	1
13621	12	1
13622	30	1
13623	84	1
13624	67	1
13625	20	1
13626	33	1
13627	19	1
13628	136	1
13629	67	1
13630	124	1
13631	85	1
13632	136	1
13633	35	1
13634	169	1
13635	19	1
13636	40	1
13637	17	1
13638	13	1
13639	17	1
13640	172	1
13641	102	1
13642	26	1
13643	50	1
13644	30	1
13645	48	1
13646	15	1
13647	126	1
13648	66	1
13649	19	1
13650	82	1
13651	17	1
13652	35	1
13653	6	1
13654	42	1
13655	121	1
13656	1	1
13657	46	1
13658	96	1
13659	42	1
13660	81	1
13661	34	1
13662	56	1
13663	6	1
13664	2	1
13665	93	1
13666	0	1
13667	0	1
13668	56	1
13669	35	1
13670	137	1
13671	137	1
13672	17	1
13673	17	1
13674	31	1
13675	31	1
13676	103	1
13677	34	1
13678	122	1
13679	4	1
13680	39	1
13681	4	1
13682	8	1
13683	6	1
13684	6	1
13685	85	1
13686	19	1
13687	163	1
13688	118	1
13689	6	1
13690	113	1
13691	6	1
13692	8	1
13693	35	1
13694	35	1
13695	83	1
13696	103	1
13697	144	1
13698	1	1
13699	20	1
13700	6	1
13701	62	1
13702	3	1
13703	34	1
13704	18	1
13705	3	1
13706	33	1
13707	62	1
13708	68	1
13709	91	1
13710	127	1
13711	19	1
13712	78	1
13713	35	1
13714	3	1
13715	69	1
13716	35	1
13717	78	1
13718	8	1
13719	19	1
13720	118	1
13721	3	1
13722	11	1
13723	19	1
13724	1	1
13725	6	1
13726	30	1
13727	138	1
13728	6	1
13729	34	1
13730	19	1
13731	139	1
13732	30	1
13733	139	1
13734	39	1
13735	35	1
13736	34	1
13737	17	1
13738	46	1
13739	30	1
13740	19	1
13741	20	1
13742	55	1
13743	2	1
13744	6	1
13745	6	1
13746	98	1
13747	16	1
13748	46	1
13749	46	1
13750	1	1
13751	6	1
13752	31	1
13753	31	1
13754	19	1
13755	19	1
13756	18	1
13757	0	1
13758	168	1
13759	102	1
13760	19	1
13761	58	1
13762	45	1
13763	3	1
13764	2	1
13765	18	1
13766	19	1
13767	139	1
13768	30	1
13769	139	1
13770	35	1
13771	3	1
13772	139	1
13773	19	1
13774	19	1
13775	19	1
13776	30	1
13777	52	1
13778	46	1
13779	19	1
13780	35	1
13781	19	1
13782	19	1
13783	49	1
13784	66	1
13785	3	1
13786	40	1
13787	6	1
13788	41	1
13789	56	1
13790	21	1
13791	122	1
13792	6	1
13793	148	1
13794	122	1
13795	105	1
13796	50	1
13797	1	1
13798	138	1
13799	19	1
13800	52	1
13801	34	1
13802	19	1
13803	6	1
13804	19	1
13805	17	1
13806	34	1
13807	139	1
13808	6	1
13809	103	1
13810	77	1
13811	0	1
13812	17	1
13813	103	1
13814	96	1
13815	37	1
13816	124	1
13817	3	1
13818	3	1
13819	3	1
13820	12	1
13821	2	1
13822	65	1
13823	12	1
13824	73	1
13825	4	1
13826	13	1
13827	65	1
13828	65	1
13829	104	1
13830	77	1
13831	77	1
13832	19	1
13833	52	1
13834	6	1
13835	29	1
13836	34	1
13837	49	1
13838	43	1
13839	139	1
13840	17	1
13841	4	1
13842	29	1
13843	6	1
13844	19	1
13845	29	1
13846	5	1
13847	18	1
13848	19	1
13849	74	1
13850	17	1
13851	21	1
13852	45	1
13853	68	1
13854	34	1
13855	33	1
13856	46	1
13857	30	1
13858	4	1
13859	8	1
13860	30	1
13861	75	1
13862	103	1
13863	2	1
13864	6	1
13865	49	1
13866	48	1
13867	33	1
13868	34	1
13869	22	1
13870	34	1
13871	4	1
13872	54	1
13873	49	1
13874	117	1
13875	57	1
13876	33	1
13877	61	1
13878	29	1
13879	32	1
13880	39	1
13881	19	1
13882	79	1
13883	4	1
13884	72	1
13885	48	1
13886	61	1
13887	56	1
13888	17	1
13889	39	1
13890	30	1
13891	53	1
13892	79	1
13893	45	1
13894	34	1
13895	124	1
13896	39	1
13897	185	1
13898	34	1
13899	102	1
13900	148	1
13901	39	1
13902	121	1
13903	33	1
13904	30	1
13905	79	1
13906	46	1
13907	2	1
13908	33	1
13909	158	1
13910	122	1
13911	34	1
13912	61	1
13913	139	1
13914	33	1
13915	33	1
13916	8	1
13917	23	1
13918	29	1
13919	139	1
13920	98	1
13921	30	1
13922	45	1
13923	61	1
13924	34	1
13925	61	1
13926	34	1
13927	139	1
13928	33	1
13929	30	1
13930	16	1
13931	56	1
13932	56	1
13933	93	1
13934	53	1
13935	6	1
13936	16	1
13937	16	1
13938	13	1
13939	55	1
13940	50	1
13941	2	1
13942	2	1
13943	40	1
13944	8	1
13945	103	1
13946	35	1
13947	37	1
13948	49	1
13949	2	1
13950	27	1
13951	8	1
13952	137	1
13953	6	1
13954	62	1
13955	70	1
13956	19	1
13957	138	1
13958	0	1
13959	6	1
13960	16	1
13961	1	1
13962	84	1
13963	56	1
13964	118	1
13965	3	1
13966	48	1
13967	96	1
13968	72	1
13969	12	1
13970	34	1
13971	1	1
13972	27	1
13973	18	1
13974	16	1
13975	42	1
13976	70	1
13977	18	1
13978	70	1
13979	18	1
13980	16	1
13981	62	1
13982	4	1
13983	4	1
13984	52	1
13985	2	1
13986	16	1
13987	110	1
13988	1	1
13989	13	1
13990	121	1
13991	45	1
13992	44	1
13993	7	1
13994	17	1
13995	7	1
13996	102	1
13997	35	1
13998	27	1
13999	30	1
14000	55	1
14001	4	1
14002	2	1
14003	3	1
14004	3	1
14005	8	1
14006	1	1
14007	24	1
14008	6	1
14009	19	1
14010	17	1
14011	106	1
14012	40	1
14013	27	1
14014	4	1
14015	70	1
14016	4	1
14017	2	1
14018	62	1
14019	34	1
14020	82	1
14021	39	1
14022	118	1
14023	33	1
14024	85	1
14025	18	1
14026	167	1
14027	46	1
14028	60	1
14029	25	1
14030	6	1
14031	93	1
14032	93	1
14033	117	1
14034	49	1
14035	15	1
14036	78	1
14037	78	1
14038	93	1
14039	19	1
14040	139	1
14041	135	1
14042	103	1
14043	49	1
14044	173	1
14045	118	1
14046	70	1
14047	103	1
14048	82	1
14049	11	1
14050	45	1
14051	124	1
14052	93	1
14053	41	1
14054	2	1
14055	31	1
14056	34	1
14057	66	1
14058	33	1
14059	33	1
14060	33	1
14061	94	1
14062	33	1
14063	67	1
14064	72	1
14065	103	1
14066	139	1
14067	124	1
14068	3	1
14069	135	1
14070	82	1
14071	79	1
14072	18	1
14073	125	1
14074	17	1
14075	18	1
14076	62	1
14077	45	1
14078	23	1
14079	34	1
14080	6	1
14081	6	1
14082	40	1
14083	6	1
14084	6	1
14085	6	1
14086	62	1
14087	6	1
14088	69	1
14089	6	1
14090	93	1
14091	42	1
14092	6	1
14093	3	1
14094	34	1
14095	45	1
14096	19	1
14097	4	1
14098	4	1
14099	8	1
14100	19	1
14101	30	1
14102	6	1
14103	31	1
14104	31	1
14105	16	1
14106	24	1
14107	1	1
14108	14	1
14109	68	1
14110	78	1
14111	62	1
14112	49	1
14113	17	1
14114	139	1
14115	45	1
14116	30	1
14117	77	1
14118	19	1
14119	31	1
14120	49	1
14121	4	1
14122	6	1
14123	122	1
14124	27	1
14125	6	1
14126	30	1
14127	8	1
14128	40	1
14129	4	1
14130	12	1
14131	75	1
14132	34	1
14133	32	1
14134	139	1
14135	98	1
14136	46	1
14137	12	1
14138	10	1
14139	12	1
14140	8	1
14141	98	1
14142	62	1
14143	72	1
14144	3	1
14145	17	1
14146	6	1
14147	17	1
14148	103	1
14149	48	1
14150	4	1
14151	19	1
14152	8	1
14153	33	1
14154	5	1
14155	34	1
14156	78	1
14157	38	1
14158	46	1
14159	27	1
14160	78	1
14161	78	1
14162	65	1
14163	31	1
14164	31	1
14165	46	1
14166	4	1
14167	13	1
14168	13	1
14169	0	1
14170	34	1
14171	69	1
14172	72	1
14173	151	1
14174	93	1
14175	36	1
14176	96	1
14177	5	1
14178	39	1
14179	109	1
14180	71	1
14181	75	1
14182	124	1
14183	2	1
14184	104	1
14185	6	1
14186	1	1
14187	39	1
14188	17	1
14189	6	1
14190	14	1
14191	84	1
14192	74	1
14193	68	1
14194	68	1
14195	31	1
14196	84	1
14197	16	1
14198	17	1
14199	12	1
14200	33	1
14201	60	1
14202	4	1
14203	68	1
14204	68	1
14205	12	1
14206	26	1
14207	68	1
14208	24	1
14209	22	1
14210	85	1
14211	24	1
14212	74	1
14213	12	1
14214	79	1
14215	12	1
14216	79	1
14217	45	1
14218	25	1
14219	4	1
14220	19	1
14221	52	1
14222	74	1
14223	73	1
14224	3	1
14225	63	1
14226	121	1
14227	30	1
14228	68	1
14229	61	1
14230	16	1
14231	3	1
14232	1	1
14233	1	1
14234	6	1
14235	1	1
14236	2	1
14237	121	1
14238	106	1
14239	68	1
14240	16	1
14241	60	1
14242	60	1
14243	12	1
14244	4	1
14245	19	1
14246	1	1
14247	19	1
14248	44	1
14249	85	1
14250	3	1
14251	135	1
14252	98	1
14253	79	1
14254	60	1
14255	61	1
14256	29	1
14257	72	1
14258	77	1
14259	110	1
14260	79	1
14261	6	1
14262	49	1
14263	56	1
14264	139	1
14265	55	1
14266	14	1
14267	54	1
14268	8	1
14269	8	1
14270	41	1
14271	30	1
14272	2	1
14273	34	1
14274	38	1
14275	96	1
14276	38	1
14277	34	1
14278	47	1
14279	2	1
14280	52	1
14281	96	1
14282	33	1
14283	63	1
14284	2	1
14285	4	1
14286	47	1
14287	49	1
14288	30	1
14289	4	1
14290	82	1
14291	49	1
14292	102	1
14293	37	1
14294	49	1
14295	68	1
14296	47	1
14297	94	1
14298	139	1
14299	41	1
14300	19	1
14301	19	1
14302	34	1
14303	109	1
14304	26	1
14305	4	1
14306	4	1
14307	52	1
14308	18	1
14309	70	1
14310	4	1
14311	4	1
14312	1	1
14313	72	1
14314	121	1
14315	19	1
14316	52	1
14317	21	1
14318	15	1
14319	1	1
14320	7	1
14321	54	1
14322	12	1
14323	34	1
14324	54	1
14325	8	1
14326	103	1
14327	50	1
14328	61	1
14329	34	1
14330	17	1
14331	71	1
14332	2	1
14333	6	1
14334	104	1
14335	3	1
14336	21	1
14337	6	1
14338	127	1
14339	74	1
14340	7	1
14341	3	1
14342	46	1
14343	6	1
14344	68	1
14345	68	1
14346	4	1
14347	10	1
14348	10	1
14349	68	1
14350	3	1
14351	6	1
14352	16	1
14353	4	1
14354	2	1
14355	22	1
14356	34	1
14357	118	1
14358	3	1
14359	3	1
14360	118	1
14361	118	1
14362	117	1
14363	118	1
14364	42	1
14365	55	1
14366	118	1
14367	3	1
14368	3	1
14369	3	1
14370	118	1
14371	42	1
14372	45	1
14373	30	1
14374	106	1
14375	2	1
14376	31	1
14377	83	1
14378	6	1
14379	41	1
14380	31	1
14381	36	1
14382	23	1
14383	6	1
14384	96	1
14385	18	1
14386	37	1
14387	14	1
14388	2	1
14389	55	1
14390	70	1
14391	6	1
14392	35	1
14393	31	1
14394	25	1
14395	2	1
14396	34	1
14397	117	1
14398	72	1
14399	32	1
14400	6	1
14401	15	1
14402	4	1
14403	16	1
14404	0	1
14405	6	1
14406	34	1
14407	12	1
14408	46	1
14409	6	1
14410	18	1
14411	2	1
14412	50	1
14413	1	1
14414	19	1
14415	1	1
14416	48	1
14417	18	1
14418	17	1
14419	53	1
14420	77	1
14421	6	1
14422	27	1
14423	6	1
14424	56	1
14425	53	1
14426	78	1
14427	9	1
14428	87	1
14429	11	1
14430	6	1
14431	17	1
14432	6	1
14433	6	1
14434	6	1
14435	6	1
14436	70	1
14437	39	1
14438	65	1
14439	44	1
14440	159	1
14441	96	1
14442	31	1
14443	12	1
14444	6	1
14445	12	1
14446	20	1
14447	94	1
14448	31	1
14449	31	1
14450	52	1
14451	31	1
14452	82	1
14453	11	1
14454	19	1
14455	19	1
14456	66	1
14457	38	1
14458	102	1
14459	81	1
14460	12	1
14461	12	1
14462	7	1
14463	12	1
14464	12	1
14465	8	1
14466	65	1
14467	30	1
14468	4	1
14469	122	1
14470	25	1
14471	109	1
14472	109	1
14473	13	1
14474	68	1
14475	24	1
14476	85	1
14477	88	1
14478	47	1
14479	68	1
14480	11	1
14481	21	1
14482	6	1
14483	4	1
14484	46	1
14485	84	1
14486	45	1
14487	50	1
14488	47	1
14489	31	1
14490	46	1
14491	49	1
14492	31	1
14493	102	1
14494	46	1
14495	103	1
14496	6	1
14497	54	1
14498	60	1
14499	53	1
14500	19	1
14501	33	1
14502	87	1
14503	103	1
14504	33	1
14505	33	1
14506	44	1
14507	38	1
14508	19	1
14509	45	1
14510	61	1
14511	46	1
14512	2	1
14513	46	1
14514	4	1
14515	41	1
14516	102	1
14517	17	1
14518	94	1
14519	41	1
14520	33	1
14521	33	1
14522	33	1
14523	106	1
14524	19	1
14525	26	1
14526	55	1
14527	84	1
14528	115	1
14529	26	1
14530	84	1
14531	19	1
14532	84	1
14533	8	1
14534	77	1
14535	56	1
14536	48	1
14537	29	1
14538	54	1
14539	125	1
14540	93	1
14541	8	1
14542	8	1
14543	61	1
14544	88	1
14545	26	1
14546	93	1
14547	88	1
14548	44	1
14549	18	1
14550	18	1
14551	84	1
14552	39	1
14553	1	1
14554	1	1
14555	6	1
14556	4	1
14557	74	1
14558	1	1
14559	1	1
14560	6	1
14561	11	1
14562	2	1
14563	121	1
14564	122	1
14565	6	1
14566	4	1
14567	100	1
14568	43	1
14569	30	1
14570	35	1
14571	30	1
14572	29	1
14573	2	1
14574	6	1
14575	6	1
14576	12	1
14577	6	1
14578	6	1
14579	93	1
14580	34	1
14581	88	1
14582	6	1
14583	70	1
14584	103	1
14585	6	1
14586	103	1
14587	35	1
14588	6	1
14589	46	1
14590	70	1
14591	46	1
14592	94	1
14593	25	1
14594	94	1
14595	123	1
14596	101	1
14597	36	1
14598	94	1
14599	94	1
14600	94	1
14601	94	1
14602	55	1
14603	40	1
14604	103	1
14605	111	1
14606	98	1
14607	98	1
14608	6	1
14609	55	1
14610	0	1
14611	19	1
14612	72	1
14613	4	1
14614	40	1
14615	16	1
14616	78	1
14617	12	1
14618	12	1
14619	102	1
14620	4	1
14621	56	1
14622	117	1
14623	79	1
14624	111	1
14625	77	1
14626	40	1
14627	48	1
14628	12	1
14629	4	1
14630	12	1
14631	3	1
14632	72	1
14633	72	1
14634	13	1
14635	77	1
14636	68	1
14637	25	1
14638	25	1
14639	20	1
14640	68	1
14641	61	1
14642	12	1
14643	84	1
14644	34	1
14645	34	1
14646	30	1
14647	6	1
14648	139	1
14649	30	1
14650	6	1
14651	6	1
14652	6	1
14653	78	1
14654	40	1
14655	17	1
14656	45	1
14657	93	1
14658	31	1
14659	18	1
14660	61	1
14661	52	1
14662	4	1
14663	29	1
14664	20	1
14665	55	1
14666	4	1
14667	19	1
14668	15	1
14669	44	1
14670	96	1
14671	17	1
14672	93	1
14673	30	1
14674	0	1
14675	33	1
14676	26	1
14677	4	1
14678	5	1
14679	170	1
14680	26	1
14681	12	1
14682	12	1
14683	11	1
14684	29	1
14685	66	1
14686	44	1
14687	41	1
14688	29	1
14689	5	1
14690	35	1
14691	29	1
14692	18	1
14693	70	1
14694	44	1
14695	6	1
14696	66	1
14697	33	1
14698	33	1
14699	6	1
14700	22	1
14701	12	1
14702	26	1
14703	92	1
14704	68	1
14705	74	1
14706	18	1
14707	6	1
14708	12	1
14709	110	1
14710	102	1
14711	18	1
14712	103	1
14713	103	1
14714	0	1
14715	4	1
14716	19	1
14717	4	1
14718	129	1
14719	6	1
14720	0	1
14721	29	1
14722	103	1
14723	34	1
14724	29	1
14725	46	1
14726	6	1
14727	19	1
14728	6	1
14729	6	1
14730	18	1
14731	33	1
14732	33	1
14733	6	1
14734	0	1
14735	88	1
14736	93	1
14737	12	1
14738	12	1
14739	55	1
14740	40	1
14741	14	1
14742	19	1
14743	102	1
14744	6	1
14745	6	1
14746	93	1
14747	0	1
14748	0	1
14749	4	1
14750	6	1
14751	33	1
14752	20	1
14753	6	1
14754	35	1
14755	6	1
14756	33	1
14757	30	1
14758	150	1
14759	110	1
14760	33	1
14761	78	1
14762	102	1
14763	74	1
14764	84	1
14765	46	1
14766	46	1
14767	47	1
14768	103	1
14769	35	1
14770	132	1
14771	22	1
14772	19	1
14773	19	1
14774	3	1
14775	146	1
14776	30	1
14777	0	1
14778	31	1
14779	8	1
14780	40	1
14781	7	1
14782	49	1
14783	62	1
14784	2	1
14785	9	1
14786	28	1
14787	37	1
14788	6	1
14789	19	1
14790	14	1
14791	11	1
14792	33	1
14793	4	1
14794	2	1
14795	49	1
14796	14	1
14797	33	1
14798	74	1
14799	13	1
14800	110	1
14801	18	1
14802	65	1
14803	9	1
14804	33	1
14805	44	1
14806	45	1
14807	4	1
14808	33	1
14809	6	1
14810	3	1
14811	36	1
14812	30	1
14813	33	1
14814	74	1
14815	52	1
14816	35	1
14817	0	1
14818	5	1
14819	174	1
14820	20	1
14821	49	1
14822	38	1
14823	42	1
14824	102	1
14825	117	1
14826	17	1
14827	4	1
14828	4	1
14829	30	1
14830	62	1
14831	8	1
14832	53	1
14833	14	1
14834	19	1
14835	4	1
14836	29	1
14837	7	1
14838	31	1
14839	23	1
14840	4	1
14841	38	1
14842	29	1
14843	8	1
14844	11	1
14845	71	1
14846	16	1
14847	66	1
14848	66	1
14849	7	1
14850	5	1
14851	62	1
14852	102	1
14853	30	1
14854	68	1
14855	40	1
14856	23	1
14857	62	1
14858	64	1
14859	45	1
14860	38	1
14861	33	1
14862	4	1
14863	6	1
14864	71	1
14865	68	1
14866	11	1
14867	1	1
14868	68	1
14869	143	1
14870	4	1
14871	78	1
14872	70	1
14873	16	1
14874	75	1
14875	83	1
14876	10	1
14877	24	1
14878	75	1
14879	42	1
14880	79	1
14881	1	1
14882	54	1
14883	6	1
14884	47	1
14885	45	1
14886	39	1
14887	45	1
14888	52	1
14889	42	1
14890	11	1
14891	4	1
14892	77	1
14893	11	1
14894	4	1
14895	2	1
14896	6	1
14897	35	1
14898	93	1
14899	21	1
14900	55	1
14901	84	1
14902	21	1
14903	88	1
14904	76	1
14905	21	1
14906	114	1
14907	84	1
14908	2	1
14909	74	1
14910	76	1
14911	11	1
14912	90	1
14913	88	1
14914	83	1
14915	38	1
14916	83	1
14917	84	1
14918	91	1
14919	56	1
14920	13	1
14921	74	1
14922	25	1
14923	92	1
14924	84	1
14925	14	1
14926	38	1
14927	33	1
14928	101	1
14929	60	1
14930	106	1
14931	55	1
14932	34	1
14933	8	1
14934	90	1
14935	6	1
14936	57	1
14937	51	1
14938	56	1
14939	83	1
14940	84	1
14941	176	1
14942	141	1
14943	12	1
14944	106	1
14945	34	1
14946	34	1
14947	26	1
14948	47	1
14949	3	1
14950	6	1
14951	48	1
14952	35	1
14953	74	1
14954	57	1
14955	13	1
14956	12	1
14957	96	1
14958	30	1
14959	41	1
14960	12	1
14961	48	1
14962	35	1
14963	71	1
14964	4	1
14965	55	1
14966	11	1
14967	35	1
14968	13	1
14969	12	1
14970	55	1
14971	37	1
14972	60	1
14973	22	1
14974	35	1
14975	137	1
14976	3	1
14977	84	1
14978	30	1
14979	52	1
14980	47	1
14981	22	1
14982	48	1
14983	30	1
14984	102	1
14985	18	1
14986	36	1
14987	174	1
14988	24	1
14989	68	1
14990	41	1
14991	13	1
14992	109	1
14993	96	1
14994	14	1
14995	18	1
14996	52	1
14997	77	1
14998	37	1
14999	13	1
15000	16	1
15001	174	1
15002	103	1
15003	78	1
15004	35	1
15005	27	1
15006	41	1
15007	84	1
15008	77	1
15009	19	1
15010	64	1
15011	6	1
15012	70	1
15013	70	1
15014	67	1
15015	29	1
15016	31	1
15017	4	1
15018	4	1
15019	47	1
15020	6	1
15021	26	1
15022	38	1
15023	65	1
15024	48	1
15025	4	1
15026	93	1
15027	47	1
15028	6	1
15029	44	1
15030	63	1
15031	39	1
15032	36	1
15033	79	1
15034	39	1
15035	111	1
15036	85	1
15037	34	1
15038	56	1
15039	22	1
15040	6	1
15041	35	1
15042	27	1
15043	29	1
15044	85	1
15045	6	1
15046	12	1
15047	6	1
15048	8	1
15049	77	1
15050	78	1
15051	54	1
15052	56	1
15053	6	1
15054	5	1
15055	1	1
15056	34	1
15057	19	1
15058	35	1
15059	70	1
15060	93	1
15061	42	1
15062	147	1
15063	55	1
15064	0	1
15065	33	1
15066	19	1
15067	3	1
15068	31	1
15069	1	1
15070	103	1
15071	11	1
15072	82	1
15073	56	1
15074	78	1
15075	16	1
15076	61	1
15077	40	1
15078	100	1
15079	65	1
15080	6	1
15081	49	1
15082	12	1
15083	17	1
15084	34	1
15085	61	1
15086	5	1
15087	6	1
15088	25	1
15089	25	1
15090	6	1
15091	6	1
15092	56	1
15093	0	1
15094	25	1
15095	54	1
15096	63	1
15097	5	1
15098	56	1
15099	65	1
15100	5	1
15101	45	1
15102	50	1
15103	13	1
15104	65	1
15105	49	1
15106	31	1
15107	78	1
15108	34	1
15109	68	1
15110	4	1
15111	121	1
15112	19	1
15113	6	1
15114	41	1
15115	7	1
15116	7	1
15117	87	1
15118	2	1
15119	16	1
15120	102	1
15121	139	1
15122	4	1
15123	3	1
15124	35	1
15125	8	1
15126	17	1
15127	102	1
15128	73	1
15129	161	1
15130	102	1
15131	35	1
15132	60	1
15133	60	1
15134	79	1
15135	1	1
15136	37	1
15137	37	1
15138	37	1
15139	8	1
15140	4	1
15141	30	1
15142	72	1
15143	37	1
15144	4	1
15145	9	1
15146	43	1
15147	4	1
15148	40	1
15149	9	1
15150	68	1
15151	49	1
15152	74	1
15153	10	1
15154	68	1
15155	31	1
15156	68	1
15157	74	1
15158	12	1
15159	24	1
15160	74	1
15161	18	1
15162	4	1
15163	35	1
15164	33	1
15165	124	1
15166	66	1
15167	55	1
15168	91	1
15169	17	1
15170	40	1
15171	6	1
15172	40	1
15173	101	1
15174	82	1
15175	6	1
15176	139	1
15177	83	1
15178	88	1
15179	40	1
15180	38	1
15181	115	1
15182	35	1
15183	55	1
15184	94	1
15185	12	1
15186	90	1
15187	2	1
15188	49	1
15189	109	1
15190	62	1
15191	43	1
15192	68	1
15193	68	1
15194	44	1
15195	29	1
15196	69	1
15197	3	1
15198	11	1
15199	71	1
15200	33	1
15201	51	1
15202	166	1
15203	17	1
15204	131	1
15205	70	1
15206	129	1
15207	39	1
15208	35	1
15209	19	1
15210	57	1
15211	45	1
15212	68	1
15213	83	1
15214	84	1
15215	34	1
15216	75	1
15217	114	1
15218	92	1
15219	83	1
15220	158	1
15221	34	1
15222	30	1
15223	75	1
15224	84	1
15225	42	1
15226	68	1
15227	45	1
15228	35	1
15229	79	1
15230	61	1
15231	3	1
15232	35	1
15233	45	1
15234	41	1
15235	47	1
15236	68	1
15237	26	1
15238	25	1
15239	16	1
15240	115	1
15241	125	1
15242	41	1
15243	121	1
15244	75	1
15245	22	1
15246	137	1
15247	48	1
15248	56	1
15249	19	1
15250	82	1
15251	85	1
15252	7	1
15253	77	1
15254	77	1
15255	70	1
15256	41	1
15257	84	1
15258	10	1
15259	13	1
15260	31	1
15261	77	1
15262	82	1
15263	34	1
15264	12	1
15265	93	1
15266	103	1
15267	32	1
15268	103	1
15269	8	1
15270	46	1
15271	34	1
15272	17	1
15273	84	1
15274	83	1
15275	6	1
15276	78	1
15277	78	1
15278	6	1
15279	46	1
15280	34	1
15281	46	1
15282	8	1
15283	27	1
15284	19	1
15285	103	1
15286	118	1
15287	35	1
15288	114	1
15289	21	1
15290	75	1
15291	83	1
15292	34	1
15293	4	1
15294	39	1
15295	34	1
15296	46	1
15297	3	1
15298	109	1
15299	2	1
15300	34	1
15301	46	1
15302	46	1
15303	6	1
15304	45	1
15305	6	1
15306	110	1
15307	46	1
15308	2	1
15309	17	1
15310	78	1
15311	34	1
15312	71	1
15313	70	1
15314	114	1
15315	84	1
15316	75	1
15317	114	1
15318	84	1
15319	30	1
15320	0	1
15321	12	1
15322	84	1
15323	84	1
15324	61	1
15325	10	1
15326	148	1
15327	13	1
15328	13	1
15329	2	1
15330	46	1
15331	8	1
15332	153	1
15333	6	1
15334	41	1
15335	46	1
15336	27	1
15337	78	1
15338	63	1
15339	0	1
15340	0	1
15341	49	1
15342	75	1
15343	68	1
15344	7	1
15345	94	1
15346	38	1
15347	6	1
15348	84	1
15349	29	1
15350	106	1
15351	13	1
15352	2	1
15353	4	1
15354	34	1
15355	4	1
15356	11	1
15357	68	1
15358	84	1
15359	81	1
15360	65	1
15361	13	1
15362	78	1
15363	27	1
15364	1	1
15365	56	1
15366	55	1
15367	93	1
15368	19	1
15369	19	1
15370	1	1
15371	56	1
15372	56	1
15373	6	1
15374	10	1
15375	98	1
15376	74	1
15377	84	1
15378	6	1
15379	6	1
15380	6	1
15381	43	1
15382	46	1
15383	16	1
15384	30	1
15385	55	1
15386	60	1
15387	12	1
15388	17	1
15389	54	1
15390	61	1
15391	19	1
15392	17	1
15393	102	1
15394	12	1
15395	16	1
15396	1	1
15397	8	1
15398	10	1
15399	25	1
15400	33	1
15401	96	1
15402	81	1
15403	8	1
15404	4	1
15405	97	1
15406	97	1
15407	4	1
15408	1	1
15409	1	1
15410	4	1
15411	39	1
15412	6	1
15413	16	1
15414	6	1
15415	25	1
15416	16	1
15417	34	1
15418	97	1
15419	3	1
15420	0	1
15421	27	1
15422	168	1
15423	70	1
15424	51	1
15425	35	1
15426	3	1
15427	75	1
15428	135	1
15429	46	1
15430	33	1
15431	75	1
15432	96	1
15433	1	1
15434	74	1
15435	74	1
15436	6	1
15437	31	1
15438	19	1
15439	82	1
15440	55	1
15441	2	1
15442	6	1
15443	75	1
15444	4	1
15445	6	1
15446	6	1
15447	37	1
15448	2	1
15449	8	1
15450	88	1
15451	11	1
15452	109	1
15453	6	1
15454	137	1
15455	4	1
15456	2	1
15457	68	1
15458	12	1
15459	12	1
15460	43	1
15461	29	1
15462	101	1
15463	85	1
15464	127	1
15465	46	1
15466	34	1
15467	42	1
15468	34	1
15469	42	1
15470	50	1
15471	31	1
15472	25	1
15473	12	1
15474	8	1
15475	6	1
15476	129	1
15477	25	1
15478	72	1
15479	6	1
15480	77	1
15481	43	1
15482	70	1
15483	19	1
15484	74	1
15485	4	1
15486	71	1
15487	124	1
15488	35	1
15489	30	1
15490	98	1
15491	39	1
15492	136	1
15493	98	1
15494	22	1
15495	25	1
15496	106	1
15497	6	1
15498	6	1
15499	66	1
15500	74	1
15501	30	1
15502	56	1
15503	76	1
15504	9	1
15505	183	1
15506	12	1
15507	67	1
15508	93	1
15509	35	1
15510	62	1
15511	35	1
15512	33	1
15513	93	1
15514	34	1
15515	30	1
15516	24	1
15517	16	1
15518	0	1
15519	1	1
15520	41	1
15521	78	1
15522	35	1
15523	37	1
15524	6	1
15525	150	1
15526	6	1
15527	8	1
15528	54	1
15529	3	1
15530	126	1
15531	33	1
15532	6	1
15533	49	1
15534	66	1
15535	6	1
15536	3	1
15537	62	1
15538	4	1
15539	37	1
15540	16	1
15541	2	1
15542	6	1
15543	60	1
15544	56	1
15545	0	1
15546	27	1
15547	6	1
15548	6	1
15549	6	1
15550	42	1
15551	31	1
15552	17	1
15553	3	1
15554	6	1
15555	125	1
15556	102	1
15557	70	1
15558	135	1
15559	35	1
15560	6	1
15561	33	1
15562	54	1
15563	6	1
15564	1	1
15565	93	1
15566	56	1
15567	55	1
15568	114	1
15569	19	1
15570	33	1
15571	35	1
15572	102	1
15573	11	1
15574	38	1
15575	33	1
15576	70	1
15577	115	1
15578	40	1
15579	6	1
15580	17	1
15581	93	1
15582	49	1
15583	7	1
15584	4	1
15585	1	1
15586	19	1
15587	0	1
15588	5	1
15589	4	1
15590	2	1
15591	39	1
15592	66	1
15593	62	1
15594	39	1
15595	118	1
15596	49	1
15597	40	1
15598	3	1
15599	6	1
15600	3	1
15601	6	1
15602	35	1
15603	34	1
15604	6	1
15605	138	1
15606	6	1
15607	103	1
15608	49	1
15609	30	1
15610	96	1
15611	54	1
15612	55	1
15613	3	1
15614	34	1
15615	138	1
15616	139	1
15617	78	1
15618	6	1
15619	11	1
15620	6	1
15621	34	1
15622	16	1
15623	11	1
15624	30	1
15625	49	1
15626	25	1
15627	79	1
15628	17	1
15629	17	1
15630	93	1
15631	45	1
15632	63	1
15633	37	1
15634	66	1
15635	1	1
15636	34	1
15637	19	1
15638	19	1
15639	49	1
15640	17	1
15641	19	1
15642	52	1
15643	6	1
15644	19	1
15645	34	1
15646	148	1
15647	41	1
15648	144	1
15649	45	1
15650	17	1
15651	21	1
15652	70	1
15653	30	1
15654	139	1
15655	30	1
15656	30	1
15657	17	1
15658	29	1
15659	67	1
15660	54	1
15661	71	1
15662	96	1
15663	39	1
15664	19	1
15665	18	1
15666	63	1
15667	34	1
15668	115	1
15669	3	1
15670	72	1
15671	3	1
15672	24	1
15673	72	1
15674	4	1
15675	88	1
15676	40	1
15677	19	1
15678	46	1
15679	85	1
15680	65	1
15681	12	1
15682	16	1
15683	69	1
15684	3	1
15685	71	1
15686	6	1
15687	6	1
15688	18	1
15689	30	1
15690	4	1
15691	41	1
15692	139	1
15693	33	1
15694	30	1
15695	121	1
15696	121	1
15697	121	1
15698	47	1
15699	33	1
15700	34	1
15701	121	1
15702	6	1
15703	31	1
15704	6	1
15705	6	1
15706	3	1
15707	6	1
15708	6	1
15709	58	1
15710	41	1
15711	21	1
15712	127	1
15713	35	1
15714	6	1
15715	68	1
15716	74	1
15717	65	1
15718	4	1
15719	2	1
15720	11	1
15721	70	1
15722	11	1
15723	43	1
15724	56	1
15725	4	1
15726	49	1
15727	121	1
15728	33	1
15729	139	1
15730	33	1
15731	2	1
15732	139	1
15733	29	1
15734	1	1
15735	82	1
15736	103	1
15737	6	1
15738	3	1
15739	93	1
15740	33	1
15741	93	1
15742	34	1
15743	11	1
15744	46	1
15745	33	1
15746	47	1
15747	41	1
15748	41	1
15749	139	1
15750	19	1
15751	170	1
15752	36	1
15753	40	1
15754	34	1
15755	27	1
15756	1	1
15757	121	1
15758	63	1
15759	16	1
15760	29	1
15761	93	1
15762	6	1
15763	34	1
15764	110	1
15765	4	1
15766	121	1
15767	2	1
15768	49	1
15769	139	1
15770	110	1
15771	68	1
15772	110	1
15773	61	1
15774	117	1
15775	68	1
15776	53	1
15777	41	1
15778	3	1
15779	117	1
15780	45	1
15781	16	1
15782	48	1
15783	1	1
15784	56	1
15785	6	1
15786	2	1
15787	29	1
15788	6	1
15789	34	1
15790	45	1
15791	33	1
15792	94	1
15793	118	1
15794	98	1
15795	40	1
15796	58	1
15797	66	1
15798	146	1
15799	13	1
15800	98	1
15801	6	1
15802	6	1
15803	11	1
15804	25	1
15805	8	1
15806	6	1
15807	61	1
15808	6	1
15809	16	1
15810	4	1
15811	10	1
15812	61	1
15813	6	1
15814	18	1
15815	77	1
15816	75	1
15817	83	1
15818	1	1
15819	37	1
15820	84	1
15821	46	1
15822	50	1
15823	3	1
15824	84	1
15825	103	1
15826	38	1
15827	1	1
15828	37	1
15829	18	1
15830	62	1
15831	31	1
15832	27	1
15833	14	1
15834	24	1
15835	11	1
15836	30	1
15837	2	1
15838	39	1
15839	103	1
15840	78	1
15841	77	1
15842	35	1
15843	40	1
15844	24	1
15845	31	1
15846	25	1
15847	36	1
15848	55	1
15849	27	1
15850	6	1
15851	174	1
15852	118	1
15853	46	1
15854	6	1
15855	27	1
15856	27	1
15857	52	1
15858	6	1
15859	40	1
15860	16	1
15861	148	1
15862	104	1
15863	122	1
15864	124	1
15865	124	1
15866	158	1
15867	78	1
15868	77	1
15869	2	1
15870	93	1
15871	4	1
15872	4	1
15873	52	1
15874	78	1
15875	44	1
15876	16	1
15877	18	1
15878	98	1
15879	98	1
15880	68	1
15881	103	1
15882	75	1
15883	6	1
15884	103	1
15885	37	1
15886	139	1
15887	82	1
15888	4	1
15889	79	1
15890	42	1
15891	71	1
15892	118	1
15893	44	1
15894	78	1
15895	35	1
15896	34	1
15897	56	1
15898	4	1
15899	29	1
15900	118	1
15901	49	1
15902	46	1
15903	167	1
15904	41	1
15905	17	1
15906	60	1
15907	78	1
15908	102	1
15909	34	1
15910	103	1
15911	79	1
15912	70	1
15913	5	1
15914	33	1
15915	33	1
15916	79	1
15917	78	1
15918	103	1
15919	79	1
15920	78	1
15921	37	1
15922	36	1
15923	124	1
15924	43	1
15925	1	1
15926	121	1
15927	6	1
15928	6	1
15929	34	1
15930	34	1
15931	6	1
15932	62	1
15933	6	1
15934	124	1
15935	6	1
15936	16	1
15937	6	1
15938	78	1
15939	40	1
15940	116	1
15941	34	1
15942	19	1
15943	45	1
15944	19	1
15945	103	1
15946	103	1
15947	78	1
15948	6	1
15949	37	1
15950	142	1
15951	35	1
15952	23	1
15953	62	1
15954	6	1
15955	16	1
15956	46	1
15957	4	1
15958	103	1
15959	98	1
15960	77	1
15961	60	1
15962	22	1
15963	61	1
15964	63	1
15965	39	1
15966	25	1
15967	6	1
15968	49	1
15969	34	1
15970	34	1
15971	53	1
15972	56	1
15973	27	1
15974	62	1
15975	19	1
15976	39	1
15977	4	1
15978	19	1
15979	49	1
15980	125	1
15981	11	1
15982	31	1
15983	1	1
15984	2	1
15985	33	1
15986	8	1
15987	46	1
15988	19	1
15989	24	1
15990	40	1
15991	82	1
15992	65	1
15993	103	1
15994	96	1
15995	39	1
15996	11	1
15997	38	1
15998	38	1
15999	34	1
16000	11	1
16001	18	1
16002	13	1
16003	44	1
16004	38	1
16005	110	1
16006	35	1
16007	43	1
16008	27	1
16009	11	1
16010	96	1
16011	103	1
16012	70	1
16013	27	1
16014	45	1
16015	77	1
16016	36	1
16017	17	1
16018	6	1
16019	6	1
16020	104	1
16021	98	1
16022	19	1
16023	36	1
16024	154	1
16025	36	1
16026	12	1
16027	33	1
16028	49	1
16029	12	1
16030	12	1
16031	12	1
16032	168	1
16033	12	1
16034	12	1
16035	106	1
16036	30	1
16037	31	1
16038	82	1
16039	10	1
16040	68	1
16041	1	1
16042	1	1
16043	1	1
16044	121	1
16045	43	1
16046	56	1
16047	41	1
16048	60	1
16049	74	1
16050	61	1
16051	13	1
16052	7	1
16053	98	1
16054	94	1
16055	39	1
16056	6	1
16057	60	1
16058	48	1
16059	60	1
16060	74	1
16061	60	1
16062	14	1
16063	7	1
16064	34	1
16065	7	1
16066	1	1
16067	1	1
16068	1	1
16069	6	1
16070	12	1
16071	98	1
16072	98	1
16073	60	1
16074	2	1
16075	1	1
16076	96	1
16077	98	1
16078	6	1
16079	79	1
16080	110	1
16081	117	1
16082	20	1
16083	72	1
16084	88	1
16085	8	1
16086	98	1
16087	22	1
16088	56	1
16089	102	1
16090	27	1
16091	12	1
16092	34	1
16093	48	1
16094	93	1
16095	4	1
16096	64	1
16097	5	1
16098	49	1
16099	52	1
16100	63	1
16101	29	1
16102	8	1
16103	92	1
16104	102	1
16105	62	1
16106	46	1
16107	7	1
16108	7	1
16109	19	1
16110	121	1
16111	64	1
16112	88	1
16113	27	1
16114	121	1
16115	4	1
16116	84	1
16117	121	1
16118	68	1
16119	68	1
16120	82	1
16121	69	1
16122	3	1
16123	46	1
16124	151	1
16125	93	1
16126	73	1
16127	55	1
16128	82	1
16129	45	1
16130	19	1
16131	19	1
16132	117	1
16133	103	1
16134	93	1
16135	103	1
16136	103	1
16137	27	1
16138	8	1
16139	118	1
16140	62	1
16141	6	1
16142	9	1
16143	2	1
16144	20	1
16145	85	1
16146	11	1
16147	11	1
16148	6	1
16149	117	1
16150	3	1
16151	3	1
16152	4	1
16153	45	1
16154	56	1
16155	42	1
16156	60	1
16157	16	1
16158	43	1
16159	16	1
16160	35	1
16161	36	1
16162	33	1
16163	98	1
16164	11	1
16165	137	1
16166	36	1
16167	77	1
16168	53	1
16169	24	1
16170	8	1
16171	82	1
16172	31	1
16173	25	1
16174	35	1
16175	34	1
16176	0	1
16177	30	1
16178	34	1
16179	70	1
16180	6	1
16181	35	1
16182	47	1
16183	12	1
16184	33	1
16185	19	1
16186	17	1
16187	150	1
16188	85	1
16189	0	1
16190	35	1
16191	26	1
16192	34	1
16193	13	1
16194	82	1
16195	53	1
16196	8	1
16197	61	1
16198	103	1
16199	124	1
16200	93	1
16201	2	1
16202	2	1
16203	2	1
16204	4	1
16205	7	1
16206	6	1
16207	6	1
16208	6	1
16209	46	1
16210	6	1
16211	6	1
16212	6	1
16213	4	1
16214	70	1
16215	3	1
16216	55	1
16217	29	1
16218	177	1
16219	181	1
16220	103	1
16221	4	1
16222	39	1
16223	75	1
16224	88	1
16225	6	1
16226	66	1
16227	82	1
16228	60	1
16229	2	1
16230	47	1
16231	47	1
16232	122	1
16233	49	1
16234	34	1
16235	33	1
16236	61	1
16237	40	1
16238	2	1
16239	50	1
16240	17	1
16241	38	1
16242	12	1
16243	4	1
16244	84	1
16245	84	1
16246	87	1
16247	16	1
16248	24	1
16249	70	1
16250	2	1
16251	19	1
16252	184	1
16253	46	1
16254	47	1
16255	71	1
16256	92	1
16257	41	1
16258	83	1
16259	93	1
16260	6	1
16261	137	1
16262	78	1
16263	84	1
16264	2	1
16265	102	1
16266	1	1
16267	186	1
16268	49	1
16269	70	1
16270	70	1
16271	66	1
16272	1	1
16273	102	1
16274	70	1
16275	41	1
16276	83	1
16277	32	1
16278	77	1
16279	103	1
16280	1	1
16281	6	1
16282	69	1
16283	103	1
16284	32	1
16285	124	1
16286	34	1
16287	6	1
16288	34	1
16289	46	1
16290	129	1
16291	33	1
16292	94	1
16293	70	1
16294	41	1
16295	40	1
16296	72	1
16297	26	1
16298	4	1
16299	55	1
16300	139	1
16301	29	1
16302	19	1
16303	8	1
16304	106	1
16305	102	1
16306	121	1
16307	70	1
16308	3	1
16309	35	1
16310	128	1
16311	34	1
16312	6	1
16313	110	1
16314	6	1
16315	4	1
16316	11	1
16317	84	1
16318	68	1
16319	137	1
16320	75	1
16321	70	1
16322	11	1
16323	109	1
16324	6	1
16325	13	1
16326	35	1
16327	46	1
16328	49	1
16329	37	1
16330	72	1
16331	1	1
16332	46	1
16333	6	1
16334	6	1
16335	6	1
16336	17	1
16337	103	1
16338	34	1
16339	70	1
16340	46	1
16341	94	1
16342	46	1
16343	109	1
16344	94	1
16345	55	1
16346	30	1
16347	94	1
16348	94	1
16349	94	1
16350	94	1
16351	79	1
16352	79	1
16353	96	1
16354	52	1
16355	18	1
16356	70	1
16357	55	1
16358	18	1
16359	27	1
16360	152	1
16361	68	1
16362	19	1
16363	31	1
16364	73	1
16365	68	1
16366	1	1
16367	6	1
16368	12	1
16369	12	1
16370	11	1
16371	111	1
16372	79	1
16373	55	1
16374	79	1
16375	77	1
16376	79	1
16377	40	1
16378	1	1
16379	115	1
16380	6	1
16381	6	1
16382	24	1
16383	70	1
16384	68	1
16385	2	1
16386	35	1
16387	6	1
16388	17	1
16389	19	1
16390	42	1
16391	30	1
16392	55	1
16393	56	1
16394	35	1
16395	34	1
16396	6	1
16397	19	1
16398	18	1
16399	4	1
16400	4	1
16401	42	1
16402	0	1
16403	78	1
16404	96	1
16405	17	1
16406	35	1
16407	4	1
16408	1	1
16409	93	1
16410	46	1
16411	93	1
16412	36	1
16413	29	1
16414	98	1
16415	66	1
16416	29	1
16417	78	1
16418	92	1
16419	110	1
16420	12	1
16421	3	1
16422	39	1
16423	3	1
16424	5	1
16425	84	1
16426	18	1
16427	0	1
16428	27	1
16429	33	1
16430	18	1
16431	33	1
16432	27	1
16433	12	1
16434	6	1
16435	12	1
16436	12	1
16437	103	1
16438	110	1
16439	4	1
16440	14	1
16441	30	1
16442	6	1
16443	6	1
16444	14	1
16445	6	1
16446	103	1
16447	6	1
16448	6	1
16449	6	1
16450	19	1
16451	48	1
16452	69	1
16453	22	1
16454	6	1
16455	22	1
16456	41	1
16457	6	1
16458	6	1
16459	6	1
16460	81	1
16461	4	1
16462	0	1
16463	12	1
16464	33	1
16465	55	1
16466	56	1
16467	9	1
16468	17	1
16469	0	1
16470	31	1
16471	33	1
16472	3	1
16473	18	1
16474	46	1
16475	0	1
16476	6	1
16477	103	1
16478	18	1
16479	33	1
16480	13	1
16481	0	1
16482	53	1
16483	18	1
16484	3	1
16485	0	1
16486	8	1
16487	8	1
16488	0	1
16489	33	1
16490	102	1
16491	1	1
16492	35	1
16493	6	1
16494	0	1
16495	6	1
16496	46	1
16497	102	1
16498	35	1
16499	3	1
16500	46	1
16501	46	1
16502	3	1
16503	40	1
16504	52	1
16505	187	1
16506	40	1
16507	3	1
16508	3	1
16509	8	1
16510	1	1
16511	103	1
16512	40	1
16513	74	1
16514	46	1
16515	26	1
16516	17	1
16517	21	1
16518	3	1
16519	98	1
16520	24	1
16521	9	1
16522	33	1
16523	3	1
16524	4	1
16525	45	1
16526	36	1
16527	13	1
16528	4	1
16529	110	1
16530	4	1
16531	13	1
16532	110	1
16533	45	1
16534	70	1
16535	11	1
16536	4	1
16537	4	1
16538	22	1
16539	10	1
16540	44	1
16541	18	1
16542	4	1
16543	28	1
16544	37	1
16545	14	1
16546	38	1
16547	98	1
16548	4	1
16549	81	1
16550	8	1
16551	12	1
16552	31	1
16553	1	1
16554	56	1
16555	115	1
16556	6	1
16557	174	1
16558	6	1
16559	84	1
16560	45	1
16561	12	1
16562	49	1
16563	101	1
16564	62	1
16565	11	1
16566	45	1
16567	1	1
16568	41	1
16569	17	1
16570	4	1
16571	1	1
16572	31	1
16573	57	1
16574	25	1
16575	106	1
16576	25	1
16577	14	1
16578	64	1
16579	11	1
16580	61	1
16581	7	1
16582	44	1
16583	16	1
16584	7	1
16585	7	1
16586	64	1
16587	55	1
16588	63	1
16589	44	1
16590	34	1
16591	33	1
16592	17	1
16593	62	1
16594	49	1
16595	18	1
16596	14	1
16597	14	1
16598	100	1
16599	23	1
16600	11	1
16601	22	1
16602	131	1
16603	13	1
16604	6	1
16605	38	1
16606	22	1
16607	18	1
16608	2	1
16609	31	1
16610	19	1
16611	11	1
16612	31	1
16613	42	1
16614	43	1
16615	37	1
16616	75	1
16617	84	1
16618	83	1
16619	42	1
16620	75	1
16621	8	1
16622	30	1
16623	53	1
16624	90	1
16625	41	1
16626	93	1
16627	45	1
16628	11	1
16629	13	1
16630	34	1
16631	42	1
16632	4	1
16633	90	1
16634	79	1
16635	76	1
16636	47	1
16637	30	1
16638	11	1
16639	137	1
16640	74	1
16641	56	1
16642	40	1
16643	33	1
16644	41	1
16645	115	1
16646	74	1
16647	33	1
16648	92	1
16649	118	1
16650	84	1
16651	37	1
16652	55	1
16653	79	1
16654	4	1
16655	41	1
16656	17	1
16657	5	1
16658	85	1
16659	114	1
16660	75	1
16661	84	1
16662	31	1
16663	33	1
16664	11	1
16665	30	1
16666	30	1
16667	41	1
16668	77	1
16669	76	1
16670	6	1
16671	4	1
16672	68	1
16673	31	1
16674	69	1
16675	6	1
16676	1	1
16677	48	1
16678	30	1
16679	76	1
16680	41	1
16681	70	1
16682	115	1
16683	90	1
16684	13	1
16685	6	1
16686	65	1
16687	30	1
16688	93	1
16689	45	1
16690	106	1
16691	37	1
16692	27	1
16693	117	1
16694	18	1
16695	76	1
16696	35	1
16697	44	1
16698	27	1
16699	6	1
16700	11	1
16701	115	1
16702	61	1
16703	77	1
16704	6	1
16705	4	1
16706	98	1
16707	18	1
16708	50	1
16709	96	1
16710	68	1
16711	136	1
16712	22	1
16713	16	1
16714	19	1
16715	75	1
16716	12	1
16717	82	1
16718	96	1
16719	55	1
16720	38	1
16721	35	1
16722	56	1
16723	31	1
16724	29	1
16725	60	1
16726	19	1
16727	61	1
16728	88	1
16729	127	1
16730	1	1
16731	4	1
16732	83	1
16733	11	1
16734	1	1
16735	112	1
16736	53	1
16737	31	1
16738	4	1
16739	45	1
16740	62	1
16741	69	1
16742	72	1
16743	35	1
16744	3	1
16745	14	1
16746	77	1
16747	84	1
16748	62	1
16749	54	1
16750	25	1
16751	50	1
16752	17	1
16753	61	1
16754	83	1
16755	62	1
16756	40	1
16757	14	1
16758	70	1
16759	93	1
16760	93	1
16761	1	1
16762	55	1
16763	6	1
16764	19	1
16765	70	1
16766	70	1
16767	56	1
16768	6	1
16769	34	1
16770	54	1
16771	36	1
16772	106	1
16773	103	1
16774	35	1
16775	17	1
16776	17	1
16777	71	1
16778	106	1
16779	139	1
16780	139	1
16781	40	1
16782	102	1
16783	37	1
16784	19	1
16785	19	1
16786	27	1
16787	42	1
16788	118	1
16789	17	1
16790	56	1
16791	55	1
16792	55	1
16793	35	1
16794	3	1
16795	34	1
16796	78	1
16797	98	1
16798	6	1
16799	73	1
16800	31	1
16801	50	1
16802	68	1
16803	40	1
16804	13	1
16805	131	1
16806	36	1
16807	30	1
16808	5	1
16809	6	1
16810	68	1
16811	12	1
16812	12	1
16813	65	1
16814	54	1
16815	55	1
16816	34	1
16817	38	1
16818	34	1
16819	37	1
16820	55	1
16821	8	1
16822	35	1
16823	1	1
16824	38	1
16825	6	1
16826	54	1
16827	56	1
16828	13	1
16829	77	1
16830	6	1
16831	8	1
16832	34	1
16833	63	1
16834	15	1
16835	68	1
16836	7	1
16837	1	1
16838	27	1
16839	61	1
16840	17	1
16841	41	1
16842	117	1
16843	4	1
16844	88	1
16845	56	1
16846	36	1
16847	6	1
16848	103	1
16849	67	1
16850	107	1
16851	35	1
16852	66	1
16853	49	1
16854	3	1
16855	49	1
16856	6	1
16857	0	1
16858	139	1
16859	34	1
16860	8	1
16861	16	1
16862	59	1
16863	45	1
16864	60	1
16865	45	1
16866	60	1
16867	60	1
16868	12	1
16869	14	1
16870	13	1
16871	9	1
16872	43	1
16873	56	1
16874	30	1
16875	73	1
16876	70	1
16877	43	1
16878	4	1
16879	30	1
16880	68	1
16881	2	1
16882	79	1
16883	33	1
16884	8	1
16885	83	1
16886	4	1
16887	14	1
16888	33	1
16889	60	1
16890	67	1
16891	7	1
16892	68	1
16893	115	1
16894	93	1
16895	88	1
16896	65	1
16897	6	1
16898	22	1
16899	76	1
16900	57	1
16901	83	1
16902	83	1
16903	37	1
16904	38	1
16905	11	1
16906	125	1
16907	19	1
16908	114	1
16909	34	1
16910	10	1
16911	60	1
16912	84	1
16913	63	1
16914	68	1
16915	0	1
16916	83	1
16917	37	1
16918	114	1
16919	70	1
16920	19	1
16921	46	1
16922	103	1
16923	60	1
16924	17	1
16925	85	1
16926	8	1
16927	124	1
16928	121	1
16929	96	1
16930	63	1
16931	4	1
16932	68	1
16933	50	1
16934	75	1
16935	98	1
16936	109	1
16937	25	1
16938	84	1
16939	18	1
16940	118	1
16941	103	1
16942	100	1
16943	13	1
16944	84	1
16945	93	1
16946	13	1
16947	103	1
16948	19	1
16949	75	1
16950	118	1
16951	25	1
16952	19	1
16953	121	1
16954	50	1
16955	77	1
16956	79	1
16957	82	1
16958	27	1
16959	46	1
16960	8	1
16961	82	1
16962	76	1
16963	83	1
16964	19	1
16965	84	1
16966	30	1
16967	12	1
16968	54	1
16969	96	1
16970	77	1
16971	12	1
16972	12	1
16973	55	1
16974	34	1
16975	39	1
16976	158	1
16977	79	1
16978	27	1
16979	103	1
16980	27	1
16981	22	1
16982	57	1
16983	115	1
16984	74	1
16985	14	1
16986	74	1
16987	17	1
16988	56	1
16989	4	1
16990	12	1
16991	0	1
16992	82	1
16993	52	1
16994	70	1
16995	39	1
16996	17	1
16997	77	1
16998	14	1
16999	84	1
17000	9	1
17001	6	1
17002	135	1
17003	19	1
17004	103	1
17005	17	1
17006	93	1
17007	79	1
17008	10	1
17009	49	1
17010	12	1
17011	125	1
17012	182	1
17013	84	1
17014	114	1
17015	84	1
17016	81	1
17017	79	1
17018	34	1
17019	30	1
17020	65	1
17021	38	1
17022	110	1
17023	135	1
17024	135	1
17025	13	1
17026	114	1
17027	94	1
17028	46	1
17029	31	1
17030	3	1
17031	3	1
17032	68	1
17033	68	1
17034	39	1
17035	68	1
17036	173	1
17037	63	1
17038	61	1
17039	49	1
17040	34	1
17041	30	1
17042	135	1
17043	63	1
17044	118	1
17045	106	1
17046	68	1
17047	84	1
17048	85	1
17049	68	1
17050	3	1
17051	63	1
17052	22	1
17053	19	1
17054	6	1
17055	2	1
17056	6	1
17057	6	1
17058	46	1
17059	8	1
17060	21	1
17061	21	1
17062	84	1
17063	139	1
17064	18	1
17065	71	1
17066	16	1
17067	35	1
17068	14	1
17069	17	1
17070	4	1
17071	25	1
17072	12	1
17073	96	1
17074	25	1
17075	47	1
17076	12	1
17077	2	1
17078	19	1
17079	12	1
17080	93	1
17081	79	1
17082	12	1
17083	97	1
17084	35	1
17085	50	1
17086	75	1
17087	2	1
17088	111	1
17089	2	1
17090	8	1
17091	19	1
17092	2	1
17093	4	1
17094	57	1
17095	79	1
17096	4	1
17097	4	1
17098	29	1
17099	106	1
17100	62	1
17101	93	1
17102	0	1
17103	49	1
17104	70	1
17105	6	1
17106	77	1
17107	4	1
17108	32	1
17109	4	1
17110	19	1
17111	71	1
17112	171	1
17113	57	1
17114	48	1
17115	6	1
17116	19	1
17117	93	1
17118	55	1
17119	6	1
17120	56	1
17121	3	1
17122	93	1
17123	34	1
17124	6	1
17125	7	1
17126	56	1
17127	2	1
17128	52	1
17129	126	1
17130	118	1
17131	135	1
17132	70	1
17133	65	1
17134	11	1
17135	88	1
17136	76	1
17137	26	1
17138	34	1
17139	168	1
17140	6	1
17141	6	1
17142	39	1
17143	35	1
17144	98	1
17145	4	1
17146	62	1
17147	12	1
17148	12	1
17149	6	1
17150	6	1
17151	42	1
17152	46	1
17153	56	1
17154	4	1
17155	56	1
17156	54	1
17157	2	1
17158	26	1
17159	43	1
17160	85	1
17161	6	1
17162	68	1
17163	6	1
17164	67	1
17165	25	1
17166	50	1
17167	18	1
17168	42	1
17169	66	1
17170	78	1
17171	42	1
17172	21	1
17173	29	1
17174	66	1
17175	29	1
17176	52	1
17177	84	1
17178	7	1
17179	11	1
17180	143	1
17181	136	1
17182	25	1
17183	98	1
17184	93	1
17185	19	1
17186	4	1
17187	21	1
17188	75	1
17189	0	1
17190	46	1
17191	3	1
17192	36	1
17193	42	1
17194	42	1
17195	36	1
17196	11	1
17197	72	1
17198	51	1
17199	1	1
17200	35	1
17201	6	1
17202	34	1
17203	45	1
17204	34	1
17205	2	1
17206	34	1
17207	121	1
17208	4	1
17209	104	1
17210	2	1
17211	79	1
17212	34	1
17213	17	1
17214	31	1
17215	6	1
17216	6	1
17217	31	1
17218	55	1
17219	82	1
17220	31	1
17221	54	1
17222	40	1
17223	88	1
17224	70	1
17225	6	1
17226	79	1
17227	7	1
17228	19	1
17229	35	1
17230	50	1
17231	1	1
17232	19	1
17233	127	1
17234	7	1
17235	5	1
17236	109	1
17237	69	1
17238	93	1
17239	19	1
17240	19	1
17241	6	1
17242	42	1
17243	2	1
17244	49	1
17245	148	1
17246	55	1
17247	6	1
17248	103	1
17249	98	1
17250	103	1
17251	19	1
17252	1	1
17253	49	1
17254	35	1
17255	98	1
17256	54	1
17257	3	1
17258	75	1
17259	34	1
17260	46	1
17261	31	1
17262	34	1
17263	30	1
17264	3	1
17265	55	1
17266	36	1
17267	29	1
17268	2	1
17269	96	1
17270	38	1
17271	11	1
17272	17	1
17273	1	1
17274	46	1
17275	17	1
17276	1	1
17277	19	1
17278	3	1
17279	3	1
17280	19	1
17281	6	1
17282	138	1
17283	34	1
17284	35	1
17285	70	1
17286	70	1
17287	0	1
17288	6	1
17289	6	1
17290	46	1
17291	56	1
17292	79	1
17293	12	1
17294	19	1
17295	73	1
17296	50	1
17297	34	1
17298	46	1
17299	52	1
17300	46	1
17301	3	1
17302	6	1
17303	17	1
17304	34	1
17305	6	1
17306	4	1
17307	30	1
17308	30	1
17309	6	1
17310	60	1
17311	2	1
17312	66	1
17313	62	1
17314	5	1
17315	140	1
17316	40	1
17317	4	1
17318	65	1
17319	25	1
17320	1	1
17321	139	1
17322	34	1
17323	52	1
17324	47	1
17325	121	1
17326	117	1
17327	41	1
17328	139	1
17329	33	1
17330	5	1
17331	50	1
17332	121	1
17333	36	1
17334	19	1
17335	127	1
17336	74	1
17337	2	1
17338	127	1
17339	22	1
17340	55	1
17341	22	1
17342	4	1
17343	65	1
17344	11	1
17345	52	1
17346	61	1
17347	36	1
17348	121	1
17349	4	1
17350	139	1
17351	121	1
17352	37	1
17353	25	1
17354	33	1
17355	61	1
17356	47	1
17357	17	1
17358	16	1
17359	121	1
17360	19	1
17361	46	1
17362	115	1
17363	94	1
17364	121	1
17365	61	1
17366	75	1
17367	72	1
17368	39	1
17369	79	1
17370	62	1
17371	55	1
17372	4	1
17373	38	1
17374	85	1
17375	45	1
17376	30	1
17377	30	1
17378	61	1
17379	121	1
17380	39	1
17381	62	1
17382	52	1
17383	30	1
17384	139	1
17385	61	1
17386	121	1
17387	98	1
17388	33	1
17389	56	1
17390	53	1
17391	75	1
17392	19	1
17393	16	1
17394	3	1
17395	117	1
17396	60	1
17397	35	1
17398	19	1
17399	35	1
17400	103	1
17401	98	1
17402	6	1
17403	4	1
17404	137	1
17405	19	1
17406	6	1
17407	30	1
17408	74	1
17409	35	1
17410	4	1
17411	39	1
17412	16	1
17413	63	1
17414	4	1
17415	103	1
17416	54	1
17417	76	1
17418	30	1
17419	103	1
17420	39	1
17421	4	1
17422	70	1
17423	46	1
17424	34	1
17425	104	1
17426	70	1
17427	1	1
17428	127	1
17429	78	1
17430	4	1
17431	102	1
17432	102	1
17433	43	1
17434	75	1
17435	43	1
17436	13	1
17437	48	1
17438	34	1
17439	11	1
17440	75	1
17441	48	1
17442	31	1
17443	39	1
17444	37	1
17445	6	1
17446	52	1
17447	6	1
17448	55	1
17449	27	1
17450	6	1
17451	79	1
17452	6	1
17453	11	1
17454	98	1
17455	6	1
17456	105	1
17457	3	1
17458	0	1
17459	82	1
17460	4	1
17461	39	1
17462	4	1
17463	17	1
17464	44	1
17465	44	1
17466	4	1
17467	98	1
17468	78	1
17469	46	1
17470	9	1
17471	55	1
17472	22	1
17473	27	1
17474	6	1
17475	29	1
17476	118	1
17477	37	1
17478	104	1
17479	55	1
17480	118	1
17481	16	1
17482	118	1
17483	34	1
17484	31	1
17485	1	1
17486	137	1
17487	12	1
17488	104	1
17489	7	1
17490	137	1
17491	102	1
17492	103	1
17493	98	1
17494	103	1
17495	70	1
17496	33	1
17497	67	1
17498	33	1
17499	104	1
17500	5	1
17501	33	1
17502	18	1
17503	118	1
17504	24	1
17505	27	1
17506	94	1
17507	34	1
17508	63	1
17509	6	1
17510	104	1
17511	17	1
17512	6	1
17513	92	1
17514	16	1
17515	8	1
17516	67	1
17517	6	1
17518	7	1
17519	11	1
17520	6	1
17521	69	1
17522	6	1
17523	116	1
17524	31	1
17525	42	1
17526	55	1
17527	31	1
17528	79	1
17529	6	1
17530	55	1
17531	6	1
17532	41	1
17533	17	1
17534	98	1
17535	98	1
17536	46	1
17537	11	1
17538	124	1
17539	6	1
17540	6	1
17541	98	1
17542	45	1
17543	98	1
17544	16	1
17545	78	1
17546	139	1
17547	30	1
17548	19	1
17549	4	1
17550	8	1
17551	82	1
17552	60	1
17553	12	1
17554	31	1
17555	43	1
17556	36	1
17557	5	1
17558	46	1
17559	27	1
17560	98	1
17561	8	1
17562	48	1
17563	4	1
17564	16	1
17565	8	1
17566	4	1
17567	103	1
17568	62	1
17569	62	1
17570	49	1
17571	68	1
17572	18	1
17573	34	1
17574	0	1
17575	48	1
17576	33	1
17577	30	1
17578	40	1
17579	106	1
17580	25	1
17581	6	1
17582	27	1
17583	42	1
17584	38	1
17585	13	1
17586	22	1
17587	39	1
17588	3	1
17589	42	1
17590	43	1
17591	70	1
17592	6	1
17593	70	1
17594	27	1
17595	8	1
17596	6	1
17597	6	1
17598	77	1
17599	0	1
17600	98	1
17601	6	1
17602	75	1
17603	6	1
17604	33	1
17605	1	1
17606	49	1
17607	81	1
17608	21	1
17609	92	1
17610	110	1
17611	16	1
17612	110	1
17613	4	1
17614	2	1
17615	4	1
17616	60	1
17617	20	1
17618	14	1
17619	103	1
17620	79	1
17621	105	1
17622	43	1
17623	1	1
17624	38	1
17625	31	1
17626	121	1
17627	56	1
17628	68	1
17629	40	1
17630	1	1
17631	94	1
17632	52	1
17633	9	1
17634	63	1
17635	68	1
17636	121	1
17637	14	1
17638	7	1
17639	25	1
17640	35	1
17641	74	1
17642	44	1
17643	1	1
17644	19	1
17645	72	1
17646	6	1
17647	35	1
17648	88	1
17649	8	1
17650	98	1
17651	29	1
17652	110	1
17653	93	1
17654	54	1
17655	34	1
17656	79	1
17657	12	1
17658	43	1
17659	79	1
17660	63	1
17661	98	1
17662	79	1
17663	103	1
17664	98	1
17665	62	1
17666	52	1
17667	103	1
17668	8	1
17669	48	1
17670	102	1
17671	8	1
17672	8	1
17673	41	1
17674	6	1
17675	4	1
17676	98	1
17677	8	1
17678	81	1
17679	49	1
17680	38	1
17681	124	1
17682	8	1
17683	139	1
17684	8	1
17685	118	1
17686	7	1
17687	78	1
17688	4	1
17689	18	1
17690	62	1
17691	37	1
17692	4	1
17693	38	1
17694	12	1
17695	72	1
17696	34	1
17697	4	1
17698	71	1
17699	114	1
17700	54	1
17701	117	1
17702	78	1
17703	6	1
17704	39	1
17705	23	1
17706	49	1
17707	8	1
17708	34	1
17709	6	1
17710	129	1
17711	21	1
17712	70	1
17713	93	1
17714	34	1
17715	6	1
17716	36	1
17717	6	1
17718	6	1
17719	27	1
17720	27	1
17721	1	1
17722	11	1
17723	46	1
17724	46	1
17725	53	1
17726	25	1
17727	11	1
17728	82	1
17729	34	1
17730	34	1
17731	11	1
17732	27	1
17733	22	1
17734	85	1
17735	118	1
17736	22	1
17737	35	1
17738	42	1
17739	34	1
17740	37	1
17741	6	1
17742	3	1
17743	139	1
17744	172	1
17745	40	1
17746	13	1
17747	56	1
17748	36	1
17749	34	1
17750	33	1
17751	82	1
17752	11	1
17753	35	1
17754	17	1
17755	4	1
17756	18	1
17757	31	1
17758	66	1
17759	34	1
17760	30	1
17761	61	1
17762	33	1
17763	15	1
17764	16	1
17765	16	1
17766	4	1
17767	3	1
17768	0	1
17769	34	1
17770	17	1
17771	12	1
17772	139	1
17773	16	1
17774	103	1
17775	23	1
17776	82	1
17777	19	1
17778	6	1
17779	6	1
17780	6	1
17781	6	1
17782	6	1
17783	6	1
17784	6	1
17785	70	1
17786	84	1
17787	31	1
17788	16	1
17789	59	1
17790	62	1
17791	2	1
17792	65	1
17793	66	1
17794	66	1
17795	11	1
17796	31	1
17797	71	1
17798	3	1
17799	17	1
17800	88	1
17801	88	1
17802	102	1
17803	13	1
17804	123	1
17805	18	1
17806	4	1
17807	46	1
17808	12	1
17809	68	1
17810	85	1
17811	6	1
17812	103	1
17813	14	1
17814	7	1
17815	70	1
17816	34	1
17817	83	1
17818	12	1
17819	6	1
17820	5	1
17821	88	1
17822	88	1
17823	47	1
17824	17	1
17825	25	1
17826	14	1
17827	0	1
17828	78	1
17829	137	1
17830	137	1
17831	6	1
17832	68	1
17833	41	1
17834	41	1
17835	34	1
17836	70	1
17837	135	1
17838	83	1
17839	11	1
17840	2	1
17841	31	1
17842	44	1
17843	4	1
17844	83	1
17845	79	1
17846	1	1
17847	106	1
17848	92	1
17849	94	1
17850	6	1
17851	11	1
17852	6	1
17853	102	1
17854	32	1
17855	103	1
17856	4	1
17857	8	1
17858	21	1
17859	84	1
17860	55	1
17861	6	1
17862	45	1
17863	6	1
17864	33	1
17865	93	1
17866	104	1
17867	40	1
17868	14	1
17869	18	1
17870	84	1
17871	12	1
17872	73	1
17873	137	1
17874	1	1
17875	11	1
17876	32	1
17877	70	1
17878	121	1
17879	17	1
17880	93	1
17881	30	1
17882	18	1
17883	6	1
17884	106	1
17885	6	1
17886	6	1
17887	109	1
17888	6	1
17889	103	1
17890	6	1
17891	70	1
17892	35	1
17893	94	1
17894	94	1
17895	6	1
17896	94	1
17897	41	1
17898	117	1
17899	35	1
17900	25	1
17901	35	1
17902	70	1
17903	70	1
17904	6	1
17905	13	1
17906	0	1
17907	81	1
17908	31	1
17909	27	1
17910	45	1
17911	56	1
17912	12	1
17913	76	1
17914	122	1
17915	115	1
17916	54	1
17917	48	1
17918	156	1
17919	110	1
17920	109	1
17921	3	1
17922	6	1
17923	68	1
17924	0	1
17925	40	1
17926	84	1
17927	1	1
17928	34	1
17929	18	1
17930	19	1
17931	103	1
17932	1	1
17933	18	1
17934	34	1
17935	30	1
17936	21	1
17937	57	1
17938	103	1
17939	31	1
17940	17	1
17941	78	1
17942	12	1
17943	61	1
17944	4	1
17945	26	1
17946	70	1
17947	11	1
17948	40	1
17949	17	1
17950	11	1
17951	85	1
17952	84	1
17953	2	1
17954	17	1
17955	36	1
17956	68	1
17957	27	1
17958	94	1
17959	98	1
17960	56	1
17961	98	1
17962	1	1
17963	103	1
17964	12	1
17965	94	1
17966	6	1
17967	33	1
17968	33	1
17969	33	1
17970	33	1
17971	33	1
17972	33	1
17973	4	1
17974	12	1
17975	12	1
17976	1	1
17977	6	1
17978	18	1
17979	22	1
17980	6	1
17981	12	1
17982	103	1
17983	6	1
17984	110	1
17985	6	1
17986	11	1
17987	6	1
17988	110	1
17989	18	1
17990	33	1
17991	33	1
17992	4	1
17993	93	1
17994	6	1
17995	8	1
17996	6	1
17997	18	1
17998	6	1
17999	25	1
18000	70	1
18001	6	1
18002	19	1
18003	24	1
18004	31	1
18005	35	1
18006	21	1
18007	18	1
18008	121	1
18009	114	1
18010	17	1
18011	8	1
18012	24	1
18013	18	1
18014	18	1
18015	33	1
18016	35	1
18017	46	1
18018	77	1
18019	35	1
18020	18	1
18021	4	1
18022	49	1
18023	30	1
18024	61	1
18025	18	1
18026	26	1
18027	18	1
18028	74	1
18029	74	1
18030	37	1
18031	25	1
18032	4	1
18033	41	1
18034	3	1
18035	12	1
18036	23	1
18037	10	1
18038	16	1
18039	84	1
18040	45	1
18041	4	1
18042	4	1
18043	24	1
18044	84	1
18045	4	1
18046	22	1
18047	13	1
18048	18	1
18049	4	1
18050	44	1
18051	4	1
18052	12	1
18053	33	1
18054	38	1
18055	38	1
18056	33	1
18057	62	1
18058	45	1
18059	74	1
18060	17	1
18061	6	1
18062	55	1
18063	4	1
18064	137	1
18065	2	1
18066	48	1
18067	70	1
18068	4	1
18069	30	1
18070	78	1
18071	53	1
18072	2	1
18073	17	1
18074	53	1
18075	7	1
18076	13	1
18077	102	1
18078	12	1
18079	82	1
18080	8	1
18081	5	1
18082	38	1
18083	4	1
18084	68	1
18085	71	1
18086	31	1
18087	38	1
18088	34	1
18089	11	1
18090	11	1
18091	30	1
18092	38	1
18093	65	1
18094	121	1
18095	28	1
18096	4	1
18097	93	1
18098	37	1
18099	36	1
18100	75	1
18101	7	1
18102	2	1
18103	18	1
18104	14	1
18105	4	1
18106	4	1
18107	4	1
18108	4	1
18109	70	1
18110	70	1
18111	132	1
18112	93	1
18113	24	1
18114	0	1
18115	54	1
18116	43	1
18117	174	1
18118	31	1
18119	6	1
18120	60	1
18121	69	1
18122	70	1
18123	31	1
18124	38	1
18125	78	1
18126	88	1
18127	92	1
18128	44	1
18129	68	1
18130	3	1
18131	90	1
18132	84	1
18133	76	1
18134	57	1
18135	68	1
18136	83	1
18137	83	1
18138	44	1
18139	1	1
18140	92	1
18141	84	1
18142	172	1
18143	93	1
18144	73	1
18145	83	1
18146	90	1
18147	139	1
18148	9	1
18149	101	1
18150	64	1
18151	12	1
18152	3	1
18153	49	1
18154	96	1
18155	41	1
18156	34	1
18157	35	1
18158	47	1
18159	55	1
18160	84	1
18161	115	1
18162	137	1
18163	4	1
18164	76	1
18165	117	1
18166	90	1
18167	6	1
18168	29	1
18169	115	1
18170	106	1
18171	117	1
18172	19	1
18173	42	1
18174	103	1
18175	6	1
18176	9	1
18177	78	1
18178	18	1
18179	77	1
18180	67	1
18181	60	1
18182	84	1
18183	79	1
18184	82	1
18185	76	1
18186	59	1
18187	7	1
18188	25	1
18189	117	1
18190	101	1
18191	165	1
18192	115	1
18193	6	1
18194	22	1
18195	83	1
18196	55	1
18197	137	1
18198	60	1
18199	11	1
18200	102	1
18201	43	1
18202	45	1
18203	28	1
18204	65	1
18205	115	1
18206	69	1
18207	37	1
18208	106	1
18209	37	1
18210	4	1
18211	15	1
18212	35	1
18213	68	1
18214	70	1
18215	53	1
18216	45	1
18217	13	1
18218	79	1
18219	90	1
18220	82	1
18221	82	1
18222	116	1
18223	84	1
18224	2	1
18225	6	1
18226	84	1
18227	4	1
18228	39	1
18229	6	1
18230	54	1
18231	111	1
18232	111	1
18233	22	1
18234	22	1
18235	109	1
18236	157	1
18237	35	1
18238	6	1
18239	56	1
18240	68	1
18241	19	1
18242	35	1
18243	35	1
18244	13	1
18245	76	1
18246	37	1
18247	90	1
18248	25	1
18249	59	1
18250	4	1
18251	8	1
18252	54	1
18253	30	1
18254	40	1
18255	76	1
18256	88	1
18257	12	1
18258	115	1
18259	11	1
18260	61	1
18261	52	1
18262	12	1
18263	63	1
18264	6	1
18265	6	1
18266	93	1
18267	34	1
18268	78	1
18269	45	1
18270	8	1
18271	50	1
18272	56	1
18273	71	1
18274	71	1
18275	8	1
18276	88	1
18277	56	1
18278	1	1
18279	54	1
18280	121	1
18281	68	1
18282	45	1
18283	69	1
18284	17	1
18285	13	1
18286	2	1
18287	6	1
18288	2	1
18289	3	1
18290	4	1
18291	6	1
18292	6	1
18293	117	1
18294	34	1
18295	6	1
18296	78	1
18297	41	1
18298	36	1
18299	71	1
18300	54	1
18301	52	1
18302	6	1
18303	55	1
18304	38	1
18305	4	1
18306	7	1
18307	2	1
18308	45	1
18309	4	1
18310	24	1
18311	84	1
18312	24	1
18313	13	1
18314	68	1
18315	84	1
18316	12	1
18317	6	1
18318	4	1
18319	13	1
18320	115	1
18321	117	1
18322	60	1
18323	61	1
18324	12	1
18325	84	1
18326	83	1
18327	85	1
18328	136	1
18329	40	1
18330	40	1
18331	68	1
18332	115	1
18333	26	1
18334	30	1
18335	30	1
18336	5	1
18337	8	1
18338	83	1
18339	90	1
18340	85	1
18341	8	1
18342	21	1
18343	19	1
18344	19	1
18345	60	1
18346	8	1
18347	70	1
18348	41	1
18349	5	1
18350	31	1
18351	8	1
18352	17	1
18353	56	1
18354	150	1
18355	25	1
18356	83	1
18357	106	1
18358	74	1
18359	45	1
18360	88	1
18361	88	1
18362	40	1
18363	90	1
18364	96	1
18365	34	1
18366	30	1
18367	19	1
18368	37	1
18369	29	1
18370	136	1
18371	74	1
18372	188	1
18373	106	1
18374	85	1
18375	79	1
18376	13	1
18377	142	1
18378	1	1
18379	1	1
18380	75	1
18381	19	1
18382	17	1
18383	40	1
18384	74	1
18385	13	1
18386	93	1
18387	82	1
18388	55	1
18389	20	1
18390	55	1
18391	82	1
18392	124	1
18393	25	1
18394	85	1
18395	67	1
18396	34	1
18397	4	1
18398	4	1
18399	103	1
18400	115	1
18401	77	1
18402	25	1
18403	137	1
18404	75	1
18405	13	1
18406	12	1
18407	77	1
18408	82	1
18409	77	1
18410	54	1
18411	71	1
18412	30	1
18413	70	1
18414	114	1
18415	4	1
18416	46	1
18417	12	1
18418	109	1
18419	73	1
18420	6	1
18421	6	1
18422	27	1
18423	45	1
18424	56	1
18425	93	1
18426	44	1
18427	12	1
18428	93	1
18429	93	1
18430	83	1
18431	8	1
18432	6	1
18433	34	1
18434	84	1
18435	74	1
18436	52	1
18437	54	1
18438	45	1
18439	74	1
18440	70	1
18441	46	1
18442	45	1
18443	79	1
18444	34	1
18445	76	1
18446	114	1
18447	85	1
18448	52	1
18449	84	1
18450	12	1
18451	114	1
18452	70	1
18453	129	1
18454	62	1
18455	0	1
18456	16	1
18457	68	1
18458	37	1
18459	62	1
18460	46	1
18461	39	1
18462	17	1
18463	79	1
18464	0	1
18465	96	1
18466	118	1
18467	82	1
18468	25	1
18469	25	1
18470	68	1
18471	84	1
18472	84	1
18473	84	1
18474	6	1
18475	36	1
18476	19	1
18477	6	1
18478	6	1
18479	35	1
18480	1	1
18481	88	1
18482	6	1
18483	39	1
18484	19	1
18485	6	1
18486	68	1
18487	116	1
18488	84	1
18489	84	1
18490	27	1
18491	77	1
18492	13	1
18493	12	1
18494	86	1
18495	97	1
18496	9	1
18497	2	1
18498	117	1
18499	103	1
18500	102	1
18501	47	1
18502	54	1
18503	55	1
18504	117	1
18505	12	1
18506	82	1
18507	4	1
18508	4	1
18509	18	1
18510	55	1
18511	9	1
18512	110	1
18513	12	1
18514	10	1
18515	68	1
18516	32	1
18517	16	1
18518	69	1
18519	33	1
18520	79	1
18521	176	1
18522	6	1
18523	79	1
18524	6	1
18525	4	1
18526	93	1
18527	168	1
18528	101	1
18529	6	1
18530	6	1
18531	106	1
18532	39	1
18533	6	1
18534	4	1
18535	93	1
18536	4	1
18537	25	1
18538	6	1
18539	96	1
18540	6	1
18541	6	1
18542	6	1
18543	25	1
18544	4	1
18545	6	1
18546	1	1
18547	6	1
18548	6	1
18549	62	1
18550	37	1
18551	109	1
18552	103	1
18553	32	1
18554	32	1
18555	49	1
18556	12	1
18557	24	1
18558	12	1
18559	41	1
18560	6	1
18561	34	1
18562	98	1
18563	12	1
18564	1	1
18565	45	1
18566	33	1
18567	75	1
18568	18	1
18569	70	1
18570	70	1
18571	129	1
18572	4	1
18573	104	1
18574	124	1
18575	136	1
18576	19	1
18577	6	1
18578	169	1
18579	35	1
18580	98	1
18581	135	1
18582	47	1
18583	6	1
18584	71	1
18585	121	1
18586	60	1
18587	76	1
18588	68	1
18589	84	1
18590	84	1
18591	71	1
18592	69	1
18593	93	1
18594	33	1
18595	67	1
18596	50	1
18597	37	1
18598	19	1
18599	103	1
18600	30	1
18601	11	1
18602	3	1
18603	3	1
18604	6	1
18605	78	1
18606	60	1
18607	52	1
18608	17	1
18609	3	1
18610	42	1
18611	4	1
18612	61	1
18613	79	1
18614	4	1
18615	31	1
18616	31	1
18617	3	1
18618	93	1
18619	65	1
18620	6	1
18621	119	1
18622	6	1
18623	3	1
18624	137	1
18625	109	1
18626	55	1
18627	56	1
18628	6	1
18629	4	1
18630	35	1
18631	33	1
18632	19	1
18633	85	1
18634	93	1
18635	81	1
18636	83	1
18637	83	1
18638	75	1
18639	103	1
18640	84	1
18641	4	1
18642	29	1
18643	22	1
18644	106	1
18645	19	1
18646	127	1
18647	35	1
18648	7	1
18649	50	1
18650	55	1
18651	1	1
18652	1	1
18653	25	1
18654	71	1
18655	29	1
18656	69	1
18657	85	1
18658	30	1
18659	4	1
18660	22	1
18661	30	1
18662	85	1
18663	46	1
18664	2	1
18665	19	1
18666	6	1
18667	36	1
18668	29	1
18669	71	1
18670	36	1
18671	103	1
18672	98	1
18673	98	1
18674	139	1
18675	31	1
18676	138	1
18677	1	1
18678	19	1
18679	54	1
18680	36	1
18681	34	1
18682	6	1
18683	34	1
18684	79	1
18685	93	1
18686	63	1
18687	82	1
18688	46	1
18689	19	1
18690	6	1
18691	35	1
18692	55	1
18693	106	1
18694	39	1
18695	16	1
18696	6	1
18697	63	1
18698	122	1
18699	6	1
18700	122	1
18701	122	1
18702	75	1
18703	40	1
18704	56	1
18705	46	1
18706	138	1
18707	35	1
18708	3	1
18709	35	1
18710	30	1
18711	35	1
18712	139	1
18713	77	1
18714	19	1
18715	70	1
18716	4	1
18717	70	1
18718	35	1
18719	50	1
18720	118	1
18721	2	1
18722	12	1
18723	75	1
18724	74	1
18725	85	1
18726	74	1
18727	4	1
18728	70	1
18729	6	1
18730	52	1
18731	29	1
18732	41	1
18733	57	1
18734	33	1
18735	46	1
18736	55	1
18737	30	1
18738	17	1
18739	30	1
18740	6	1
18741	33	1
18742	17	1
18743	127	1
18744	19	1
18745	12	1
18746	3	1
18747	12	1
18748	17	1
18749	4	1
18750	3	1
18751	34	1
18752	12	1
18753	17	1
18754	2	1
18755	11	1
18756	43	1
18757	135	1
18758	46	1
18759	79	1
18760	45	1
18761	72	1
18762	52	1
18763	61	1
18764	52	1
18765	39	1
18766	52	1
18767	39	1
18768	48	1
18769	61	1
18770	71	1
18771	78	1
18772	46	1
18773	4	1
18774	41	1
18775	17	1
18776	34	1
18777	30	1
18778	30	1
18779	139	1
18780	45	1
18781	57	1
18782	25	1
18783	98	1
18784	52	1
18785	34	1
18786	8	1
18787	34	1
18788	4	1
18789	34	1
18790	4	1
18791	47	1
18792	4	1
18793	4	1
18794	2	1
18795	30	1
18796	34	1
18797	34	1
18798	22	1
18799	56	1
18800	45	1
18801	27	1
18802	29	1
18803	30	1
18804	53	1
18805	56	1
18806	4	1
18807	47	1
18808	6	1
18809	62	1
18810	69	1
18811	2	1
18812	19	1
18813	39	1
18814	100	1
18815	39	1
18816	30	1
18817	30	1
18818	8	1
18819	49	1
18820	18	1
18821	6	1
18822	78	1
18823	118	1
18824	20	1
18825	6	1
18826	3	1
18827	38	1
18828	4	1
18829	62	1
18830	35	1
18831	6	1
18832	16	1
18833	18	1
18834	32	1
18835	37	1
18836	27	1
18837	10	1
18838	17	1
18839	88	1
18840	84	1
18841	1	1
18842	17	1
18843	93	1
18844	2	1
18845	70	1
18846	36	1
18847	103	1
18848	137	1
18849	6	1
18850	34	1
18851	27	1
18852	70	1
18853	103	1
18854	118	1
18855	118	1
18856	6	1
18857	6	1
18858	31	1
18859	66	1
18860	6	1
18861	75	1
18862	12	1
18863	35	1
18864	54	1
18865	66	1
18866	69	1
18867	2	1
18868	33	1
18869	64	1
18870	4	1
18871	6	1
18872	41	1
18873	56	1
18874	70	1
18875	68	1
18876	17	1
18877	34	1
18878	36	1
18879	29	1
18880	103	1
18881	124	1
18882	39	1
18883	2	1
18884	41	1
18885	60	1
18886	60	1
18887	34	1
18888	103	1
18889	146	1
18890	34	1
18891	118	1
18892	38	1
18893	111	1
18894	103	1
18895	18	1
18896	29	1
18897	52	1
18898	103	1
18899	94	1
18900	6	1
18901	34	1
18902	6	1
18903	6	1
18904	6	1
18905	6	1
18906	6	1
18907	6	1
18908	16	1
18909	49	1
18910	45	1
18911	10	1
18912	10	1
18913	9	1
18914	13	1
18915	22	1
18916	47	1
18917	27	1
18918	93	1
18919	34	1
18920	3	1
18921	55	1
18922	6	1
18923	31	1
18924	103	1
18925	1	1
18926	53	1
18927	68	1
18928	68	1
18929	6	1
18930	78	1
18931	45	1
18932	6	1
18933	2	1
18934	46	1
18935	17	1
18936	11	1
18937	103	1
18938	8	1
18939	62	1
18940	31	1
18941	48	1
18942	17	1
18943	6	1
18944	1	1
18945	103	1
18946	60	1
18947	30	1
18948	39	1
18949	2	1
18950	60	1
18951	30	1
18952	61	1
18953	30	1
18954	6	1
18955	48	1
18956	77	1
18957	39	1
18958	2	1
18959	11	1
18960	72	1
18961	2	1
18962	11	1
18963	103	1
18964	62	1
18965	46	1
18966	6	1
18967	6	1
18968	64	1
18969	39	1
18970	31	1
18971	31	1
18972	6	1
18973	31	1
18974	1	1
18975	38	1
18976	38	1
18977	11	1
18978	38	1
18979	6	1
18980	12	1
18981	31	1
18982	39	1
18983	11	1
18984	39	1
18985	6	1
18986	31	1
18987	124	1
18988	6	1
18989	93	1
18990	39	1
18991	3	1
18992	77	1
18993	137	1
18994	36	1
18995	29	1
18996	45	1
18997	8	1
18998	84	1
18999	34	1
19000	77	1
19001	33	1
19002	77	1
19003	75	1
19004	6	1
19005	6	1
19006	0	1
19007	96	1
19008	17	1
19009	109	1
19010	49	1
19011	68	1
19012	76	1
19013	12	1
19014	73	1
19015	68	1
19016	31	1
19017	17	1
19018	12	1
19019	23	1
19020	31	1
19021	43	1
19022	68	1
19023	106	1
19024	68	1
19025	65	1
19026	65	1
19027	13	1
19028	10	1
19029	14	1
19030	81	1
19031	1	1
19032	1	1
19033	2	1
19034	14	1
19035	52	1
19036	63	1
19037	12	1
19038	68	1
19039	7	1
19040	19	1
19041	1	1
19042	65	1
19043	18	1
19044	35	1
19045	98	1
19046	98	1
19047	47	1
19048	6	1
19049	8	1
19050	79	1
19051	110	1
19052	54	1
19053	62	1
19054	62	1
19055	22	1
19056	62	1
19057	79	1
19058	4	1
19059	55	1
19060	33	1
19061	71	1
19062	16	1
19063	49	1
19064	12	1
19065	8	1
19066	135	1
19067	103	1
19068	4	1
19069	4	1
19070	103	1
19071	137	1
19072	103	1
19073	68	1
19074	46	1
19075	18	1
19076	18	1
19077	18	1
19078	62	1
19079	22	1
19080	2	1
19081	117	1
19082	60	1
19083	46	1
19084	103	1
19085	4	1
19086	103	1
19087	3	1
19088	21	1
19089	93	1
19090	39	1
19091	85	1
19092	8	1
19093	10	1
19094	102	1
19095	103	1
19096	6	1
19097	121	1
19098	46	1
19099	21	1
19100	37	1
19101	61	1
19102	82	1
19103	121	1
19104	42	1
19105	19	1
19106	151	1
19107	6	1
19108	151	1
19109	16	1
19110	52	1
19111	16	1
19112	77	1
19113	27	1
19114	12	1
19115	85	1
19116	6	1
19117	38	1
19118	56	1
19119	37	1
19120	118	1
19121	20	1
19122	6	1
19123	82	1
19124	16	1
19125	69	1
19126	49	1
19127	98	1
19128	104	1
19129	33	1
19130	19	1
19131	34	1
19132	38	1
19133	129	1
19134	33	1
19135	169	1
19136	103	1
19137	19	1
19138	35	1
19139	34	1
19140	45	1
19141	19	1
19142	82	1
19143	6	1
19144	42	1
19145	34	1
19146	6	1
19147	12	1
19148	85	1
19149	2	1
19150	103	1
19151	74	1
19152	35	1
19153	84	1
19154	0	1
19155	6	1
19156	70	1
19157	35	1
19158	18	1
19159	18	1
19160	46	1
19161	18	1
19162	18	1
19163	12	1
19164	1	1
19165	139	1
19166	54	1
19167	11	1
19168	6	1
19169	6	1
19170	2	1
19171	6	1
19172	6	1
19173	6	1
19174	6	1
19175	6	1
19176	6	1
19177	6	1
19178	6	1
19179	6	1
19180	6	1
19181	55	1
19182	30	1
19183	55	1
19184	35	1
19185	77	1
19186	139	1
19187	109	1
19188	157	1
19189	62	1
19190	31	1
19191	14	1
19192	66	1
19193	11	1
19194	11	1
19195	43	1
19196	40	1
19197	82	1
19198	8	1
19199	122	1
19200	47	1
19201	34	1
19202	55	1
19203	47	1
19204	25	1
19205	29	1
19206	34	1
19207	174	1
19208	16	1
19209	24	1
19210	4	1
19211	4	1
19212	84	1
19213	7	1
19214	2	1
19215	6	1
19216	21	1
19217	6	1
19218	47	1
19219	102	1
19220	31	1
19221	83	1
19222	6	1
19223	137	1
19224	49	1
19225	31	1
19226	70	1
19227	38	1
19228	31	1
19229	10	1
19230	78	1
19231	6	1
19232	61	1
19233	70	1
19234	73	1
19235	6	1
19236	50	1
19237	33	1
19238	22	1
19239	41	1
19240	22	1
19241	33	1
19242	41	1
19243	40	1
19244	115	1
19245	72	1
19246	117	1
19247	96	1
19248	65	1
19249	48	1
19250	45	1
19251	6	1
19252	34	1
19253	5	1
19254	87	1
19255	44	1
19256	93	1
19257	18	1
19258	6	1
19259	137	1
19260	102	1
19261	4	1
19262	82	1
19263	73	1
19264	18	1
19265	19	1
19266	10	1
19267	4	1
19268	6	1
19269	68	1
19270	61	1
19271	2	1
19272	49	1
19273	11	1
19274	11	1
19275	6	1
19276	6	1
19277	30	1
19278	98	1
19279	30	1
19280	49	1
19281	30	1
19282	55	1
19283	49	1
19284	88	1
19285	55	1
19286	35	1
19287	6	1
19288	6	1
19289	46	1
19290	31	1
19291	6	1
19292	35	1
19293	6	1
19294	94	1
19295	94	1
19296	70	1
19297	94	1
19298	54	1
19299	28	1
19300	46	1
19301	43	1
19302	0	1
19303	29	1
19304	70	1
19305	106	1
19306	47	1
19307	106	1
19308	68	1
19309	43	1
19310	0	1
19311	27	1
19312	37	1
19313	3	1
19314	6	1
19315	84	1
19316	115	1
19317	33	1
19318	12	1
19319	93	1
19320	11	1
19321	172	1
19322	54	1
19323	115	1
19324	54	1
19325	93	1
19326	56	1
19327	84	1
19328	4	1
19329	3	1
19330	181	1
19331	40	1
19332	4	1
19333	46	1
19334	18	1
19335	70	1
19336	68	1
19337	96	1
19338	44	1
19339	2	1
19340	66	1
19341	33	1
19342	6	1
19343	42	1
19344	12	1
19345	33	1
19346	55	1
19347	4	1
19348	19	1
19349	96	1
19350	29	1
19351	60	1
19352	36	1
19353	84	1
19354	17	1
19355	18	1
19356	9	1
19357	6	1
19358	46	1
19359	61	1
19360	69	1
19361	69	1
19362	41	1
19363	1	1
19364	4	1
19365	139	1
19366	33	1
19367	33	1
19368	33	1
19369	6	1
19370	6	1
19371	18	1
19372	33	1
19373	33	1
19374	35	1
19375	98	1
19376	33	1
19377	61	1
19378	6	1
19379	44	1
19380	19	1
19381	0	1
19382	6	1
19383	66	1
19384	12	1
19385	74	1
19386	18	1
19387	66	1
19388	18	1
19389	12	1
19390	121	1
19391	55	1
19392	6	1
19393	30	1
19394	102	1
19395	45	1
19396	24	1
19397	33	1
19398	6	1
19399	18	1
19400	6	1
19401	61	1
19402	103	1
19403	17	1
19404	18	1
19405	37	1
19406	102	1
19407	61	1
19408	6	1
19409	121	1
19410	0	1
19411	18	1
19412	46	1
19413	18	1
19414	33	1
19415	35	1
19416	84	1
19417	102	1
19418	35	1
19419	121	1
19420	35	1
19421	0	1
19422	12	1
19423	68	1
19424	31	1
19425	14	1
19426	6	1
19427	33	1
19428	74	1
19429	35	1
19430	4	1
19431	41	1
19432	45	1
19433	28	1
19434	16	1
19435	36	1
19436	35	1
19437	14	1
19438	28	1
19439	45	1
19440	41	1
19441	36	1
19442	42	1
19443	32	1
19444	18	1
19445	28	1
19446	18	1
19447	1	1
19448	47	1
19449	10	1
19450	18	1
19451	137	1
19452	84	1
19453	35	1
19454	6	1
19455	15	1
19456	40	1
19457	7	1
19458	17	1
19459	8	1
19460	7	1
19461	25	1
19462	40	1
19463	57	1
19464	76	1
19465	71	1
19466	25	1
19467	31	1
19468	64	1
19469	66	1
19470	11	1
19471	29	1
19472	3	1
19473	10	1
19474	66	1
19475	61	1
19476	5	1
19477	61	1
19478	38	1
19479	63	1
19480	44	1
19481	3	1
19482	71	1
19483	5	1
19484	6	1
19485	11	1
19486	27	1
19487	6	1
19488	23	1
19489	6	1
19490	7	1
19491	6	1
19492	69	1
19493	68	1
19494	4	1
19495	31	1
19496	71	1
19497	42	1
19498	42	1
19499	111	1
19500	27	1
19501	93	1
19502	54	1
19503	31	1
19504	45	1
19505	4	1
19506	4	1
19507	45	1
19508	84	1
19509	11	1
19510	79	1
19511	127	1
19512	11	1
19513	41	1
19514	65	1
19515	84	1
19516	68	1
19517	84	1
19518	71	1
19519	30	1
19520	75	1
19521	114	1
19522	12	1
19523	77	1
19524	55	1
19525	84	1
19526	114	1
19527	94	1
19528	92	1
19529	83	1
19530	84	1
19531	84	1
19532	6	1
19533	33	1
19534	67	1
19535	30	1
19536	29	1
19537	77	1
19538	77	1
19539	68	1
19540	47	1
19541	85	1
19542	92	1
19543	115	1
19544	93	1
19545	83	1
19546	13	1
19547	72	1
19548	77	1
19549	0	1
19550	101	1
19551	40	1
19552	60	1
19553	3	1
19554	6	1
19555	48	1
19556	79	1
19557	60	1
19558	10	1
19559	13	1
19560	66	1
19561	93	1
19562	59	1
19563	30	1
19564	76	1
19565	40	1
19566	40	1
19567	76	1
19568	55	1
19569	117	1
19570	35	1
19571	137	1
19572	43	1
19573	76	1
19574	74	1
19575	4	1
19576	4	1
19577	45	1
19578	42	1
19579	11	1
19580	69	1
19581	45	1
19582	4	1
19583	2	1
19584	38	1
19585	118	1
19586	45	1
19587	31	1
19588	5	1
19589	11	1
19590	50	1
19591	3	1
19592	88	1
19593	68	1
19594	83	1
19595	6	1
19596	6	1
19597	12	1
19598	68	1
19599	77	1
19600	1	1
19601	4	1
19602	29	1
19603	103	1
19604	1	1
19605	4	1
19606	22	1
19607	35	1
19608	4	1
19609	103	1
19610	4	1
19611	6	1
19612	70	1
19613	34	1
19614	46	1
19615	31	1
19616	96	1
19617	147	1
19618	39	1
19619	29	1
19620	35	1
19621	1	1
19622	54	1
19623	35	1
19624	54	1
19625	6	1
19626	17	1
19627	6	1
19628	30	1
19629	2	1
19630	55	1
19631	111	1
19632	70	1
19633	2	1
19634	1	1
19635	124	1
19636	13	1
19637	23	1
19638	47	1
19639	1	1
19640	2	1
19641	47	1
19642	65	1
19643	50	1
19644	63	1
19645	76	1
19646	12	1
19647	62	1
19648	66	1
19649	33	1
19650	54	1
19651	6	1
19652	8	1
19653	102	1
19654	25	1
19655	76	1
19656	29	1
19657	35	1
19658	121	1
19659	46	1
19660	12	1
19661	2	1
19662	174	1
19663	2	1
19664	59	1
19665	2	1
19666	117	1
19667	52	1
19668	47	1
19669	115	1
19670	137	1
19671	62	1
19672	68	1
19673	34	1
19674	11	1
19675	78	1
19676	137	1
19677	6	1
19678	68	1
19679	60	1
19680	12	1
19681	83	1
19682	68	1
19683	14	1
19684	85	1
19685	32	1
19686	68	1
19687	74	1
19688	2	1
19689	12	1
19690	12	1
19691	110	1
19692	92	1
19693	84	1
19694	90	1
19695	14	1
19696	75	1
19697	88	1
19698	37	1
19699	90	1
19700	76	1
19701	84	1
19702	150	1
19703	29	1
19704	12	1
19705	34	1
19706	126	1
19707	83	1
19708	172	1
19709	40	1
19710	88	1
19711	88	1
19712	40	1
19713	47	1
19714	47	1
19715	85	1
19716	93	1
19717	68	1
19718	83	1
19719	43	1
19720	114	1
19721	84	1
19722	13	1
19723	75	1
19724	41	1
19725	13	1
19726	70	1
19727	41	1
19728	83	1
19729	34	1
19730	36	1
19731	135	1
19732	69	1
19733	166	1
19734	39	1
19735	31	1
19736	49	1
19737	82	1
19738	50	1
19739	84	1
19740	10	1
19741	73	1
19742	70	1
19743	46	1
19744	6	1
19745	92	1
19746	12	1
19747	84	1
19748	74	1
19749	45	1
19750	60	1
19751	46	1
19752	11	1
19753	60	1
19754	38	1
19755	121	1
19756	77	1
19757	102	1
19758	6	1
19759	88	1
19760	2	1
19761	93	1
19762	36	1
19763	9	1
19764	12	1
19765	67	1
19766	34	1
19767	34	1
19768	27	1
19769	55	1
19770	35	1
19771	30	1
19772	16	1
19773	9	1
19774	12	1
19775	49	1
19776	17	1
19777	79	1
19778	2	1
19779	46	1
19780	12	1
19781	41	1
19782	110	1
19783	38	1
19784	35	1
19785	4	1
19786	12	1
19787	38	1
19788	125	1
19789	70	1
19790	94	1
19791	1	1
19792	46	1
19793	8	1
19794	17	1
19795	110	1
19796	70	1
19797	70	1
19798	103	1
19799	18	1
19800	6	1
19801	54	1
19802	34	1
19803	34	1
19804	139	1
19805	118	1
19806	12	1
19807	52	1
19808	13	1
19809	52	1
19810	6	1
19811	17	1
19812	27	1
19813	70	1
19814	68	1
19815	46	1
19816	31	1
19817	17	1
19818	70	1
19819	41	1
19820	56	1
19821	33	1
19822	84	1
19823	84	1
19824	8	1
19825	137	1
19826	6	1
19827	55	1
19828	3	1
19829	17	1
19830	121	1
19831	12	1
19832	25	1
19833	4	1
19834	34	1
19835	25	1
19836	12	1
19837	97	1
19838	25	1
19839	25	1
19840	97	1
19841	4	1
19842	97	1
19843	2	1
19844	117	1
19845	1	1
19846	16	1
19847	56	1
19848	25	1
19849	15	1
19850	57	1
19851	6	1
19852	4	1
19853	4	1
19854	2	1
19855	9	1
19856	8	1
19857	17	1
19858	47	1
19859	51	1
19860	101	1
19861	93	1
19862	68	1
19863	12	1
19864	70	1
19865	35	1
19866	49	1
19867	0	1
19868	4	1
19869	55	1
19870	79	1
19871	18	1
19872	5	1
19873	22	1
19874	6	1
19875	4	1
19876	50	1
19877	6	1
19878	8	1
19879	52	1
19880	124	1
19881	15	1
19882	21	1
19883	109	1
19884	76	1
19885	56	1
19886	31	1
19887	84	1
19888	17	1
19889	30	1
19890	4	1
19891	1	1
19892	53	1
19893	6	1
19894	23	1
19895	29	1
19896	29	1
19897	47	1
19898	109	1
19899	135	1
19900	56	1
19901	24	1
19902	30	1
19903	84	1
19904	25	1
19905	124	1
19906	137	1
19907	22	1
19908	50	1
19909	67	1
19910	35	1
19911	19	1
19912	37	1
19913	45	1
19914	60	1
19915	125	1
19916	69	1
19917	73	1
19918	43	1
19919	73	1
19920	68	1
19921	18	1
19922	67	1
19923	93	1
19924	78	1
19925	33	1
19926	93	1
19927	35	1
19928	79	1
19929	93	1
19930	77	1
19931	11	1
19932	11	1
19933	30	1
19934	11	1
19935	87	1
19936	160	1
19937	6	1
19938	63	1
19939	60	1
19940	4	1
19941	34	1
19942	60	1
19943	45	1
19944	129	1
19945	12	1
19946	33	1
19947	62	1
19948	77	1
19949	55	1
19950	2	1
19951	27	1
19952	18	1
19953	6	1
19954	54	1
19955	12	1
19956	14	1
19957	6	1
19958	72	1
19959	6	1
19960	52	1
19961	19	1
19962	56	1
19963	25	1
19964	25	1
19965	25	1
19966	49	1
19967	33	1
19968	3	1
19969	4	1
19970	16	1
19971	43	1
19972	9	1
19973	52	1
19974	55	1
19975	18	1
19976	36	1
19977	1	1
19978	137	1
19979	4	1
19980	137	1
19981	39	1
19982	25	1
19983	8	1
19984	46	1
19985	34	1
19986	19	1
19987	46	1
19988	19	1
19989	34	1
19990	36	1
19991	3	1
19992	16	1
19993	98	1
19994	55	1
19995	19	1
19996	6	1
19997	103	1
19998	30	1
19999	4	1
20000	34	1
20001	31	1
20002	39	1
20003	85	1
20004	40	1
20005	66	1
20006	94	1
20007	52	1
20008	93	1
20009	6	1
20010	19	1
20011	52	1
20012	19	1
20013	34	1
20014	138	1
20015	34	1
20016	6	1
20017	138	1
20018	70	1
20019	1	1
20020	75	1
20021	46	1
20022	40	1
20023	19	1
20024	63	1
20025	60	1
20026	131	1
20027	68	1
20028	52	1
20029	6	1
20030	6	1
20031	49	1
20032	77	1
20033	6	1
20034	17	1
20035	39	1
20036	98	1
20037	60	1
20038	4	1
20039	52	1
20040	2	1
20041	43	1
20042	65	1
20043	4	1
20044	140	1
20045	74	1
20046	16	1
20047	48	1
20048	13	1
20049	136	1
20050	93	1
20051	103	1
20052	33	1
20053	48	1
20054	16	1
20055	52	1
20056	33	1
20057	30	1
20058	34	1
20059	57	1
20060	63	1
20061	6	1
20062	121	1
20063	6	1
20064	17	1
20065	4	1
20066	29	1
20067	98	1
20068	93	1
20069	73	1
20070	74	1
20071	2	1
20072	70	1
20073	75	1
20074	72	1
20075	22	1
20076	15	1
20077	70	1
20078	4	1
20079	6	1
20080	93	1
20081	139	1
20082	4	1
20083	79	1
20084	4	1
20085	34	1
20086	43	1
20087	110	1
20088	34	1
20089	4	1
20090	4	1
20091	2	1
20092	106	1
20093	4	1
20094	17	1
20095	34	1
20096	29	1
20097	72	1
20098	34	1
20099	61	1
20100	7	1
20101	30	1
20102	121	1
20103	12	1
20104	110	1
20105	33	1
20106	33	1
20107	103	1
20108	13	1
20109	30	1
20110	3	1
20111	30	1
20112	34	1
20113	57	1
20114	79	1
20115	61	1
20116	121	1
20117	40	1
20118	30	1
20119	17	1
20120	139	1
20121	100	1
20122	45	1
20123	11	1
20124	58	1
20125	6	1
20126	34	1
20127	16	1
20128	39	1
20129	75	1
20130	12	1
20131	39	1
20132	33	1
20133	40	1
20134	84	1
20135	118	1
20136	36	1
20137	62	1
20138	50	1
20139	38	1
20140	3	1
20141	39	1
20142	16	1
20143	50	1
20144	70	1
20145	103	1
20146	16	1
20147	57	1
20148	118	1
20149	6	1
20150	2	1
20151	93	1
20152	6	1
20153	40	1
20154	31	1
20155	53	1
20156	43	1
20157	6	1
20158	3	1
20159	16	1
20160	27	1
20161	52	1
20162	73	1
20163	143	1
20164	36	1
20165	4	1
20166	118	1
20167	11	1
20168	40	1
20169	43	1
20170	82	1
20171	137	1
20172	36	1
20173	11	1
20174	98	1
20175	55	1
20176	25	1
20177	55	1
20178	118	1
20179	6	1
20180	78	1
20181	34	1
20182	85	1
20183	85	1
20184	70	1
20185	118	1
20186	38	1
20187	135	1
20188	27	1
20189	137	1
20190	104	1
20191	19	1
20192	33	1
20193	82	1
20194	79	1
20195	52	1
20196	34	1
20197	1	1
20198	34	1
20199	18	1
20200	16	1
20201	69	1
20202	34	1
20203	60	1
20204	137	1
20205	6	1
20206	6	1
20207	6	1
20208	6	1
20209	77	1
20210	6	1
20211	92	1
20212	55	1
20213	2	1
20214	19	1
20215	88	1
20216	78	1
20217	4	1
20218	52	1
20219	11	1
20220	98	1
20221	17	1
20222	98	1
20223	4	1
20224	34	1
20225	39	1
20226	6	1
20227	94	1
20228	19	1
20229	4	1
20230	11	1
20231	62	1
20232	3	1
20233	62	1
20234	27	1
20235	50	1
20236	53	1
20237	27	1
20238	103	1
20239	39	1
20240	77	1
20241	32	1
20242	6	1
20243	53	1
20244	24	1
20245	16	1
20246	10	1
20247	6	1
20248	68	1
20249	8	1
20250	6	1
20251	8	1
20252	46	1
20253	38	1
20254	14	1
20255	31	1
20256	78	1
20257	27	1
20258	81	1
20259	31	1
20260	25	1
20261	18	1
20262	12	1
20263	2	1
20264	8	1
20265	42	1
20266	137	1
20267	17	1
20268	124	1
20269	124	1
20270	77	1
20271	124	1
20272	0	1
20273	118	1
20274	17	1
20275	34	1
20276	104	1
20277	104	1
20278	35	1
20279	93	1
20280	77	1
20281	1	1
20282	33	1
20283	1	1
20284	109	1
20285	27	1
20286	4	1
20287	85	1
20288	114	1
20289	76	1
20290	53	1
20291	68	1
20292	12	1
20293	12	1
20294	4	1
20295	17	1
20296	44	1
20297	85	1
20298	106	1
20299	14	1
20300	74	1
20301	45	1
20302	9	1
20303	74	1
20304	19	1
20305	19	1
20306	19	1
20307	79	1
20308	11	1
20309	23	1
20310	16	1
20311	40	1
20312	1	1
20313	1	1
20314	1	1
20315	109	1
20316	135	1
20317	85	1
20318	21	1
20319	2	1
20320	106	1
20321	3	1
20322	16	1
20323	52	1
20324	31	1
20325	125	1
20326	98	1
20327	4	1
20328	72	1
20329	109	1
20330	38	1
20331	72	1
20332	2	1
20333	54	1
20334	96	1
20335	117	1
20336	8	1
20337	2	1
20338	34	1
20339	98	1
20340	72	1
20341	96	1
20342	79	1
20343	1	1
20344	117	1
20345	43	1
20346	77	1
20347	43	1
20348	117	1
20349	1	1
20350	2	1
20351	57	1
20352	12	1
20353	60	1
20354	84	1
20355	4	1
20356	35	1
20357	19	1
20358	11	1
20359	0	1
20360	121	1
20361	118	1
20362	19	1
20363	6	1
20364	78	1
20365	31	1
20366	23	1
20367	19	1
20368	6	1
20369	27	1
20370	6	1
20371	19	1
20372	16	1
20373	93	1
20374	1	1
20375	16	1
20376	34	1
20377	60	1
20378	118	1
20379	3	1
20380	118	1
20381	42	1
20382	85	1
20383	6	1
20384	4	1
20385	34	1
20386	3	1
20387	34	1
20388	67	1
20389	109	1
20390	71	1
20391	136	1
20392	34	1
20393	42	1
20394	14	1
20395	103	1
20396	32	1
20397	77	1
20398	34	1
20399	18	1
20400	34	1
20401	13	1
20402	17	1
20403	1	1
20404	46	1
20405	35	1
20406	84	1
20407	34	1
20408	0	1
20409	6	1
20410	3	1
20411	3	1
20412	6	1
20413	3	1
20414	49	1
20415	2	1
20416	4	1
20417	152	1
20418	48	1
20419	6	1
20420	12	1
20421	6	1
20422	6	1
20423	6	1
20424	6	1
20425	31	1
20426	77	1
20427	12	1
20428	70	1
20429	70	1
20430	3	1
20431	20	1
20432	20	1
20433	40	1
20434	11	1
20435	66	1
20436	82	1
20437	31	1
20438	11	1
20439	31	1
20440	82	1
20441	93	1
20442	5	1
20443	5	1
20444	93	1
20445	47	1
20446	35	1
20447	102	1
20448	18	1
20449	14	1
20450	70	1
20451	12	1
20452	68	1
20453	88	1
20454	12	1
20455	82	1
20456	19	1
20457	103	1
20458	83	1
20459	35	1
20460	27	1
20461	7	1
20462	47	1
20463	31	1
20464	49	1
20465	38	1
20466	82	1
20467	48	1
20468	129	1
20469	124	1
20470	22	1
20471	7	1
20472	159	1
20473	6	1
20474	19	1
20475	33	1
20476	32	1
20477	33	1
20478	32	1
20479	103	1
20480	3	1
20481	49	1
20482	84	1
20483	59	1
20484	68	1
20485	25	1
20486	12	1
20487	19	1
20488	2	1
20489	6	1
20490	2	1
20491	77	1
20492	82	1
20493	102	1
20494	2	1
20495	6	1
20496	4	1
20497	68	1
20498	25	1
20499	2	1
20500	40	1
20501	6	1
20502	6	1
20503	81	1
20504	46	1
20505	18	1
20506	17	1
20507	6	1
20508	6	1
20509	103	1
20510	76	1
20511	70	1
20512	35	1
20513	46	1
20514	6	1
20515	70	1
20516	6	1
20517	70	1
20518	103	1
20519	6	1
20520	19	1
20521	18	1
20522	94	1
20523	52	1
20524	61	1
20525	89	1
20526	36	1
20527	46	1
20528	0	1
20529	11	1
20530	41	1
20531	36	1
20532	6	1
20533	13	1
20534	135	1
20535	76	1
20536	0	1
20537	19	1
20538	56	1
20539	47	1
20540	63	1
20541	56	1
20542	9	1
20543	125	1
20544	96	1
20545	79	1
20546	79	1
20547	79	1
20548	117	1
20549	40	1
20550	189	1
20551	110	1
20552	6	1
20553	68	1
20554	117	1
20555	27	1
20556	0	1
20557	46	1
20558	103	1
20559	103	1
20560	6	1
20561	6	1
20562	6	1
20563	33	1
20564	78	1
20565	78	1
20566	19	1
20567	93	1
20568	4	1
20569	35	1
20570	68	1
20571	17	1
20572	190	1
20573	3	1
20574	68	1
20575	5	1
20576	102	1
20577	102	1
20578	39	1
20579	84	1
20580	44	1
20581	6	1
20582	3	1
20583	6	1
20584	103	1
20585	18	1
20586	190	1
20587	33	1
20588	33	1
20589	33	1
20590	6	1
20591	33	1
20592	33	1
20593	6	1
20594	33	1
20595	18	1
20596	22	1
20597	11	1
20598	27	1
20599	13	1
20600	102	1
20601	4	1
20602	110	1
20603	6	1
20604	50	1
20605	71	1
20606	0	1
20607	0	1
20608	18	1
20609	18	1
20610	12	1
20611	93	1
20612	48	1
20613	6	1
20614	33	1
20615	66	1
20616	6	1
20617	27	1
20618	17	1
20619	17	1
20620	0	1
20621	33	1
20622	103	1
20623	1	1
20624	6	1
20625	110	1
20626	12	1
20627	6	1
20628	12	1
20629	18	1
20630	85	1
20631	68	1
20632	66	1
20633	92	1
20634	12	1
20635	0	1
20636	33	1
20637	66	1
20638	19	1
20639	1	1
20640	46	1
20641	25	1
20642	96	1
20643	121	1
20644	0	1
20645	17	1
20646	18	1
20647	7	1
20648	63	1
20649	34	1
20650	44	1
20651	27	1
20652	13	1
20653	33	1
20654	14	1
20655	41	1
20656	4	1
20657	31	1
20658	24	1
20659	44	1
20660	22	1
20661	4	1
20662	27	1
20663	25	1
20664	38	1
20665	11	1
20666	22	1
20667	3	1
20668	47	1
20669	36	1
20670	33	1
20671	60	1
20672	88	1
20673	18	1
20674	84	1
20675	57	1
20676	17	1
20677	17	1
20678	38	1
20679	29	1
20680	58	1
20681	41	1
20682	53	1
20683	5	1
20684	106	1
20685	31	1
20686	13	1
20687	55	1
20688	19	1
20689	64	1
20690	1	1
20691	7	1
20692	11	1
20693	38	1
20694	27	1
20695	24	1
20696	24	1
20697	38	1
20698	14	1
20699	36	1
20700	3	1
20701	25	1
20702	23	1
20703	36	1
20704	62	1
20705	150	1
20706	68	1
20707	78	1
20708	18	1
20709	70	1
20710	14	1
20711	11	1
20712	45	1
20713	4	1
20714	48	1
20715	27	1
20716	4	1
20717	7	1
20718	70	1
20719	85	1
20720	56	1
20721	2	1
20722	42	1
20723	48	1
20724	83	1
20725	95	1
20726	68	1
20727	10	1
20728	30	1
20729	90	1
20730	68	1
20731	12	1
20732	25	1
20733	12	1
20734	71	1
20735	64	1
20736	3	1
20737	115	1
20738	12	1
20739	74	1
20740	29	1
20741	97	1
20742	4	1
20743	0	1
20744	64	1
20745	68	1
20746	47	1
20747	51	1
20748	117	1
20749	144	1
20750	92	1
20751	3	1
20752	152	1
20753	75	1
20754	31	1
20755	36	1
20756	60	1
20757	57	1
20758	13	1
20759	40	1
20760	48	1
20761	39	1
20762	114	1
20763	40	1
20764	14	1
20765	14	1
20766	92	1
20767	92	1
20768	77	1
20769	79	1
20770	12	1
20771	30	1
20772	76	1
20773	22	1
20774	56	1
20775	68	1
20776	137	1
20777	42	1
20778	93	1
20779	83	1
20780	74	1
20781	11	1
20782	58	1
20783	55	1
20784	90	1
20785	157	1
20786	60	1
20787	48	1
20788	54	1
20789	35	1
20790	117	1
20791	29	1
20792	39	1
20793	34	1
20794	55	1
20795	60	1
20796	75	1
20797	35	1
20798	1	1
20799	6	1
20800	109	1
20801	53	1
20802	70	1
20803	101	1
20804	77	1
20805	2	1
20806	1	1
20807	85	1
20808	41	1
20809	31	1
20810	14	1
20811	4	1
20812	70	1
20813	4	1
20814	2	1
20815	2	1
20816	3	1
20817	10	1
20818	0	1
20819	114	1
20820	93	1
20821	84	1
20822	4	1
20823	101	1
20824	19	1
20825	27	1
20826	93	1
20827	54	1
20828	70	1
20829	35	1
20830	56	1
20831	22	1
20832	3	1
20833	40	1
20834	6	1
20835	88	1
20836	70	1
20837	53	1
20838	12	1
20839	17	1
20840	6	1
20841	35	1
20842	6	1
20843	5	1
20844	22	1
20845	85	1
20846	73	1
20847	23	1
20848	34	1
20849	37	1
20850	139	1
20851	17	1
20852	30	1
20853	33	1
20854	88	1
20855	12	1
20856	52	1
20857	56	1
20858	54	1
20859	8	1
20860	25	1
20861	54	1
20862	103	1
20863	102	1
20864	52	1
20865	20	1
20866	93	1
20867	5	1
20868	5	1
20869	6	1
20870	78	1
20871	54	1
20872	68	1
20873	31	1
20874	1	1
20875	6	1
20876	6	1
20877	61	1
20878	102	1
20879	55	1
20880	117	1
20881	6	1
20882	6	1
20883	4	1
20884	35	1
20885	96	1
20886	125	1
20887	6	1
20888	21	1
20889	21	1
20890	33	1
20891	7	1
20892	0	1
20893	34	1
20894	30	1
20895	14	1
20896	21	1
20897	84	1
20898	68	1
20899	6	1
20900	6	1
20901	43	1
20902	115	1
20903	47	1
20904	86	1
20905	85	1
20906	1	1
20907	84	1
20908	66	1
20909	139	1
20910	88	1
20911	106	1
20912	88	1
20913	77	1
20914	65	1
20915	73	1
20916	2	1
20917	75	1
20918	85	1
20919	37	1
20920	37	1
20921	41	1
20922	41	1
20923	34	1
20924	1	1
20925	103	1
20926	55	1
20927	96	1
20928	84	1
20929	17	1
20930	125	1
20931	6	1
20932	68	1
20933	177	1
20934	70	1
20935	1	1
20936	68	1
20937	68	1
20938	35	1
20939	74	1
20940	68	1
20941	74	1
20942	106	1
20943	76	1
20944	100	1
20945	45	1
20946	70	1
20947	96	1
20948	52	1
20949	96	1
20950	44	1
20951	83	1
20952	121	1
20953	50	1
20954	4	1
20955	121	1
20956	104	1
20957	88	1
20958	40	1
20959	19	1
20960	77	1
20961	47	1
20962	8	1
20963	34	1
20964	55	1
20965	41	1
20966	12	1
20967	19	1
20968	61	1
20969	61	1
20970	70	1
20971	77	1
20972	88	1
20973	74	1
20974	6	1
20975	103	1
20976	117	1
20977	27	1
20978	27	1
20979	6	1
20980	84	1
20981	13	1
20982	17	1
20983	8	1
20984	114	1
20985	10	1
20986	76	1
20987	54	1
20988	5	1
20989	102	1
20990	6	1
20991	49	1
20992	2	1
20993	22	1
20994	56	1
20995	70	1
20996	87	1
20997	34	1
20998	34	1
20999	45	1
21000	93	1
21001	70	1
21002	31	1
21003	13	1
21004	30	1
21005	12	1
21006	11	1
21007	38	1
21008	17	1
21009	4	1
21010	85	1
21011	2	1
21012	22	1
21013	39	1
21014	3	1
21015	34	1
21016	27	1
21017	34	1
21018	0	1
21019	8	1
21020	39	1
21021	34	1
21022	38	1
21023	85	1
21024	116	1
21025	183	1
21026	84	1
21027	84	1
21028	84	1
21029	121	1
21030	121	1
21031	137	1
21032	19	1
21033	6	1
21034	6	1
21035	55	1
21036	55	1
21037	20	1
21038	98	1
21039	45	1
21040	27	1
21041	15	1
21042	8	1
21043	6	1
21044	84	1
21045	84	1
21046	18	1
21047	29	1
21048	7	1
21049	2	1
21050	2	1
21051	1	1
21052	4	1
21053	97	1
21054	25	1
21055	2	1
21056	4	1
21057	84	1
21058	106	1
21059	93	1
21060	10	1
21061	4	1
21062	12	1
21063	16	1
21064	101	1
21065	96	1
21066	101	1
21067	9	1
21068	77	1
21069	25	1
21070	101	1
21071	79	1
21072	29	1
21073	27	1
21074	85	1
21075	135	1
21076	35	1
21077	109	1
21078	29	1
21079	77	1
21080	84	1
21081	19	1
21082	4	1
21083	74	1
21084	6	1
21085	27	1
21086	6	1
21087	93	1
21088	4	1
21089	6	1
21090	63	1
21091	6	1
21092	56	1
21093	6	1
21094	43	1
21095	29	1
21096	109	1
21097	142	1
21098	17	1
21099	56	1
21100	84	1
21101	47	1
21102	115	1
21103	2	1
21104	4	1
21105	8	1
21106	12	1
21107	39	1
21108	35	1
21109	18	1
21110	6	1
21111	6	1
21112	35	1
21113	34	1
21114	42	1
21115	42	1
21116	123	1
21117	25	1
21118	6	1
21119	56	1
21120	62	1
21121	136	1
21122	33	1
21123	30	1
21124	98	1
21125	30	1
21126	19	1
21127	37	1
21128	42	1
21129	100	1
21130	4	1
21131	56	1
21132	2	1
21133	4	1
21134	6	1
21135	104	1
21136	78	1
21137	42	1
21138	125	1
21139	16	1
21140	12	1
21141	6	1
21142	6	1
21143	31	1
21144	39	1
21145	36	1
21146	6	1
21147	69	1
21148	6	1
21149	85	1
21150	6	1
21151	31	1
21152	17	1
21153	103	1
21154	93	1
21155	130	1
21156	4	1
21157	56	1
21158	27	1
21159	106	1
21160	19	1
21161	89	1
21162	48	1
21163	96	1
21164	7	1
21165	49	1
21166	62	1
21167	18	1
21168	135	1
21169	25	1
21170	34	1
21171	34	1
21172	42	1
21173	53	1
21174	19	1
21175	6	1
21176	6	1
21177	30	1
21178	138	1
21179	8	1
21180	1	1
21181	6	1
21182	19	1
21183	17	1
21184	122	1
21185	6	1
21186	139	1
21187	46	1
21188	103	1
21189	50	1
21190	18	1
21191	98	1
21192	55	1
21193	17	1
21194	17	1
21195	29	1
21196	34	1
21197	79	1
21198	11	1
21199	56	1
21200	3	1
21201	18	1
21202	56	1
21203	53	1
21204	49	1
21205	20	1
21206	61	1
21207	6	1
21208	66	1
21209	100	1
21210	19	1
21211	34	1
21212	40	1
21213	4	1
21214	56	1
21215	21	1
21216	56	1
21217	4	1
21218	17	1
21219	56	1
21220	70	1
21221	6	1
21222	98	1
21223	4	1
21224	96	1
21225	19	1
21226	49	1
21227	43	1
21228	30	1
21229	4	1
21230	34	1
21231	19	1
21232	43	1
21233	14	1
21234	65	1
21235	55	1
21236	34	1
21237	121	1
21238	30	1
21239	56	1
21240	57	1
21241	6	1
21242	19	1
21243	29	1
21244	18	1
21245	74	1
21246	17	1
21247	12	1
21248	4	1
21249	45	1
21250	12	1
21251	6	1
21252	4	1
21253	61	1
21254	79	1
21255	103	1
21256	139	1
21257	4	1
21258	49	1
21259	121	1
21260	121	1
21261	139	1
21262	29	1
21263	39	1
21264	93	1
21265	1	1
21266	3	1
21267	45	1
21268	49	1
21269	121	1
21270	4	1
21271	8	1
21272	50	1
21273	40	1
21274	56	1
21275	54	1
21276	29	1
21277	43	1
21278	4	1
21279	93	1
21280	57	1
21281	2	1
21282	33	1
21283	34	1
21284	46	1
21285	1	1
21286	22	1
21287	34	1
21288	61	1
21289	34	1
21290	121	1
21291	34	1
21292	29	1
21293	121	1
21294	6	1
21295	52	1
21296	36	1
21297	17	1
21298	98	1
21299	40	1
21300	98	1
21301	27	1
21302	72	1
21303	85	1
21304	11	1
21305	6	1
21306	36	1
21307	84	1
21308	4	1
21309	19	1
21310	93	1
21311	35	1
21312	6	1
21313	98	1
21314	1	1
21315	4	1
21316	46	1
21317	104	1
21318	52	1
21319	4	1
21320	42	1
21321	3	1
21322	84	1
21323	27	1
21324	70	1
21325	12	1
21326	27	1
21327	56	1
21328	6	1
21329	12	1
21330	36	1
21331	31	1
21332	31	1
21333	93	1
21334	2	1
21335	30	1
21336	103	1
21337	6	1
21338	40	1
21339	19	1
21340	82	1
21341	98	1
21342	56	1
21343	29	1
21344	117	1
21345	93	1
21346	78	1
21347	16	1
21348	137	1
21349	150	1
21350	52	1
21351	82	1
21352	78	1
21353	118	1
21354	0	1
21355	135	1
21356	103	1
21357	34	1
21358	34	1
21359	0	1
21360	69	1
21361	11	1
21362	17	1
21363	60	1
21364	41	1
21365	25	1
21366	19	1
21367	139	1
21368	33	1
21369	75	1
21370	5	1
21371	52	1
21372	34	1
21373	34	1
21374	34	1
21375	124	1
21376	139	1
21377	19	1
21378	74	1
21379	11	1
21380	48	1
21381	4	1
21382	2	1
21383	2	1
21384	64	1
21385	117	1
21386	118	1
21387	41	1
21388	19	1
21389	8	1
21390	24	1
21391	19	1
21392	103	1
21393	17	1
21394	11	1
21395	46	1
21396	39	1
21397	39	1
21398	11	1
21399	1	1
21400	77	1
21401	46	1
21402	17	1
21403	30	1
21404	34	1
21405	2	1
21406	78	1
21407	17	1
21408	27	1
21409	60	1
21410	40	1
21411	61	1
21412	25	1
21413	25	1
21414	11	1
21415	31	1
21416	66	1
21417	17	1
21418	73	1
21419	17	1
21420	49	1
21421	93	1
21422	6	1
21423	1	1
21424	0	1
21425	31	1
21426	49	1
21427	100	1
21428	100	1
21429	17	1
21430	68	1
21431	31	1
21432	12	1
21433	12	1
21434	1	1
21435	32	1
21436	32	1
21437	19	1
21438	1	1
21439	1	1
21440	27	1
21441	4	1
21442	68	1
21443	68	1
21444	60	1
21445	12	1
21446	43	1
21447	19	1
21448	43	1
21449	93	1
21450	98	1
21451	2	1
21452	62	1
21453	47	1
21454	6	1
21455	55	1
21456	8	1
21457	54	1
21458	79	1
21459	8	1
21460	78	1
21461	6	1
21462	25	1
21463	98	1
21464	63	1
21465	8	1
21466	60	1
21467	82	1
21468	4	1
21469	1	1
21470	98	1
21471	22	1
21472	29	1
21473	20	1
21474	115	1
21475	6	1
21476	124	1
21477	103	1
21478	103	1
21479	34	1
21480	22	1
21481	22	1
21482	78	1
21483	18	1
21484	100	1
21485	30	1
21486	142	1
21487	121	1
21488	4	1
21489	4	1
21490	17	1
21491	68	1
21492	110	1
21493	33	1
21494	90	1
21495	46	1
21496	103	1
21497	21	1
21498	26	1
21499	6	1
21500	21	1
21501	35	1
21502	138	1
21503	103	1
21504	49	1
21505	34	1
21506	133	1
21507	31	1
21508	62	1
21509	25	1
21510	3	1
21511	3	1
21512	22	1
21513	42	1
21514	151	1
21515	6	1
21516	33	1
21517	15	1
21518	102	1
21519	36	1
21520	34	1
21521	1	1
21522	12	1
21523	17	1
21524	66	1
21525	70	1
21526	42	1
21527	19	1
21528	70	1
21529	77	1
21530	12	1
21531	81	1
21532	46	1
21533	0	1
21534	6	1
21535	6	1
21536	35	1
21537	1	1
21538	4	1
21539	6	1
21540	6	1
21541	6	1
21542	75	1
21543	6	1
21544	6	1
21545	6	1
21546	55	1
21547	70	1
21548	4	1
21549	157	1
21550	6	1
21551	82	1
21552	11	1
21553	11	1
21554	31	1
21555	82	1
21556	33	1
21557	17	1
21558	37	1
21559	93	1
21560	53	1
21561	12	1
21562	12	1
21563	70	1
21564	12	1
21565	75	1
21566	104	1
21567	64	1
21568	61	1
21569	19	1
21570	35	1
21571	70	1
21572	6	1
21573	82	1
21574	49	1
21575	17	1
21576	83	1
21577	77	1
21578	6	1
21579	70	1
21580	25	1
21581	70	1
21582	72	1
21583	82	1
21584	6	1
21585	34	1
21586	56	1
21587	103	1
21588	8	1
21589	20	1
21590	33	1
21591	22	1
21592	46	1
21593	103	1
21594	33	1
21595	32	1
21596	25	1
21597	36	1
21598	93	1
21599	41	1
21600	84	1
21601	6	1
21602	34	1
21603	118	1
21604	40	1
21605	9	1
21606	150	1
21607	135	1
21608	41	1
21609	54	1
21610	6	1
21611	70	1
21612	6	1
21613	68	1
21614	68	1
21615	17	1
21616	34	1
21617	11	1
21618	85	1
21619	70	1
21620	45	1
21621	6	1
21622	30	1
21623	6	1
21624	1	1
21625	6	1
21626	93	1
21627	70	1
21628	35	1
21629	41	1
21630	61	1
21631	6	1
21632	6	1
21633	18	1
21634	6	1
21635	26	1
21636	94	1
21637	94	1
21638	27	1
21639	164	1
21640	18	1
21641	70	1
21642	98	1
21643	55	1
21644	55	1
21645	11	1
21646	155	1
21647	43	1
21648	70	1
21649	4	1
21650	4	1
21651	68	1
21652	116	1
21653	11	1
21654	6	1
21655	33	1
21656	12	1
21657	12	1
21658	79	1
21659	79	1
21660	77	1
21661	54	1
21662	79	1
21663	54	1
21664	96	1
21665	111	1
21666	156	1
21667	0	1
21668	173	1
21669	102	1
21670	0	1
21671	0	1
21672	46	1
21673	34	1
21674	18	1
21675	2	1
21676	34	1
21677	96	1
21678	68	1
21679	103	1
21680	84	1
21681	6	1
21682	6	1
21683	18	1
21684	0	1
21685	33	1
21686	29	1
21687	61	1
21688	34	1
21689	55	1
21690	41	1
21691	18	1
21692	27	1
21693	66	1
21694	110	1
21695	31	1
21696	3	1
21697	84	1
21698	56	1
21699	0	1
21700	0	1
21701	6	1
21702	6	1
21703	33	1
21704	0	1
21705	33	1
21706	33	1
21707	110	1
21708	12	1
21709	0	1
21710	66	1
21711	33	1
21712	18	1
21713	18	1
21714	61	1
21715	6	1
21716	33	1
21717	0	1
21718	18	1
21719	1	1
21720	33	1
21721	18	1
21722	18	1
21723	25	1
21724	82	1
21725	18	1
21726	33	1
21727	139	1
21728	31	1
21729	6	1
21730	121	1
21731	6	1
21732	12	1
21733	11	1
21734	33	1
21735	6	1
21736	11	1
21737	12	1
21738	102	1
21739	98	1
21740	33	1
21741	35	1
21742	75	1
21743	18	1
21744	6	1
21745	17	1
21746	68	1
21747	31	1
21748	102	1
21749	92	1
21750	6	1
21751	0	1
21752	70	1
21753	27	1
21754	46	1
21755	6	1
21756	121	1
21757	6	1
21758	6	1
21759	121	1
21760	27	1
21761	114	1
21762	5	1
21763	25	1
21764	13	1
21765	49	1
21766	41	1
21767	12	1
21768	4	1
21769	110	1
21770	74	1
21771	33	1
21772	19	1
21773	3	1
21774	6	1
21775	35	1
21776	102	1
21777	77	1
21778	57	1
21779	40	1
21780	79	1
21781	44	1
21782	5	1
21783	62	1
21784	38	1
21785	66	1
21786	55	1
21787	11	1
21788	62	1
21789	11	1
21790	11	1
21791	25	1
21792	11	1
21793	68	1
21794	6	1
21795	23	1
21796	14	1
21797	25	1
21798	65	1
21799	34	1
21800	44	1
21801	4	1
21802	62	1
21803	6	1
21804	6	1
21805	31	1
21806	30	1
21807	11	1
21808	54	1
21809	2	1
21810	70	1
21811	93	1
21812	49	1
21813	25	1
21814	68	1
21815	68	1
21816	68	1
21817	68	1
21818	49	1
21819	84	1
21820	79	1
21821	29	1
21822	74	1
21823	85	1
21824	47	1
21825	50	1
21826	9	1
21827	84	1
21828	33	1
21829	168	1
21830	68	1
21831	84	1
21832	84	1
21833	34	1
21834	74	1
21835	152	1
21836	75	1
21837	84	1
21838	115	1
21839	115	1
21840	11	1
21841	93	1
21842	55	1
21843	96	1
21844	117	1
21845	13	1
21846	74	1
21847	13	1
21848	12	1
21849	75	1
21850	35	1
21851	41	1
21852	106	1
21853	94	1
21854	139	1
21855	60	1
21856	19	1
21857	5	1
21858	16	1
21859	47	1
21860	18	1
21861	30	1
21862	54	1
21863	31	1
21864	77	1
21865	47	1
21866	114	1
21867	54	1
21868	1	1
21869	48	1
21870	11	1
21871	67	1
21872	6	1
21873	109	1
21874	11	1
21875	32	1
21876	6	1
21877	14	1
21878	117	1
21879	41	1
21880	77	1
21881	88	1
21882	40	1
21883	40	1
21884	36	1
21885	27	1
21886	2	1
21887	39	1
21888	11	1
21889	61	1
21890	1	1
21891	84	1
21892	30	1
21893	36	1
21894	0	1
21895	19	1
21896	84	1
21897	12	1
21898	84	1
21899	110	1
21900	70	1
21901	118	1
21902	13	1
21903	6	1
21904	54	1
21905	40	1
21906	29	1
21907	19	1
21908	19	1
21909	30	1
21910	106	1
21911	55	1
21912	68	1
21913	49	1
21914	103	1
21915	19	1
21916	16	1
21917	22	1
21918	55	1
21919	49	1
21920	103	1
21921	21	1
21922	68	1
21923	53	1
21924	38	1
21925	37	1
21926	77	1
21927	117	1
21928	93	1
21929	17	1
21930	68	1
21931	11	1
21932	8	1
21933	88	1
21934	54	1
21935	45	1
21936	31	1
21937	6	1
21938	78	1
21939	5	1
21940	54	1
21941	63	1
21942	6	1
21943	6	1
21944	5	1
21945	63	1
21946	159	1
21947	14	1
21948	18	1
21949	84	1
21950	18	1
21951	12	1
21952	6	1
21953	35	1
21954	17	1
21955	11	1
21956	37	1
21957	102	1
21958	34	1
21959	47	1
21960	55	1
21961	6	1
21962	72	1
21963	6	1
21964	48	1
21965	85	1
21966	73	1
21967	3	1
21968	21	1
21969	55	1
21970	62	1
21971	68	1
21972	12	1
21973	7	1
21974	40	1
21975	85	1
21976	73	1
21977	74	1
21978	34	1
21979	33	1
21980	117	1
21981	84	1
21982	20	1
21983	40	1
21984	93	1
21985	40	1
21986	40	1
21987	6	1
21988	56	1
21989	29	1
21990	13	1
21991	106	1
21992	38	1
21993	3	1
21994	2	1
21995	21	1
21996	70	1
21997	34	1
21998	87	1
21999	77	1
22000	36	1
22001	30	1
22002	90	1
22003	68	1
22004	70	1
22005	70	1
22006	68	1
22007	25	1
22008	55	1
22009	75	1
22010	79	1
22011	68	1
22012	25	1
22013	64	1
22014	38	1
22015	79	1
22016	19	1
22017	36	1
22018	93	1
22019	106	1
22020	88	1
22021	93	1
22022	115	1
22023	36	1
22024	45	1
22025	99	1
22026	85	1
22027	30	1
22028	117	1
22029	3	1
22030	6	1
22031	39	1
22032	3	1
22033	40	1
22034	12	1
22035	8	1
22036	46	1
22037	12	1
22038	83	1
22039	12	1
22040	4	1
22041	68	1
22042	84	1
22043	61	1
22044	93	1
22045	17	1
22046	25	1
22047	82	1
22048	52	1
22049	6	1
22050	46	1
22051	6	1
22052	46	1
22053	84	1
22054	34	1
22055	17	1
22056	70	1
22057	34	1
22058	114	1
22059	34	1
22060	90	1
22061	6	1
22062	93	1
22063	85	1
22064	114	1
22065	114	1
22066	30	1
22067	84	1
22068	84	1
22069	25	1
22070	0	1
22071	37	1
22072	27	1
22073	46	1
22074	78	1
22075	27	1
22076	109	1
22077	103	1
22078	37	1
22079	153	1
22080	114	1
22081	93	1
22082	84	1
22083	75	1
22084	38	1
22085	17	1
22086	84	1
22087	0	1
22088	12	1
22089	84	1
22090	39	1
22091	84	1
22092	66	1
22093	54	1
22094	34	1
22095	12	1
22096	25	1
22097	34	1
22098	36	1
22099	97	1
22100	12	1
22101	12	1
22102	25	1
22103	30	1
22104	25	1
22105	17	1
22106	25	1
22107	77	1
22108	14	1
22109	6	1
22110	44	1
22111	25	1
22112	97	1
22113	96	1
22114	2	1
22115	54	1
22116	1	1
22117	32	1
22118	77	1
22119	75	1
22120	127	1
22121	93	1
22122	117	1
22123	12	1
22124	18	1
22125	70	1
22126	60	1
22127	51	1
22128	47	1
22129	55	1
22130	40	1
22131	102	1
22132	19	1
22133	1	1
22134	6	1
22135	2	1
22136	117	1
22137	6	1
22138	93	1
22139	19	1
22140	6	1
22141	56	1
22142	6	1
22143	56	1
22144	84	1
22145	8	1
22146	77	1
22147	46	1
22148	1	1
22149	6	1
22150	103	1
22151	4	1
22152	35	1
22153	43	1
22154	30	1
22155	96	1
22156	34	1
22157	103	1
22158	1	1
22159	4	1
22160	6	1
22161	12	1
22162	18	1
22163	43	1
22164	29	1
22165	2	1
22166	6	1
22167	60	1
22168	18	1
22169	27	1
22170	76	1
22171	106	1
22172	4	1
22173	73	1
22174	68	1
22175	85	1
22176	18	1
22177	6	1
22178	136	1
22179	6	1
22180	22	1
22181	84	1
22182	85	1
22183	33	1
22184	50	1
22185	38	1
22186	6	1
22187	74	1
22188	36	1
22189	40	1
22190	59	1
22191	6	1
22192	11	1
22193	6	1
22194	122	1
22195	54	1
22196	40	1
22197	6	1
22198	29	1
22199	18	1
22200	139	1
22201	11	1
22202	31	1
22203	34	1
22204	3	1
22205	6	1
22206	14	1
22207	111	1
22208	82	1
22209	82	1
22210	4	1
22211	34	1
22212	1	1
22213	55	1
22214	19	1
22215	31	1
22216	54	1
22217	33	1
22218	50	1
22219	11	1
22220	17	1
22221	71	1
22222	68	1
22223	78	1
22224	19	1
22225	4	1
22226	19	1
22227	8	1
22228	54	1
22229	4	1
22230	60	1
22231	11	1
22232	70	1
22233	18	1
22234	11	1
22235	46	1
22236	17	1
22237	30	1
22238	96	1
22239	25	1
22240	30	1
22241	34	1
22242	34	1
22243	30	1
22244	49	1
22245	103	1
22246	17	1
22247	139	1
22248	29	1
22249	102	1
22250	77	1
22251	2	1
22252	63	1
22253	93	1
22254	39	1
22255	63	1
22256	93	1
22257	56	1
22258	138	1
22259	30	1
22260	118	1
22261	35	1
22262	19	1
22263	17	1
22264	75	1
22265	1	1
22266	105	1
22267	124	1
22268	56	1
22269	122	1
22270	136	1
22271	93	1
22272	69	1
22273	19	1
22274	35	1
22275	139	1
22276	96	1
22277	18	1
22278	34	1
22279	11	1
22280	124	1
22281	115	1
22282	43	1
22283	48	1
22284	74	1
22285	2	1
22286	65	1
22287	33	1
22288	61	1
22289	75	1
22290	121	1
22291	4	1
22292	4	1
22293	29	1
22294	41	1
22295	29	1
22296	33	1
22297	33	1
22298	61	1
22299	4	1
22300	121	1
22301	2	1
22302	36	1
22303	137	1
22304	47	1
22305	43	1
22306	144	1
22307	73	1
22308	18	1
22309	74	1
22310	127	1
22311	179	1
22312	45	1
22313	4	1
22314	31	1
22315	103	1
22316	33	1
22317	56	1
22318	33	1
22319	117	1
22320	53	1
22321	55	1
22322	8	1
22323	55	1
22324	34	1
22325	33	1
22326	79	1
22327	22	1
22328	61	1
22329	23	1
22330	46	1
22331	93	1
22332	33	1
22333	39	1
22334	19	1
22335	19	1
22336	33	1
22337	61	1
22338	61	1
22339	33	1
22340	33	1
22341	49	1
22342	54	1
22343	33	1
22344	75	1
22345	3	1
22346	34	1
22347	70	1
22348	148	1
22349	25	1
22350	27	1
22351	27	1
22352	6	1
22353	17	1
22354	39	1
22355	4	1
22356	49	1
22357	83	1
22358	34	1
22359	19	1
22360	60	1
22361	6	1
22362	37	1
22363	18	1
22364	70	1
22365	6	1
22366	24	1
22367	2	1
22368	16	1
22369	1	1
22370	40	1
22371	131	1
22372	39	1
22373	27	1
22374	55	1
22375	25	1
22376	55	1
22377	109	1
22378	12	1
22379	98	1
22380	34	1
22381	102	1
22382	40	1
22383	22	1
22384	48	1
22385	40	1
22386	27	1
22387	17	1
22388	70	1
22389	4	1
22390	79	1
22391	6	1
22392	55	1
22393	6	1
22394	17	1
22395	85	1
22396	38	1
22397	6	1
22398	41	1
22399	60	1
22400	93	1
22401	41	1
22402	100	1
22403	82	1
22404	34	1
22405	103	1
22406	33	1
22407	94	1
22408	104	1
22409	79	1
22410	17	1
22411	124	1
22412	36	1
22413	30	1
22414	74	1
22415	27	1
22416	72	1
22417	79	1
22418	17	1
22419	6	1
22420	6	1
22421	6	1
22422	6	1
22423	116	1
22424	78	1
22425	6	1
22426	135	1
22427	17	1
22428	47	1
22429	6	1
22430	3	1
22431	11	1
22432	6	1
22433	43	1
22434	124	1
22435	68	1
22436	39	1
22437	75	1
22438	98	1
22439	98	1
22440	46	1
22441	4	1
22442	61	1
22443	3	1
22444	4	1
22445	72	1
22446	11	1
22447	39	1
22448	77	1
22449	49	1
22450	102	1
22451	98	1
22452	5	1
22453	69	1
22454	77	1
22455	29	1
22456	27	1
22457	61	1
22458	6	1
22459	6	1
22460	39	1
22461	11	1
22462	70	1
22463	93	1
22464	77	1
22465	70	1
22466	36	1
22467	137	1
22468	8	1
22469	104	1
22470	6	1
22471	1	1
22472	84	1
22473	12	1
22474	114	1
22475	49	1
22476	33	1
22477	12	1
22478	8	1
22479	12	1
22480	1	1
22481	68	1
22482	12	1
22483	35	1
22484	74	1
22485	13	1
22486	37	1
22487	106	1
22488	68	1
22489	61	1
22490	1	1
22491	17	1
22492	1	1
22493	41	1
22494	24	1
22495	1	1
22496	1	1
22497	12	1
22498	84	1
22499	98	1
22500	49	1
22501	54	1
22502	79	1
22503	8	1
22504	98	1
22505	77	1
22506	7	1
22507	1	1
22508	6	1
22509	41	1
22510	55	1
22511	12	1
22512	61	1
22513	29	1
22514	82	1
22515	54	1
22516	4	1
22517	118	1
22518	42	1
22519	104	1
22520	62	1
22521	103	1
22522	103	1
22523	98	1
22524	70	1
22525	61	1
22526	125	1
22527	11	1
22528	118	1
22529	17	1
22530	26	1
22531	46	1
22532	46	1
22533	70	1
22534	3	1
22535	6	1
22536	68	1
22537	21	1
22538	1	1
22539	103	1
22540	52	1
22541	1	1
22542	31	1
22543	56	1
22544	56	1
22545	75	1
22546	75	1
22547	85	1
22548	33	1
22549	8	1
22550	111	1
22551	70	1
22552	17	1
22553	35	1
22554	118	1
22555	30	1
22556	54	1
22557	46	1
22558	84	1
22559	84	1
22560	4	1
22561	17	1
22562	121	1
22563	6	1
22564	6	1
22565	6	1
22566	6	1
22567	6	1
22568	6	1
22569	55	1
22570	103	1
22571	25	1
22572	128	1
22573	40	1
22574	82	1
22575	94	1
22576	11	1
22577	66	1
22578	82	1
22579	12	1
22580	55	1
22581	88	1
22582	88	1
22583	4	1
22584	30	1
22585	24	1
22586	70	1
22587	70	1
22588	84	1
22589	92	1
22590	2	1
22591	2	1
22592	82	1
22593	26	1
22594	70	1
22595	6	1
22596	47	1
22597	21	1
22598	46	1
22599	38	1
22600	31	1
22601	70	1
22602	70	1
22603	70	1
22604	45	1
22605	72	1
22606	34	1
22607	33	1
22608	33	1
22609	98	1
22610	123	1
22611	6	1
22612	38	1
22613	46	1
22614	19	1
22615	46	1
22616	46	1
22617	8	1
22618	103	1
22619	87	1
22620	6	1
22621	34	1
22622	41	1
22623	41	1
22624	103	1
22625	41	1
22626	142	1
22627	44	1
22628	26	1
22629	98	1
22630	29	1
22631	70	1
22632	68	1
22633	68	1
22634	3	1
22635	40	1
22636	135	1
22637	30	1
22638	29	1
22639	6	1
22640	22	1
22641	18	1
22642	84	1
22643	103	1
22644	173	1
22645	102	1
22646	6	1
22647	83	1
22648	18	1
22649	94	1
22650	6	1
22651	32	1
22652	70	1
22653	104	1
22654	94	1
22655	52	1
22656	52	1
22657	106	1
22658	66	1
22659	70	1
22660	93	1
22661	13	1
22662	19	1
22663	70	1
22664	45	1
22665	55	1
22666	33	1
22667	12	1
22668	79	1
22669	76	1
22670	93	1
22671	88	1
22672	55	1
22673	3	1
22674	84	1
22675	115	1
22676	0	1
22677	68	1
22678	34	1
22679	14	1
22680	9	1
22681	35	1
22682	60	1
22683	32	1
22684	33	1
22685	0	1
22686	45	1
22687	18	1
22688	25	1
22689	111	1
22690	0	1
22691	70	1
22692	84	1
22693	70	1
22694	110	1
22695	39	1
22696	61	1
22697	24	1
22698	12	1
22699	0	1
22700	70	1
22701	0	1
22702	33	1
22703	18	1
22704	33	1
22705	35	1
22706	18	1
22707	0	1
22708	12	1
22709	0	1
22710	66	1
22711	6	1
22712	6	1
22713	19	1
22714	102	1
22715	48	1
22716	0	1
22717	18	1
22718	6	1
22719	55	1
22720	33	1
22721	33	1
22722	45	1
22723	139	1
22724	6	1
22725	3	1
22726	103	1
22727	56	1
22728	81	1
22729	8	1
22730	35	1
22731	102	1
22732	11	1
22733	6	1
22734	33	1
22735	33	1
22736	78	1
22737	68	1
22738	68	1
22739	6	1
22740	11	1
22741	33	1
22742	33	1
22743	18	1
22744	33	1
22745	26	1
22746	19	1
22747	46	1
22748	3	1
22749	34	1
22750	33	1
22751	34	1
22752	58	1
22753	25	1
22754	40	1
22755	115	1
22756	103	1
22757	11	1
22758	11	1
22759	13	1
22760	43	1
22761	18	1
22762	81	1
22763	38	1
22764	38	1
22765	18	1
22766	18	1
22767	17	1
22768	24	1
22769	93	1
22770	18	1
22771	25	1
22772	41	1
22773	7	1
22774	34	1
22775	75	1
22776	74	1
22777	58	1
22778	88	1
22779	45	1
22780	30	1
22781	71	1
22782	13	1
22783	81	1
22784	62	1
22785	121	1
22786	8	1
22787	38	1
22788	38	1
22789	6	1
22790	28	1
22791	44	1
22792	137	1
22793	18	1
22794	68	1
22795	36	1
22796	45	1
22797	62	1
22798	42	1
22799	38	1
22800	11	1
22801	34	1
22802	4	1
22803	84	1
22804	4	1
22805	104	1
22806	84	1
22807	68	1
22808	68	1
22809	21	1
22810	115	1
22811	37	1
22812	29	1
22813	115	1
22814	40	1
22815	93	1
22816	88	1
22817	92	1
22818	84	1
22819	83	1
22820	82	1
22821	60	1
22822	76	1
22823	30	1
22824	11	1
22825	6	1
22826	96	1
22827	29	1
22828	12	1
22829	61	1
22830	84	1
22831	93	1
22832	36	1
22833	16	1
22834	114	1
22835	34	1
22836	117	1
22837	40	1
22838	77	1
22839	84	1
22840	54	1
22841	11	1
22842	76	1
22843	115	1
22844	47	1
22845	38	1
22846	3	1
22847	1	1
22848	55	1
22849	38	1
22850	54	1
22851	30	1
22852	40	1
22853	79	1
22854	97	1
22855	115	1
22856	35	1
22857	5	1
22858	47	1
22859	56	1
22860	36	1
22861	6	1
22862	74	1
22863	62	1
22864	6	1
22865	47	1
22866	35	1
22867	82	1
22868	4	1
22869	103	1
22870	1	1
22871	40	1
22872	55	1
22873	101	1
22874	38	1
22875	4	1
22876	54	1
22877	42	1
22878	2	1
22879	4	1
22880	11	1
22881	18	1
22882	31	1
22883	6	1
22884	68	1
22885	68	1
22886	84	1
22887	30	1
22888	75	1
22889	6	1
22890	41	1
22891	6	1
22892	84	1
22893	17	1
22894	13	1
22895	54	1
22896	22	1
22897	55	1
22898	118	1
22899	34	1
22900	70	1
22901	70	1
22902	103	1
22903	11	1
22904	74	1
22905	17	1
22906	70	1
22907	3	1
22908	6	1
22909	31	1
22910	54	1
22911	22	1
22912	47	1
22913	13	1
22914	68	1
22915	5	1
22916	70	1
22917	84	1
22918	76	1
22919	93	1
22920	68	1
22921	6	1
22922	6	1
22923	63	1
22924	31	1
22925	6	1
22926	11	1
22927	54	1
22928	45	1
22929	68	1
22930	139	1
22931	42	1
22932	121	1
22933	17	1
22934	33	1
22935	74	1
22936	1	1
22937	4	1
22938	6	1
22939	49	1
22940	6	1
22941	60	1
22942	0	1
22943	82	1
22944	183	1
22945	68	1
22946	16	1
22947	85	1
22948	13	1
22949	34	1
22950	88	1
22951	6	1
22952	93	1
22953	88	1
22954	26	1
22955	40	1
22956	93	1
22957	40	1
22958	68	1
22959	57	1
22960	31	1
22961	114	1
22962	68	1
22963	41	1
22964	83	1
22965	34	1
22966	29	1
22967	68	1
22968	84	1
22969	98	1
22970	39	1
22971	157	1
22972	26	1
22973	83	1
22974	70	1
22975	121	1
22976	68	1
22977	1	1
22978	41	1
22979	100	1
22980	4	1
22981	42	1
22982	3	1
22983	68	1
22984	93	1
22985	51	1
22986	8	1
22987	115	1
22988	16	1
22989	96	1
22990	79	1
22991	67	1
22992	31	1
22993	85	1
22994	103	1
22995	40	1
22996	41	1
22997	10	1
22998	12	1
22999	55	1
23000	30	1
23001	70	1
23002	2	1
23003	74	1
23004	6	1
23005	93	1
23006	46	1
23007	19	1
23008	70	1
23009	114	1
23010	13	1
23011	11	1
23012	12	1
23013	12	1
23014	70	1
23015	74	1
23016	83	1
23017	135	1
23018	135	1
23019	137	1
23020	34	1
23021	3	1
23022	77	1
23023	1	1
23024	13	1
23025	17	1
23026	18	1
23027	15	1
23028	77	1
23029	114	1
23030	41	1
23031	114	1
23032	34	1
23033	93	1
23034	6	1
23035	27	1
23036	37	1
23037	37	1
23038	21	1
23039	6	1
23040	46	1
23041	70	1
23042	6	1
23043	60	1
23044	93	1
23045	38	1
23046	0	1
23047	34	1
23048	79	1
23049	84	1
23050	6	1
23051	6	1
23052	4	1
23053	29	1
23054	62	1
23055	75	1
23056	6	1
23057	43	1
23058	6	1
23059	82	1
23060	18	1
23061	6	1
23062	139	1
23063	43	1
23064	6	1
23065	39	1
23066	49	1
23067	47	1
23068	56	1
23069	62	1
23070	2	1
23071	17	1
23072	4	1
23073	4	1
23074	12	1
23075	93	1
23076	19	1
23077	77	1
23078	56	1
23079	97	1
23080	19	1
23081	6	1
23082	47	1
23083	16	1
23084	44	1
23085	4	1
23086	63	1
23087	98	1
23088	36	1
23089	93	1
23090	77	1
23091	4	1
23092	106	1
23093	77	1
23094	127	1
23095	19	1
23096	39	1
23097	98	1
23098	19	1
23099	77	1
23100	114	1
23101	79	1
23102	57	1
23103	4	1
23104	4	1
23105	1	1
23106	122	1
23107	49	1
23108	84	1
23109	6	1
23110	103	1
23111	4	1
23112	1	1
23113	45	1
23114	17	1
23115	4	1
23116	12	1
23117	185	1
23118	40	1
23119	29	1
23120	109	1
23121	6	1
23122	17	1
23123	4	1
23124	34	1
23125	62	1
23126	43	1
23127	78	1
23128	50	1
23129	3	1
23130	47	1
23131	94	1
23132	84	1
23133	1	1
23134	12	1
23135	74	1
23136	84	1
23137	74	1
23138	30	1
23139	30	1
23140	31	1
23141	98	1
23142	33	1
23143	18	1
23144	20	1
23145	4	1
23146	56	1
23147	43	1
23148	25	1
23149	6	1
23150	98	1
23151	56	1
23152	0	1
23153	6	1
23154	102	1
23155	6	1
23156	11	1
23157	121	1
23158	30	1
23159	30	1
23160	54	1
23161	78	1
23162	29	1
23163	6	1
23164	6	1
23165	6	1
23166	31	1
23167	71	1
23168	84	1
23169	17	1
23170	83	1
23171	96	1
23172	55	1
23173	6	1
23174	56	1
23175	62	1
23176	69	1
23177	19	1
23178	3	1
23179	4	1
23180	115	1
23181	6	1
23182	6	1
23183	7	1
23184	37	1
23185	7	1
23186	31	1
23187	4	1
23188	36	1
23189	4	1
23190	4	1
23191	25	1
23192	40	1
23193	42	1
23194	19	1
23195	34	1
23196	103	1
23197	19	1
23198	49	1
23199	56	1
23200	18	1
23201	103	1
23202	30	1
23203	109	1
23204	6	1
23205	70	1
23206	7	1
23207	7	1
23208	56	1
23209	17	1
23210	52	1
23211	22	1
23212	17	1
23213	34	1
23214	6	1
23215	6	1
23216	1	1
23217	21	1
23218	4	1
23219	19	1
23220	41	1
23221	6	1
23222	139	1
23223	31	1
23224	63	1
23225	6	1
23226	93	1
23227	45	1
23228	8	1
23229	68	1
23230	65	1
23231	3	1
23232	61	1
23233	140	1
23234	103	1
23235	35	1
23236	102	1
23237	96	1
23238	117	1
23239	3	1
23240	34	1
23241	4	1
23242	2	1
23243	121	1
23244	33	1
23245	17	1
23246	33	1
23247	62	1
23248	30	1
23249	106	1
23250	6	1
23251	3	1
23252	127	1
23253	73	1
23254	85	1
23255	127	1
23256	21	1
23257	34	1
23258	74	1
23259	67	1
23260	2	1
23261	38	1
23262	33	1
23263	34	1
23264	4	1
23265	33	1
23266	139	1
23267	6	1
23268	158	1
23269	4	1
23270	121	1
23271	2	1
23272	70	1
23273	50	1
23274	24	1
23275	63	1
23276	4	1
23277	4	1
23278	62	1
23279	11	1
23280	2	1
23281	11	1
23282	19	1
23283	30	1
23284	4	1
23285	33	1
23286	6	1
23287	4	1
23288	61	1
23289	29	1
23290	61	1
23291	55	1
23292	98	1
23293	6	1
23294	6	1
23295	121	1
23296	137	1
23297	4	1
23298	16	1
23299	61	1
23300	79	1
23301	6	1
23302	6	1
23303	19	1
23304	6	1
23305	37	1
23306	6	1
23307	104	1
23308	34	1
23309	127	1
23310	62	1
23311	39	1
23312	84	1
23313	70	1
23314	35	1
23315	43	1
23316	34	1
23317	34	1
23318	16	1
23319	22	1
23320	2	1
23321	63	1
23322	55	1
23323	6	1
23324	4	1
23325	82	1
23326	82	1
23327	19	1
23328	98	1
23329	6	1
23330	139	1
23331	139	1
23332	55	1
23333	115	1
23334	50	1
23335	75	1
23336	17	1
23337	55	1
23338	85	1
23339	82	1
23340	50	1
23341	103	1
23342	172	1
23343	33	1
23344	79	1
23345	124	1
23346	69	1
23347	30	1
23348	6	1
23349	6	1
23350	2	1
23351	67	1
23352	16	1
23353	34	1
23354	47	1
23355	19	1
23356	103	1
23357	4	1
23358	46	1
23359	5	1
23360	6	1
23361	14	1
23362	77	1
23363	62	1
23364	12	1
23365	139	1
23366	19	1
23367	77	1
23368	46	1
23369	78	1
23370	7	1
23371	61	1
23372	60	1
23373	55	1
23374	39	1
23375	11	1
23376	12	1
23377	102	1
23378	12	1
23379	31	1
23380	98	1
23381	31	1
23382	72	1
23383	4	1
23384	27	1
23385	121	1
23386	103	1
23387	49	1
23388	68	1
23389	6	1
23390	49	1
23391	27	1
23392	27	1
23393	49	1
23394	38	1
23395	78	1
23396	77	1
23397	87	1
23398	6	1
23399	6	1
23400	29	1
23401	48	1
23402	46	1
23403	77	1
23404	104	1
23405	39	1
23406	6	1
23407	31	1
23408	19	1
23409	46	1
23410	12	1
23411	84	1
23412	84	1
23413	12	1
23414	38	1
23415	73	1
23416	41	1
23417	13	1
23418	43	1
23419	68	1
23420	12	1
23421	39	1
23422	12	1
23423	40	1
23424	30	1
23425	68	1
23426	68	1
23427	30	1
23428	60	1
23429	19	1
23430	34	1
23431	62	1
23432	54	1
23433	47	1
23434	8	1
23435	54	1
23436	6	1
23437	85	1
23438	8	1
23439	8	1
23440	110	1
23441	98	1
23442	41	1
23443	29	1
23444	78	1
23445	48	1
23446	29	1
23447	96	1
23448	93	1
23449	102	1
23450	6	1
23451	8	1
23452	12	1
23453	29	1
23454	19	1
23455	103	1
23456	19	1
23457	137	1
23458	109	1
23459	4	1
23460	4	1
23461	18	1
23462	103	1
23463	100	1
23464	0	1
23465	82	1
23466	11	1
23467	46	1
23468	31	1
23469	114	1
23470	54	1
23471	8	1
23472	70	1
23473	6	1
23474	61	1
23475	11	1
23476	3	1
23477	42	1
23478	127	1
23479	13	1
23480	82	1
23481	46	1
23482	4	1
23483	103	1
23484	68	1
23485	27	1
23486	82	1
23487	38	1
23488	94	1
23489	55	1
23490	6	1
23491	6	1
23492	96	1
23493	12	1
23494	36	1
23495	19	1
23496	33	1
23497	6	1
23498	94	1
23499	70	1
23500	137	1
23501	17	1
23502	34	1
23503	103	1
23504	39	1
23505	96	1
23506	34	1
23507	6	1
23508	6	1
23509	4	1
23510	34	1
23511	61	1
23512	85	1
23513	18	1
23514	103	1
23515	49	1
23516	3	1
23517	54	1
23518	6	1
23519	6	1
23520	70	1
23521	6	1
23522	6	1
23523	75	1
23524	84	1
23525	125	1
23526	82	1
23527	4	1
23528	4	1
23529	4	1
23530	40	1
23531	31	1
23532	31	1
23533	121	1
23534	55	1
23535	33	1
23536	12	1
23537	12	1
23538	13	1
23539	26	1
23540	30	1
23541	16	1
23542	84	1
23543	90	1
23544	102	1
23545	70	1
23546	103	1
23547	83	1
23548	82	1
23549	84	1
23550	68	1
23551	32	1
23552	38	1
23553	6	1
23554	31	1
23555	38	1
23556	43	1
23557	79	1
23558	18	1
23559	19	1
23560	151	1
23561	6	1
23562	41	1
23563	94	1
23564	124	1
23565	41	1
23566	109	1
23567	32	1
23568	104	1
23569	31	1
23570	172	1
23571	98	1
23572	98	1
23573	55	1
23574	54	1
23575	96	1
23576	2	1
23577	5	1
23578	77	1
23579	25	1
23580	137	1
23581	13	1
23582	6	1
23583	16	1
23584	32	1
23585	89	1
23586	6	1
23587	6	1
23588	70	1
23589	49	1
23590	17	1
23591	27	1
23592	41	1
23593	41	1
23594	94	1
23595	88	1
23596	46	1
23597	0	1
23598	70	1
23599	171	1
23600	115	1
23601	92	1
23602	96	1
23603	111	1
23604	96	1
23605	55	1
23606	90	1
23607	79	1
23608	156	1
23609	12	1
23610	70	1
23611	68	1
23612	25	1
23613	135	1
23614	68	1
23615	0	1
23616	34	1
23617	55	1
23618	90	1
23619	18	1
23620	74	1
23621	13	1
23622	32	1
23623	33	1
23624	6	1
23625	18	1
23626	6	1
23627	29	1
23628	78	1
23629	29	1
23630	19	1
23631	70	1
23632	60	1
23633	40	1
23634	1	1
23635	12	1
23636	29	1
23637	12	1
23638	12	1
23639	6	1
23640	33	1
23641	18	1
23642	6	1
23643	18	1
23644	6	1
23645	6	1
23646	18	1
23647	6	1
23648	68	1
23649	12	1
23650	92	1
23651	6	1
23652	12	1
23653	12	1
23654	6	1
23655	18	1
23656	6	1
23657	66	1
23658	18	1
23659	4	1
23660	70	1
23661	93	1
23662	33	1
23663	18	1
23664	38	1
23665	4	1
23666	33	1
23667	38	1
23668	3	1
23669	18	1
23670	18	1
23671	0	1
23672	6	1
23673	17	1
23674	33	1
23675	33	1
23676	33	1
23677	33	1
23678	83	1
23679	25	1
23680	68	1
23681	0	1
23682	71	1
23683	34	1
23684	3	1
23685	0	1
23686	6	1
23687	33	1
23688	46	1
23689	6	1
23690	35	1
23691	13	1
23692	13	1
23693	42	1
23694	9	1
23695	76	1
23696	38	1
23697	12	1
23698	22	1
23699	29	1
23700	17	1
23701	11	1
23702	4	1
23703	33	1
23704	84	1
23705	62	1
23706	30	1
23707	18	1
23708	25	1
23709	27	1
23710	68	1
23711	36	1
23712	75	1
23713	7	1
23714	30	1
23715	106	1
23716	48	1
23717	58	1
23718	11	1
23719	5	1
23720	55	1
23721	121	1
23722	61	1
23723	8	1
23724	12	1
23725	39	1
23726	74	1
23727	29	1
23728	70	1
23729	38	1
23730	1	1
23731	42	1
23732	1	1
23733	64	1
23734	115	1
23735	8	1
23736	42	1
23737	4	1
23738	81	1
23739	60	1
23740	4	1
23741	4	1
23742	13	1
23743	39	1
23744	83	1
23745	92	1
23746	68	1
23747	114	1
23748	83	1
23749	68	1
23750	84	1
23751	6	1
23752	5	1
23753	68	1
23754	68	1
23755	21	1
23756	71	1
23757	84	1
23758	21	1
23759	66	1
23760	55	1
23761	115	1
23762	10	1
23763	15	1
23764	4	1
23765	85	1
23766	84	1
23767	137	1
23768	7	1
23769	40	1
23770	77	1
23771	36	1
23772	40	1
23773	109	1
23774	42	1
23775	19	1
23776	40	1
23777	4	1
23778	29	1
23779	106	1
23780	90	1
23781	96	1
23782	3	1
23783	55	1
23784	36	1
23785	6	1
23786	35	1
23787	30	1
23788	60	1
23789	103	1
23790	35	1
23791	30	1
23792	6	1
23793	38	1
23794	11	1
23795	57	1
23796	31	1
23797	60	1
23798	6	1
23799	54	1
23800	5	1
23801	16	1
23802	35	1
23803	24	1
23804	55	1
23805	23	1
23806	76	1
23807	168	1
23808	45	1
23809	38	1
23810	2	1
23811	184	1
23812	56	1
23813	98	1
23814	16	1
23815	82	1
23816	3	1
23817	93	1
23818	109	1
23819	68	1
23820	12	1
23821	31	1
23822	68	1
23823	16	1
23824	77	1
23825	70	1
23826	6	1
23827	35	1
23828	93	1
23829	117	1
23830	96	1
23831	118	1
23832	5	1
23833	2	1
23834	103	1
23835	6	1
23836	54	1
23837	35	1
23838	2	1
23839	8	1
23840	36	1
23841	67	1
23842	38	1
23843	3	1
23844	61	1
23845	30	1
23846	4	1
23847	31	1
23848	88	1
23849	90	1
23850	174	1
23851	54	1
23852	82	1
23853	54	1
23854	71	1
23855	45	1
23856	93	1
23857	90	1
23858	103	1
23859	5	1
23860	31	1
23861	152	1
23862	82	1
23863	6	1
23864	179	1
23865	35	1
23866	6	1
23867	18	1
23868	6	1
23869	31	1
23870	73	1
23871	6	1
23872	110	1
23873	21	1
23874	13	1
23875	102	1
23876	30	1
23877	26	1
23878	68	1
23879	84	1
23880	88	1
23881	40	1
23882	78	1
23883	106	1
23884	7	1
23885	77	1
23886	29	1
23887	84	1
23888	106	1
23889	33	1
23890	30	1
23891	79	1
23892	4	1
23893	12	1
23894	68	1
23895	88	1
23896	8	1
23897	69	1
23898	31	1
23899	45	1
23900	17	1
23901	34	1
23902	77	1
23903	11	1
23904	32	1
23905	6	1
23906	8	1
23907	83	1
23908	36	1
23909	17	1
23910	68	1
23911	68	1
23912	106	1
23913	30	1
23914	18	1
23915	72	1
23916	37	1
23917	95	1
23918	102	1
23919	82	1
23920	93	1
23921	0	1
23922	82	1
23923	35	1
23924	79	1
23925	79	1
23926	117	1
23927	70	1
23928	28	1
23929	60	1
23930	13	1
23931	54	1
23932	137	1
23933	25	1
23934	61	1
23935	9	1
23936	117	1
23937	30	1
23938	103	1
23939	19	1
23940	77	1
23941	6	1
23942	61	1
23943	6	1
23944	6	1
23945	61	1
23946	33	1
23947	16	1
23948	38	1
23949	84	1
23950	4	1
23951	83	1
23952	17	1
23953	22	1
23954	92	1
23955	34	1
23956	84	1
23957	148	1
23958	75	1
23959	34	1
23960	1	1
23961	135	1
23962	12	1
23963	85	1
23964	41	1
23965	3	1
23966	84	1
23967	23	1
23968	65	1
23969	17	1
23970	81	1
23971	103	1
23972	6	1
23973	44	1
23974	70	1
23975	7	1
23976	27	1
23977	37	1
23978	3	1
23979	2	1
23980	6	1
23981	21	1
23982	84	1
23983	57	1
23984	12	1
23985	70	1
23986	43	1
23987	85	1
23988	85	1
23989	65	1
23990	74	1
23991	29	1
23992	54	1
23993	6	1
23994	6	1
23995	20	1
23996	45	1
23997	93	1
23998	85	1
23999	84	1
24000	25	1
24001	96	1
24002	63	1
24003	63	1
24004	83	1
24005	4	1
24006	31	1
24007	8	1
24008	47	1
24009	79	1
24010	7	1
24011	97	1
24012	46	1
24013	97	1
24014	101	1
24015	93	1
24016	27	1
24017	118	1
24018	135	1
24019	27	1
24020	77	1
24021	6	1
24022	6	1
24023	6	1
24024	6	1
24025	14	1
24026	98	1
24027	30	1
24028	55	1
24029	117	1
24030	82	1
24031	93	1
24032	102	1
24033	84	1
24034	20	1
24035	84	1
24036	56	1
24037	45	1
24038	135	1
24039	61	1
24040	25	1
24041	88	1
24042	68	1
24043	68	1
24044	21	1
24045	4	1
24046	53	1
24047	18	1
24048	1	1
24049	18	1
24050	1	1
24051	45	1
24052	27	1
24053	8	1
24054	60	1
24055	8	1
24056	84	1
24057	17	1
24058	30	1
24059	6	1
24060	25	1
24061	22	1
24062	3	1
24063	30	1
24064	140	1
24065	63	1
24066	6	1
24067	82	1
24068	177	1
24069	10	1
24070	76	1
24071	33	1
24072	11	1
24073	38	1
24074	85	1
24075	27	1
24076	68	1
24077	25	1
24078	6	1
24079	45	1
24080	6	1
24081	35	1
24082	69	1
24083	6	1
24084	61	1
24085	0	1
24086	39	1
24087	121	1
24088	40	1
24089	60	1
24090	77	1
24091	56	1
24092	43	1
24093	104	1
24094	82	1
24095	77	1
24096	52	1
24097	79	1
24098	6	1
24099	103	1
24100	49	1
24101	34	1
24102	55	1
24103	6	1
24104	50	1
24105	6	1
24106	137	1
24107	24	1
24108	6	1
24109	69	1
24110	34	1
24111	150	1
24112	75	1
24113	68	1
24114	48	1
24115	6	1
24116	127	1
24117	1	1
24118	5	1
24119	39	1
24120	106	1
24121	11	1
24122	8	1
24123	45	1
24124	18	1
24125	6	1
24126	103	1
24127	18	1
24128	19	1
24129	35	1
24130	6	1
24131	17	1
24132	6	1
24133	103	1
24134	54	1
24135	1	1
24136	17	1
24137	55	1
24138	19	1
24139	18	1
24140	36	1
24141	54	1
24142	118	1
24143	19	1
24144	19	1
24145	19	1
24146	70	1
24147	6	1
24148	39	1
24149	19	1
24150	33	1
24151	73	1
24152	56	1
24153	21	1
24154	56	1
24155	56	1
24156	30	1
24157	36	1
24158	136	1
24159	9	1
24160	1	1
24161	65	1
24162	13	1
24163	56	1
24164	27	1
24165	8	1
24166	41	1
24167	73	1
24168	8	1
24169	34	1
24170	33	1
24171	63	1
24172	117	1
24173	121	1
24174	30	1
24175	30	1
24176	53	1
24177	6	1
24178	109	1
24179	4	1
24180	57	1
24181	34	1
24182	33	1
24183	33	1
24184	33	1
24185	34	1
24186	49	1
24187	46	1
24188	85	1
24189	57	1
24190	33	1
24191	29	1
24192	61	1
24193	33	1
24194	33	1
24195	41	1
24196	4	1
24197	33	1
24198	79	1
24199	70	1
24200	139	1
24201	139	1
24202	63	1
24203	4	1
24204	13	1
24205	118	1
24206	6	1
24207	34	1
24208	16	1
24209	39	1
24210	75	1
24211	61	1
24212	61	1
24213	96	1
24214	63	1
24215	70	1
24216	22	1
24217	82	1
24218	50	1
24219	38	1
24220	16	1
24221	70	1
24222	70	1
24223	46	1
24224	4	1
24225	1	1
24226	70	1
24227	4	1
24228	4	1
24229	6	1
24230	6	1
24231	17	1
24232	4	1
24233	61	1
24234	77	1
24235	6	1
24236	53	1
24237	118	1
24238	6	1
24239	25	1
24240	27	1
24241	60	1
24242	129	1
24243	6	1
24244	6	1
24245	4	1
24246	56	1
24247	44	1
24248	55	1
24249	41	1
24250	36	1
24251	6	1
24252	11	1
24253	93	1
24254	135	1
24255	85	1
24256	49	1
24257	52	1
24258	5	1
24259	8	1
24260	67	1
24261	4	1
24262	34	1
24263	34	1
24264	18	1
24265	70	1
24266	118	1
24267	2	1
24268	65	1
24269	55	1
24270	47	1
24271	34	1
24272	22	1
24273	19	1
24274	27	1
24275	4	1
24276	6	1
24277	6	1
24278	69	1
24279	45	1
24280	98	1
24281	46	1
24282	45	1
24283	81	1
24284	8	1
24285	8	1
24286	1	1
24287	8	1
24288	30	1
24289	56	1
24290	61	1
24291	139	1
24292	27	1
24293	12	1
24294	62	1
24295	4	1
24296	6	1
24297	17	1
24298	6	1
24299	37	1
24300	40	1
24301	66	1
24302	60	1
24303	40	1
24304	77	1
24305	31	1
24306	39	1
24307	39	1
24308	11	1
24309	68	1
24310	3	1
24311	43	1
24312	3	1
24313	11	1
24314	17	1
24315	6	1
24316	6	1
24317	93	1
24318	75	1
24319	104	1
24320	93	1
24321	100	1
24322	18	1
24323	31	1
24324	74	1
24325	12	1
24326	12	1
24327	79	1
24328	21	1
24329	81	1
24330	43	1
24331	68	1
24332	16	1
24333	6	1
24334	43	1
24335	25	1
24336	19	1
24337	6	1
24338	98	1
24339	62	1
24340	43	1
24341	10	1
24342	36	1
24343	38	1
24344	8	1
24345	54	1
24346	8	1
24347	29	1
24348	34	1
24349	63	1
24350	62	1
24351	102	1
24352	103	1
24353	106	1
24354	27	1
24355	29	1
24356	29	1
24357	61	1
24358	85	1
24359	7	1
24360	1	1
24361	103	1
24362	19	1
24363	1	1
24364	4	1
24365	45	1
24366	61	1
24367	71	1
24368	103	1
24369	8	1
24370	3	1
24371	151	1
24372	46	1
24373	39	1
24374	30	1
24375	124	1
24376	79	1
24377	38	1
24378	27	1
24379	79	1
24380	118	1
24381	42	1
24382	3	1
24383	118	1
24384	6	1
24385	56	1
24386	37	1
24387	11	1
24388	18	1
24389	83	1
24390	83	1
24391	6	1
24392	38	1
24393	6	1
24394	6	1
24395	184	1
24396	96	1
24397	185	1
24398	85	1
24399	35	1
24400	82	1
24401	12	1
24402	16	1
24403	6	1
24404	11	1
24405	2	1
24406	17	1
24407	19	1
24408	103	1
24409	8	1
24410	1	1
24411	6	1
24412	31	1
24413	13	1
24414	84	1
24415	10	1
24416	50	1
24417	3	1
24418	18	1
24419	93	1
24420	118	1
24421	6	1
24422	82	1
24423	6	1
24424	6	1
24425	125	1
24426	62	1
24427	157	1
24428	70	1
24429	66	1
24430	71	1
24431	94	1
24432	82	1
24433	56	1
24434	47	1
24435	33	1
24436	158	1
24437	92	1
24438	12	1
24439	75	1
24440	8	1
24441	94	1
24442	12	1
24443	35	1
24444	137	1
24445	13	1
24446	75	1
24447	73	1
24448	77	1
24449	17	1
24450	49	1
24451	83	1
24452	6	1
24453	53	1
24454	62	1
24455	34	1
24456	70	1
24457	64	1
24458	40	1
24459	34	1
24460	25	1
24461	4	1
24462	84	1
24463	33	1
24464	41	1
24465	55	1
24466	6	1
24467	36	1
24468	36	1
24469	46	1
24470	87	1
24471	38	1
24472	17	1
24473	36	1
24474	137	1
24475	18	1
24476	68	1
24477	137	1
24478	77	1
24479	6	1
24480	20	1
24481	13	1
24482	61	1
24483	18	1
24484	139	1
24485	103	1
24486	70	1
24487	70	1
24488	6	1
24489	35	1
24490	27	1
24491	94	1
24492	70	1
24493	70	1
24494	103	1
24495	94	1
24496	79	1
24497	53	1
24498	98	1
24499	98	1
24500	27	1
24501	98	1
24502	18	1
24503	18	1
24504	68	1
24505	68	1
24506	6	1
24507	40	1
24508	12	1
24509	77	1
24510	54	1
24511	88	1
24512	96	1
24513	61	1
24514	84	1
24515	4	1
24516	35	1
24517	84	1
24518	93	1
24519	103	1
24520	55	1
24521	55	1
24522	18	1
24523	36	1
24524	0	1
24525	42	1
24526	12	1
24527	77	1
24528	61	1
24529	60	1
24530	68	1
24531	4	1
24532	12	1
24533	29	1
24534	98	1
24535	98	1
24536	66	1
24537	110	1
24538	6	1
24539	33	1
24540	6	1
24541	33	1
24542	35	1
24543	33	1
24544	6	1
24545	4	1
24546	6	1
24547	22	1
24548	60	1
24549	6	1
24550	6	1
24551	68	1
24552	0	1
24553	12	1
24554	66	1
24555	33	1
24556	9	1
24557	50	1
24558	53	1
24559	0	1
24560	0	1
24561	33	1
24562	6	1
24563	6	1
24564	6	1
24565	33	1
24566	61	1
24567	75	1
24568	66	1
24569	17	1
24570	124	1
24571	18	1
24572	46	1
24573	35	1
24574	8	1
24575	139	1
24576	30	1
24577	0	1
24578	3	1
24579	6	1
24580	36	1
24581	54	1
24582	103	1
24583	36	1
24584	1	1
24585	93	1
24586	16	1
24587	114	1
24588	23	1
24589	33	1
24590	62	1
24591	13	1
24592	33	1
24593	56	1
24594	4	1
24595	103	1
24596	102	1
24597	7	1
24598	58	1
24599	12	1
24600	87	1
24601	30	1
24602	7	1
24603	97	1
24604	11	1
24605	31	1
24606	30	1
24607	11	1
24608	11	1
24609	121	1
24610	68	1
24611	36	1
24612	13	1
24613	27	1
24614	68	1
24615	47	1
24616	78	1
24617	54	1
24618	68	1
24619	4	1
24620	6	1
24621	31	1
24622	1	1
24623	71	1
24624	30	1
24625	61	1
24626	90	1
24627	18	1
24628	38	1
24629	66	1
24630	66	1
24631	114	1
24632	56	1
24633	102	1
24634	83	1
24635	88	1
24636	84	1
24637	6	1
24638	33	1
24639	33	1
24640	92	1
24641	64	1
24642	44	1
24643	68	1
24644	84	1
24645	29	1
24646	79	1
24647	90	1
24648	48	1
24649	68	1
24650	84	1
24651	40	1
24652	6	1
24653	77	1
24654	4	1
24655	29	1
24656	170	1
24657	165	1
24658	90	1
24659	68	1
24660	57	1
24661	16	1
24662	61	1
24663	56	1
24664	6	1
24665	6	1
24666	83	1
24667	84	1
24668	29	1
24669	68	1
24670	46	1
24671	6	1
24672	68	1
24673	29	1
24674	60	1
24675	60	1
24676	82	1
24677	6	1
24678	115	1
24679	56	1
24680	13	1
24681	93	1
24682	33	1
24683	79	1
24684	35	1
24685	38	1
24686	103	1
24687	35	1
24688	29	1
24689	22	1
24690	83	1
24691	22	1
24692	18	1
24693	24	1
24694	38	1
24695	79	1
24696	51	1
24697	60	1
24698	54	1
24699	21	1
24700	68	1
24701	4	1
24702	18	1
24703	12	1
24704	56	1
24705	83	1
24706	17	1
24707	83	1
24708	4	1
24709	93	1
24710	17	1
24711	6	1
24712	85	1
24713	17	1
24714	93	1
24715	77	1
24716	4	1
24717	6	1
24718	27	1
24719	73	1
24720	5	1
24721	3	1
24722	1	1
24723	6	1
24724	5	1
24725	54	1
24726	66	1
24727	6	1
24728	3	1
24729	150	1
24730	56	1
24731	52	1
24732	7	1
24733	36	1
24734	55	1
24735	35	1
24736	6	1
24737	60	1
24738	8	1
24739	65	1
24740	23	1
24741	23	1
24742	45	1
24743	68	1
24744	21	1
24745	31	1
24746	33	1
24747	31	1
24748	115	1
24749	115	1
24750	40	1
24751	88	1
24752	40	1
24753	38	1
24754	38	1
24755	64	1
24756	73	1
24757	33	1
24758	17	1
24759	158	1
24760	34	1
24761	1	1
24762	84	1
24763	36	1
24764	16	1
24765	103	1
24766	5	1
24767	83	1
24768	21	1
24769	90	1
24770	8	1
24771	62	1
24772	144	1
24773	37	1
24774	29	1
24775	37	1
24776	70	1
24777	85	1
24778	90	1
24779	70	1
24780	167	1
24781	84	1
24782	0	1
24783	82	1
24784	11	1
24785	39	1
24786	115	1
24787	3	1
24788	27	1
24789	22	1
24790	13	1
24791	76	1
24792	114	1
24793	35	1
24794	12	1
24795	61	1
24796	54	1
24797	70	1
24798	84	1
24799	17	1
24800	18	1
24801	92	1
24802	79	1
24803	22	1
24804	6	1
24805	27	1
24806	70	1
24807	54	1
24808	1	1
24809	76	1
24810	34	1
24811	34	1
24812	12	1
24813	84	1
24814	114	1
24815	3	1
24816	137	1
24817	18	1
24818	3	1
24819	77	1
24820	55	1
24821	93	1
24822	83	1
24823	41	1
24824	69	1
24825	36	1
24826	114	1
24827	12	1
24828	69	1
24829	84	1
24830	84	1
24831	39	1
24832	82	1
24833	19	1
24834	153	1
24835	16	1
24836	16	1
24837	62	1
24838	30	1
24839	12	1
24840	9	1
24841	93	1
24842	25	1
24843	30	1
24844	25	1
24845	55	1
24846	11	1
24847	4	1
24848	19	1
24849	35	1
24850	11	1
24851	18	1
24852	2	1
24853	97	1
24854	2	1
24855	41	1
24856	41	1
24857	12	1
24858	79	1
24859	38	1
24860	36	1
24861	6	1
24862	12	1
24863	45	1
24864	39	1
24865	30	1
24866	57	1
24867	45	1
24868	4	1
24869	39	1
24870	135	1
24871	19	1
24872	52	1
24873	96	1
24874	76	1
24875	97	1
24876	55	1
24877	177	1
24878	4	1
24879	18	1
24880	18	1
24881	62	1
24882	42	1
24883	34	1
24884	34	1
24885	32	1
24886	135	1
24887	69	1
24888	6	1
24889	109	1
24890	109	1
24891	109	1
24892	84	1
24893	30	1
24894	84	1
24895	84	1
24896	25	1
24897	77	1
24898	6	1
24899	21	1
24900	5	1
24901	84	1
24902	47	1
24903	4	1
24904	68	1
24905	136	1
24906	9	1
24907	11	1
24908	98	1
24909	22	1
24910	56	1
24911	56	1
24912	0	1
24913	122	1
24914	56	1
24915	129	1
24916	17	1
24917	85	1
24918	62	1
24919	55	1
24920	93	1
24921	29	1
24922	54	1
24923	6	1
24924	19	1
24925	6	1
24926	8	1
24927	16	1
24928	6	1
24929	34	1
24930	77	1
24931	24	1
24932	46	1
24933	36	1
24934	54	1
24935	19	1
24936	7	1
24937	5	1
24938	34	1
24939	3	1
24940	103	1
24941	1	1
24942	103	1
24943	30	1
24944	30	1
24945	49	1
24946	54	1
24947	55	1
24948	19	1
24949	137	1
24950	29	1
24951	29	1
24952	56	1
24953	34	1
24954	118	1
24955	2	1
24956	1	1
24957	49	1
24958	6	1
24959	139	1
24960	106	1
24961	143	1
24962	124	1
24963	6	1
24964	37	1
24965	35	1
24966	35	1
24967	25	1
24968	96	1
24969	30	1
24970	115	1
24971	35	1
24972	12	1
24973	1	1
24974	29	1
24975	52	1
24976	33	1
24977	33	1
24978	34	1
24979	2	1
24980	36	1
24981	6	1
24982	137	1
24983	3	1
24984	74	1
24985	3	1
24986	15	1
24987	29	1
24988	15	1
24989	67	1
24990	70	1
24991	38	1
24992	4	1
24993	93	1
24994	33	1
24995	34	1
24996	30	1
24997	56	1
24998	102	1
24999	46	1
25000	4	1
25001	33	1
25002	33	1
25003	29	1
25004	33	1
25005	82	1
25006	136	1
25007	19	1
25008	34	1
25009	61	1
25010	33	1
25011	56	1
25012	33	1
25013	74	1
25014	121	1
25015	41	1
25016	158	1
25017	47	1
25018	61	1
25019	2	1
25020	61	1
25021	39	1
25022	4	1
25023	61	1
25024	8	1
25025	61	1
25026	46	1
25027	27	1
25028	78	1
25029	39	1
25030	98	1
25031	34	1
25032	6	1
25033	46	1
25034	127	1
25035	3	1
25036	39	1
25037	1	1
25038	6	1
25039	16	1
25040	33	1
25041	68	1
25042	84	1
25043	31	1
25044	30	1
25045	6	1
25046	11	1
25047	27	1
25048	6	1
25049	61	1
25050	70	1
25051	34	1
25052	36	1
25053	31	1
25054	93	1
25055	4	1
25056	33	1
25057	31	1
25058	6	1
25059	17	1
25060	11	1
25061	103	1
25062	6	1
25063	6	1
25064	8	1
25065	29	1
25066	85	1
25067	93	1
25068	39	1
25069	34	1
25070	71	1
25071	103	1
25072	94	1
25073	104	1
25074	33	1
25075	17	1
25076	34	1
25077	36	1
25078	29	1
25079	6	1
25080	17	1
25081	49	1
25082	6	1
25083	36	1
25084	6	1
25085	32	1
25086	6	1
25087	6	1
25088	6	1
25089	6	1
25090	56	1
25091	64	1
25092	118	1
25093	31	1
25094	62	1
25095	49	1
25096	27	1
25097	48	1
25098	77	1
25099	82	1
25100	72	1
25101	98	1
25102	139	1
25103	61	1
25104	13	1
25105	46	1
25106	77	1
25107	46	1
25108	34	1
25109	103	1
25110	4	1
25111	6	1
25112	77	1
25113	77	1
25114	34	1
25115	16	1
25116	62	1
25117	39	1
25118	25	1
25119	25	1
25120	11	1
25121	11	1
25122	2	1
25123	38	1
25124	18	1
25125	3	1
25126	124	1
25127	6	1
25128	104	1
25129	6	1
25130	49	1
25131	96	1
25132	17	1
25133	114	1
25134	68	1
25135	9	1
25136	33	1
25137	31	1
25138	60	1
25139	82	1
25140	45	1
25141	43	1
25142	25	1
25143	12	1
25144	19	1
25145	75	1
25146	135	1
25147	16	1
25148	1	1
25149	12	1
25150	68	1
25151	11	1
25152	93	1
25153	110	1
25154	54	1
25155	62	1
25156	139	1
25157	36	1
25158	8	1
25159	72	1
25160	34	1
25161	43	1
25162	118	1
25163	118	1
25164	30	1
25165	103	1
25166	18	1
25167	19	1
25168	4	1
25169	70	1
25170	42	1
25171	45	1
25172	103	1
25173	62	1
25174	52	1
25175	71	1
25176	21	1
25177	4	1
25178	84	1
25179	54	1
25180	84	1
25181	16	1
25182	61	1
25183	4	1
25184	29	1
25185	13	1
25186	55	1
25187	37	1
25188	3	1
25189	3	1
25190	56	1
25191	118	1
25192	17	1
25193	52	1
25194	115	1
25195	18	1
25196	103	1
25197	83	1
25198	151	1
25199	77	1
25200	33	1
25201	3	1
25202	3	1
25203	96	1
25204	0	1
25205	25	1
25206	33	1
25207	33	1
25208	18	1
25209	18	1
25210	84	1
25211	35	1
25212	2	1
25213	6	1
25214	103	1
25215	19	1
25216	1	1
25217	2	1
25218	36	1
25219	6	1
25220	6	1
25221	84	1
25222	77	1
25223	152	1
25224	152	1
25225	4	1
25226	31	1
25227	103	1
25228	31	1
25229	121	1
25230	71	1
25231	17	1
25232	34	1
25233	47	1
25234	6	1
25235	2	1
25236	40	1
25237	10	1
25238	15	1
25239	70	1
25240	137	1
25241	47	1
25242	177	1
25243	104	1
25244	85	1
25245	93	1
25246	137	1
25247	137	1
25248	137	1
25249	73	1
25250	47	1
25251	46	1
25252	70	1
25253	70	1
25254	43	1
25255	30	1
25256	53	1
25257	6	1
25258	125	1
25259	94	1
25260	83	1
25261	106	1
25262	2	1
25263	70	1
25264	150	1
25265	150	1
25266	6	1
25267	33	1
25268	102	1
25269	94	1
25270	0	1
25271	61	1
25272	54	1
25273	68	1
25274	21	1
25275	135	1
25276	135	1
25277	93	1
25278	98	1
25279	173	1
25280	4	1
25281	18	1
25282	6	1
25283	70	1
25284	35	1
25285	6	1
25286	35	1
25287	32	1
25288	25	1
25289	27	1
25290	40	1
25291	0	1
25292	47	1
25293	117	1
25294	3	1
25295	73	1
25296	8	1
25297	40	1
25298	139	1
25299	90	1
25300	93	1
25301	88	1
25302	54	1
25303	77	1
25304	93	1
25305	26	1
25306	50	1
25307	93	1
25308	2	1
25309	103	1
25310	19	1
25311	33	1
25312	6	1
25313	17	1
25314	55	1
25315	36	1
25316	61	1
25317	5	1
25318	41	1
25319	98	1
25320	110	1
25321	18	1
25322	33	1
25323	33	1
25324	6	1
25325	6	1
25326	18	1
25327	6	1
25328	21	1
25329	18	1
25330	66	1
25331	74	1
25332	12	1
25333	66	1
25334	4	1
25335	0	1
25336	30	1
25337	102	1
25338	6	1
25339	0	1
25340	144	1
25341	33	1
25342	52	1
25343	18	1
25344	55	1
25345	6	1
25346	18	1
25347	6	1
25348	68	1
25349	62	1
25350	17	1
25351	53	1
25352	17	1
25353	68	1
25354	40	1
25355	9	1
25356	12	1
25357	29	1
25358	124	1
25359	46	1
25360	77	1
25361	139	1
25362	40	1
25363	18	1
25364	18	1
25365	93	1
25366	17	1
25367	110	1
25368	16	1
25369	18	1
25370	2	1
25371	38	1
25372	33	1
25373	27	1
25374	110	1
25375	36	1
25376	110	1
25377	33	1
25378	27	1
25379	12	1
25380	12	1
25381	4	1
25382	11	1
25383	29	1
25384	60	1
25385	43	1
25386	11	1
25387	122	1
25388	8	1
25389	77	1
25390	36	1
25391	61	1
25392	6	1
25393	29	1
25394	78	1
25395	38	1
25396	23	1
25397	68	1
25398	11	1
25399	48	1
25400	7	1
25401	38	1
25402	11	1
25403	31	1
25404	83	1
25405	85	1
25406	56	1
25407	45	1
25408	38	1
25409	2	1
25410	56	1
25411	2	1
25412	11	1
25413	181	1
25414	93	1
25415	40	1
25416	83	1
25417	34	1
25418	90	1
25419	92	1
25420	146	1
25421	66	1
25422	68	1
25423	93	1
25424	84	1
25425	68	1
25426	157	1
25427	55	1
25428	84	1
25429	29	1
25430	114	1
25431	40	1
25432	12	1
25433	115	1
25434	75	1
25435	12	1
25436	84	1
25437	76	1
25438	63	1
25439	35	1
25440	3	1
25441	84	1
25442	36	1
25443	6	1
25444	40	1
25445	139	1
25446	115	1
25447	101	1
25448	118	1
25449	106	1
25450	76	1
25451	38	1
25452	54	1
25453	56	1
25454	11	1
25455	6	1
25456	3	1
25457	115	1
25458	67	1
25459	1	1
25460	48	1
25461	6	1
25462	44	1
25463	187	1
25464	117	1
25465	83	1
25466	83	1
25467	18	1
25468	96	1
25469	115	1
25470	58	1
25471	30	1
25472	76	1
25473	96	1
25474	82	1
25475	60	1
25476	117	1
25477	2	1
25478	83	1
25479	77	1
25480	4	1
25481	33	1
25482	16	1
25483	92	1
25484	76	1
25485	45	1
25486	114	1
25487	22	1
25488	118	1
25489	93	1
25490	22	1
25491	77	1
25492	35	1
25493	6	1
25494	22	1
25495	77	1
25496	35	1
25497	54	1
25498	22	1
25499	13	1
25500	118	1
25501	56	1
25502	32	1
25503	47	1
25504	76	1
25505	88	1
25506	77	1
25507	11	1
25508	63	1
25509	29	1
25510	54	1
25511	6	1
25512	36	1
25513	0	1
25514	11	1
25515	29	1
25516	77	1
25517	47	1
25518	6	1
25519	6	1
25520	6	1
25521	139	1
25522	8	1
25523	60	1
25524	11	1
25525	73	1
25526	21	1
25527	21	1
25528	55	1
25529	31	1
25530	110	1
25531	72	1
25532	40	1
25533	92	1
25534	26	1
25535	98	1
25536	33	1
25537	88	1
25538	87	1
25539	68	1
25540	40	1
25541	29	1
25542	115	1
25543	93	1
25544	40	1
25545	138	1
25546	41	1
25547	93	1
25548	37	1
25549	38	1
25550	103	1
25551	83	1
25552	16	1
25553	33	1
25554	90	1
25555	41	1
25556	114	1
25557	77	1
25558	70	1
25559	56	1
25560	157	1
25561	30	1
25562	62	1
25563	62	1
25564	30	1
25565	19	1
25566	68	1
25567	85	1
25568	75	1
25569	18	1
25570	25	1
25571	33	1
25572	53	1
25573	25	1
25574	102	1
25575	77	1
25576	3	1
25577	33	1
25578	137	1
25579	121	1
25580	19	1
25581	93	1
25582	25	1
25583	88	1
25584	77	1
25585	88	1
25586	17	1
25587	33	1
25588	30	1
25589	70	1
25590	34	1
25591	1	1
25592	7	1
25593	93	1
25594	6	1
25595	84	1
25596	84	1
25597	4	1
25598	0	1
25599	83	1
25600	3	1
25601	17	1
25602	17	1
25603	12	1
25604	89	1
25605	103	1
25606	65	1
25607	84	1
25608	84	1
25609	114	1
25610	13	1
25611	12	1
25612	27	1
25613	17	1
25614	43	1
25615	34	1
25616	17	1
25617	6	1
25618	68	1
25619	4	1
25620	129	1
25621	79	1
25622	7	1
25623	56	1
25624	1	1
25625	0	1
25626	70	1
25627	6	1
25628	4	1
25629	93	1
25630	82	1
25631	6	1
25632	56	1
25633	31	1
25634	4	1
25635	12	1
25636	17	1
25637	52	1
25638	139	1
25639	4	1
25640	35	1
25641	82	1
25642	56	1
25643	21	1
25644	22	1
25645	12	1
25646	19	1
25647	12	1
25648	17	1
25649	32	1
25650	76	1
25651	16	1
25652	118	1
25653	17	1
25654	129	1
25655	79	1
25656	103	1
25657	97	1
25658	6	1
25659	25	1
25660	106	1
25661	97	1
25662	93	1
25663	2	1
25664	12	1
25665	68	1
25666	73	1
25667	41	1
25668	85	1
25669	54	1
25670	4	1
25671	4	1
25672	4	1
25673	70	1
25674	27	1
25675	56	1
25676	115	1
25677	123	1
25678	18	1
25679	1	1
25680	71	1
25681	17	1
25682	84	1
25683	84	1
25684	69	1
25685	37	1
25686	93	1
25687	34	1
25688	103	1
25689	31	1
25690	0	1
25691	56	1
25692	2	1
25693	0	1
25694	106	1
25695	35	1
25696	103	1
25697	38	1
25698	6	1
25699	40	1
25700	45	1
25701	6	1
25702	6	1
25703	136	1
25704	96	1
25705	6	1
25706	55	1
25707	41	1
25708	5	1
25709	6	1
25710	1	1
25711	35	1
25712	0	1
25713	6	1
25714	82	1
25715	6	1
25716	27	1
25717	34	1
25718	59	1
25719	85	1
25720	17	1
25721	68	1
25722	1	1
25723	50	1
25724	50	1
25725	50	1
25726	4	1
25727	70	1
25728	97	1
25729	50	1
25730	56	1
25731	13	1
25732	52	1
25733	6	1
25734	6	1
25735	98	1
25736	18	1
25737	35	1
25738	138	1
25739	6	1
25740	98	1
25741	3	1
25742	11	1
25743	94	1
25744	6	1
25745	34	1
25746	35	1
25747	46	1
25748	17	1
25749	66	1
25750	2	1
25751	34	1
25752	52	1
25753	17	1
25754	30	1
25755	6	1
25756	19	1
25757	170	1
25758	122	1
25759	41	1
25760	2	1
25761	41	1
25762	4	1
25763	30	1
25764	139	1
25765	109	1
25766	6	1
25767	36	1
25768	71	1
25769	56	1
25770	6	1
25771	100	1
25772	12	1
25773	40	1
25774	88	1
25775	65	1
25776	9	1
25777	12	1
25778	25	1
25779	12	1
25780	38	1
25781	5	1
25782	65	1
25783	47	1
25784	30	1
25785	36	1
25786	31	1
25787	40	1
25788	6	1
25789	35	1
25790	4	1
25791	73	1
25792	74	1
25793	3	1
25794	2	1
25795	2	1
25796	48	1
25797	25	1
25798	79	1
25799	46	1
25800	75	1
25801	4	1
25802	110	1
25803	79	1
25804	33	1
25805	0	1
25806	8	1
25807	33	1
25808	117	1
25809	47	1
25810	40	1
25811	49	1
25812	27	1
25813	2	1
25814	57	1
25815	48	1
25816	4	1
25817	34	1
25818	57	1
25819	4	1
25820	93	1
25821	34	1
25822	2	1
25823	29	1
25824	30	1
25825	57	1
25826	98	1
25827	56	1
25828	30	1
25829	121	1
25830	34	1
25831	139	1
25832	61	1
25833	117	1
25834	34	1
25835	27	1
25836	6	1
25837	6	1
25838	30	1
25839	61	1
25840	6	1
25841	6	1
25842	82	1
25843	4	1
25844	39	1
25845	35	1
25846	62	1
25847	62	1
25848	12	1
25849	90	1
25850	4	1
25851	77	1
25852	137	1
25853	55	1
25854	6	1
25855	16	1
25856	79	1
25857	39	1
25858	70	1
25859	98	1
25860	41	1
25861	31	1
25862	70	1
25863	70	1
25864	29	1
25865	118	1
25866	68	1
25867	139	1
25868	69	1
25869	70	1
25870	41	1
25871	82	1
25872	11	1
25873	55	1
25874	25	1
25875	124	1
25876	82	1
25877	29	1
25878	72	1
25879	46	1
25880	52	1
25881	79	1
25882	103	1
25883	79	1
25884	6	1
25885	16	1
25886	92	1
25887	55	1
25888	6	1
25889	41	1
25890	46	1
25891	139	1
25892	77	1
25893	8	1
25894	77	1
25895	17	1
25896	17	1
25897	152	1
25898	61	1
25899	31	1
25900	96	1
25901	31	1
25902	27	1
25903	31	1
25904	43	1
25905	78	1
25906	31	1
25907	11	1
25908	29	1
25909	6	1
25910	104	1
25911	17	1
25912	110	1
25913	92	1
25914	85	1
25915	26	1
25916	60	1
25917	63	1
25918	68	1
25919	63	1
25920	2	1
25921	74	1
25922	73	1
25923	16	1
25924	1	1
25925	139	1
25926	6	1
25927	60	1
25928	23	1
25929	43	1
25930	63	1
25931	16	1
25932	0	1
25933	35	1
25934	17	1
25935	8	1
25936	98	1
25937	29	1
25938	41	1
25939	54	1
25940	47	1
25941	60	1
25942	8	1
25943	29	1
25944	6	1
25945	63	1
25946	93	1
25947	8	1
25948	48	1
25949	62	1
25950	29	1
25951	75	1
25952	46	1
25953	1	1
25954	62	1
25955	18	1
25956	46	1
25957	1	1
25958	3	1
25959	118	1
25960	19	1
25961	30	1
25962	98	1
25963	34	1
25964	61	1
25965	21	1
25966	6	1
25967	6	1
25968	37	1
25969	93	1
25970	19	1
25971	35	1
25972	8	1
25973	11	1
25974	56	1
25975	31	1
25976	22	1
25977	53	1
25978	25	1
25979	31	1
25980	33	1
25981	33	1
25982	36	1
25983	98	1
25984	75	1
25985	28	1
25986	54	1
25987	70	1
25988	2	1
25989	45	1
25990	25	1
25991	83	1
25992	33	1
25993	46	1
25994	49	1
25995	31	1
25996	70	1
25997	103	1
25998	6	1
25999	6	1
26000	103	1
26001	4	1
26002	75	1
26003	85	1
26004	70	1
26005	40	1
26006	122	1
26007	55	1
26008	55	1
26009	6	1
26010	67	1
26011	2	1
26012	47	1
26013	12	1
26014	84	1
26015	84	1
26016	191	1
26017	33	1
26018	30	1
26019	6	1
26020	4	1
26021	137	1
26022	75	1
26023	70	1
26024	31	1
26025	27	1
26026	32	1
26027	30	1
26028	103	1
26029	83	1
26030	74	1
26031	34	1
26032	121	1
26033	6	1
26034	45	1
26035	41	1
26036	33	1
26037	72	1
26038	33	1
26039	84	1
26040	15	1
26041	60	1
26042	19	1
26043	19	1
26044	77	1
26045	25	1
26046	77	1
26047	41	1
26048	6	1
26049	6	1
26050	18	1
26051	68	1
26052	82	1
26053	1	1
26054	13	1
26055	84	1
26056	6	1
26057	30	1
26058	6	1
26059	6	1
26060	74	1
26061	19	1
26062	6	1
26063	22	1
26064	70	1
26065	6	1
26066	139	1
26067	35	1
26068	94	1
26069	157	1
26070	52	1
26071	52	1
26072	70	1
26073	53	1
26074	46	1
26075	88	1
26076	43	1
26077	71	1
26078	33	1
26079	135	1
26080	5	1
26081	18	1
26082	56	1
26083	1	1
26084	79	1
26085	55	1
26086	47	1
26087	79	1
26088	79	1
26089	129	1
26090	84	1
26091	12	1
26092	84	1
26093	12	1
26094	110	1
26095	6	1
26096	49	1
26097	129	1
26098	70	1
26099	0	1
26100	103	1
26101	66	1
26102	33	1
26103	33	1
26104	70	1
26105	29	1
26106	19	1
26107	110	1
26108	31	1
26109	98	1
26110	0	1
26111	6	1
26112	0	1
26113	6	1
26114	33	1
26115	33	1
26116	18	1
26117	98	1
26118	12	1
26119	29	1
26120	6	1
26121	18	1
26122	33	1
26123	12	1
26124	33	1
26125	45	1
26126	53	1
26127	17	1
26128	6	1
26129	62	1
26130	19	1
26131	45	1
26132	18	1
26133	18	1
26134	63	1
26135	96	1
26136	66	1
26137	33	1
26138	6	1
26139	18	1
26140	46	1
26141	0	1
26142	68	1
26143	18	1
26144	17	1
26145	17	1
26146	35	1
26147	18	1
26148	33	1
26149	25	1
26150	18	1
26151	6	1
26152	13	1
26153	110	1
26154	74	1
26155	41	1
26156	38	1
26157	90	1
26158	102	1
26159	55	1
26160	30	1
26161	121	1
26162	23	1
26163	170	1
26164	69	1
26165	71	1
26166	34	1
26167	11	1
26168	34	1
26169	16	1
26170	11	1
26171	30	1
26172	24	1
26173	38	1
26174	44	1
26175	78	1
26176	27	1
26177	31	1
26178	38	1
26179	90	1
26180	21	1
26181	45	1
26182	69	1
26183	45	1
26184	45	1
26185	19	1
26186	51	1
26187	114	1
26188	68	1
26189	83	1
26190	47	1
26191	84	1
26192	64	1
26193	60	1
26194	33	1
26195	101	1
26196	101	1
26197	38	1
26198	3	1
26199	56	1
26200	26	1
26201	127	1
26202	115	1
26203	82	1
26204	25	1
26205	92	1
26206	29	1
26207	47	1
26208	76	1
26209	55	1
26210	40	1
26211	1	1
26212	76	1
26213	65	1
26214	12	1
26215	60	1
26216	36	1
26217	49	1
26218	31	1
26219	34	1
26220	88	1
26221	12	1
26222	30	1
26223	38	1
26224	18	1
26225	60	1
26226	60	1
26227	6	1
26228	93	1
26229	6	1
26230	13	1
26231	32	1
26232	82	1
26233	42	1
26234	54	1
26235	12	1
26236	54	1
26237	115	1
26238	44	1
26239	66	1
26240	4	1
26241	54	1
26242	1	1
26243	70	1
26244	78	1
26245	45	1
26246	33	1
26247	83	1
26248	4	1
26249	54	1
26250	54	1
26251	17	1
26252	68	1
26253	82	1
26254	98	1
26255	6	1
26256	4	1
26257	50	1
26258	17	1
26259	12	1
26260	6	1
26261	102	1
26262	47	1
26263	36	1
26264	87	1
26265	40	1
26266	56	1
26267	96	1
26268	6	1
26269	54	1
26270	143	1
26271	5	1
26272	54	1
26273	5	1
26274	18	1
26275	46	1
26276	88	1
26277	115	1
26278	84	1
26279	77	1
26280	4	1
26281	84	1
26282	73	1
26283	16	1
26284	92	1
26285	23	1
26286	74	1
26287	36	1
26288	76	1
26289	64	1
26290	115	1
26291	106	1
26292	106	1
26293	83	1
26294	47	1
26295	55	1
26296	61	1
26297	68	1
26298	84	1
26299	8	1
26300	158	1
26301	5	1
26302	34	1
26303	103	1
26304	31	1
26305	135	1
26306	4	1
26307	96	1
26308	72	1
26309	70	1
26310	57	1
26311	92	1
26312	84	1
26313	84	1
26314	45	1
26315	22	1
26316	40	1
26317	4	1
26318	118	1
26319	2	1
26320	93	1
26321	114	1
26322	83	1
26323	83	1
26324	121	1
26325	38	1
26326	25	1
26327	93	1
26328	56	1
26329	82	1
26330	79	1
26331	60	1
26332	7	1
26333	93	1
26334	70	1
26335	93	1
26336	93	1
26337	103	1
26338	12	1
26339	6	1
26340	54	1
26341	74	1
26342	6	1
26343	10	1
26344	33	1
26345	33	1
26346	30	1
26347	90	1
26348	30	1
26349	83	1
26350	34	1
26351	60	1
26352	93	1
26353	22	1
26354	84	1
26355	45	1
26356	78	1
26357	137	1
26358	109	1
26359	6	1
26360	135	1
26361	13	1
26362	84	1
26363	2	1
26364	12	1
26365	85	1
26366	19	1
26367	12	1
26368	110	1
26369	148	1
26370	45	1
26371	77	1
26372	43	1
26373	56	1
26374	12	1
26375	19	1
26376	65	1
26377	85	1
26378	12	1
26379	78	1
26380	19	1
26381	56	1
26382	82	1
26383	56	1
26384	68	1
26385	114	1
26386	73	1
26387	68	1
26388	68	1
26389	83	1
26390	114	1
26391	8	1
26392	2	1
26393	2	1
26394	139	1
26395	12	1
26396	2	1
26397	2	1
26398	6	1
26399	2	1
26400	55	1
26401	98	1
26402	2	1
26403	25	1
26404	51	1
26405	29	1
26406	6	1
26407	75	1
26408	101	1
26409	101	1
26410	139	1
26411	90	1
26412	19	1
26413	19	1
26414	21	1
26415	98	1
26416	16	1
26417	55	1
26418	6	1
26419	110	1
26420	17	1
26421	6	1
26422	101	1
26423	31	1
26424	117	1
26425	1	1
26426	62	1
26427	4	1
26428	12	1
26429	66	1
26430	56	1
26431	6	1
26432	84	1
26433	30	1
26434	37	1
26435	27	1
26436	27	1
26437	34	1
26438	6	1
26439	47	1
26440	84	1
26441	9	1
26442	30	1
26443	118	1
26444	123	1
26445	31	1
26446	109	1
26447	34	1
26448	8	1
26449	39	1
26450	92	1
26451	0	1
26452	85	1
26453	25	1
26454	129	1
26455	104	1
26456	3	1
26457	72	1
26458	55	1
26459	17	1
26460	42	1
26461	12	1
26462	17	1
26463	70	1
26464	6	1
26465	0	1
26466	19	1
26467	55	1
26468	55	1
26469	93	1
26470	106	1
26471	3	1
26472	29	1
26473	77	1
26474	78	1
26475	25	1
26476	16	1
26477	0	1
26478	1	1
26479	50	1
26480	93	1
26481	4	1
26482	6	1
26483	40	1
26484	11	1
26485	103	1
26486	6	1
26487	16	1
26488	8	1
26489	6	1
26490	31	1
26491	34	1
26492	5	1
26493	54	1
26494	77	1
26495	56	1
26496	1	1
26497	49	1
26498	17	1
26499	98	1
26500	70	1
26501	6	1
26502	66	1
26503	118	1
26504	50	1
26505	93	1
26506	68	1
26507	18	1
26508	106	1
26509	40	1
26510	8	1
26511	55	1
26512	73	1
26513	72	1
26514	4	1
26515	48	1
26516	57	1
26517	2	1
26518	72	1
26519	45	1
26520	6	1
26521	6	1
26522	127	1
26523	65	1
26524	30	1
26525	33	1
26526	39	1
26527	3	1
26528	33	1
26529	41	1
26530	33	1
26531	138	1
26532	39	1
26533	54	1
26534	47	1
26535	93	1
26536	48	1
26537	110	1
26538	8	1
26539	17	1
26540	139	1
26541	121	1
26542	121	1
26543	33	1
26544	57	1
26545	4	1
26546	121	1
26547	12	1
26548	102	1
26549	4	1
26550	56	1
26551	79	1
26552	103	1
26553	137	1
26554	30	1
26555	70	1
26556	103	1
26557	1	1
26558	4	1
26559	70	1
26560	104	1
26561	6	1
26562	6	1
26563	45	1
26564	37	1
26565	18	1
26566	24	1
26567	30	1
26568	75	1
26569	118	1
26570	3	1
26571	29	1
26572	82	1
26573	79	1
26574	68	1
26575	11	1
26576	121	1
26577	31	1
26578	70	1
26579	69	1
26580	137	1
26581	31	1
26582	72	1
26583	93	1
26584	60	1
26585	11	1
26586	79	1
26587	1	1
26588	146	1
26589	79	1
26590	82	1
26591	66	1
26592	151	1
26593	98	1
26594	144	1
26595	94	1
26596	19	1
26597	63	1
26598	103	1
26599	6	1
26600	6	1
26601	6	1
26602	34	1
26603	6	1
26604	124	1
26605	118	1
26606	118	1
26607	31	1
26608	2	1
26609	27	1
26610	19	1
26611	9	1
26612	6	1
26613	6	1
26614	46	1
26615	77	1
26616	27	1
26617	27	1
26618	121	1
26619	12	1
26620	40	1
26621	34	1
26622	121	1
26623	30	1
26624	103	1
26625	39	1
26626	98	1
26627	2	1
26628	8	1
26629	4	1
26630	121	1
26631	121	1
26632	31	1
26633	94	1
26634	40	1
26635	106	1
26636	42	1
26637	31	1
26638	11	1
26639	27	1
26640	43	1
26641	103	1
26642	17	1
26643	19	1
26644	93	1
26645	100	1
26646	103	1
26647	93	1
26648	49	1
26649	75	1
26650	4	1
26651	21	1
26652	85	1
26653	4	1
26654	68	1
26655	46	1
26656	25	1
26657	43	1
26658	73	1
26659	30	1
26660	106	1
26661	74	1
26662	1	1
26663	43	1
26664	60	1
26665	40	1
26666	1	1
26667	85	1
26668	4	1
26669	12	1
26670	40	1
26671	60	1
26672	60	1
26673	70	1
26674	17	1
26675	103	1
26676	84	1
26677	117	1
26678	68	1
26679	36	1
26680	8	1
26681	62	1
26682	79	1
26683	110	1
26684	29	1
26685	6	1
26686	55	1
26687	62	1
26688	8	1
26689	75	1
26690	65	1
26691	44	1
26692	28	1
26693	13	1
26694	54	1
26695	18	1
26696	4	1
26697	121	1
26698	61	1
26699	6	1
26700	42	1
26701	19	1
26702	18	1
26703	54	1
26704	23	1
26705	70	1
26706	6	1
26707	23	1
26708	127	1
26709	56	1
26710	6	1
26711	98	1
26712	16	1
26713	2	1
26714	34	1
26715	19	1
26716	19	1
26717	53	1
26718	52	1
26719	55	1
26720	52	1
26721	56	1
26722	35	1
26723	82	1
26724	83	1
26725	35	1
26726	19	1
26727	75	1
26728	42	1
26729	33	1
26730	33	1
26731	42	1
26732	122	1
26733	19	1
26734	34	1
26735	93	1
26736	30	1
26737	3	1
26738	46	1
26739	103	1
26740	18	1
26741	35	1
26742	70	1
26743	18	1
26744	6	1
26745	139	1
26746	84	1
26747	0	1
26748	17	1
26749	6	1
26750	4	1
26751	6	1
26752	6	1
26753	31	1
26754	30	1
26755	31	1
26756	96	1
26757	45	1
26758	75	1
26759	70	1
26760	59	1
26761	60	1
26762	75	1
26763	82	1
26764	40	1
26765	88	1
26766	55	1
26767	55	1
26768	24	1
26769	6	1
26770	10	1
26771	47	1
26772	6	1
26773	70	1
26774	6	1
26775	6	1
26776	70	1
26777	6	1
26778	11	1
26779	6	1
26780	103	1
26781	1	1
26782	103	1
26783	6	1
26784	125	1
26785	6	1
26786	55	1
26787	56	1
26788	172	1
26789	29	1
26790	43	1
26791	115	1
26792	121	1
26793	6	1
26794	74	1
26795	4	1
26796	73	1
26797	25	1
26798	93	1
26799	84	1
26800	6	1
26801	61	1
26802	35	1
26803	31	1
26804	70	1
26805	0	1
26806	24	1
26807	18	1
26808	6	1
26809	13	1
26810	3	1
26811	6	1
26812	94	1
26813	103	1
26814	70	1
26815	55	1
26816	54	1
26817	18	1
26818	6	1
26819	70	1
26820	92	1
26821	70	1
26822	12	1
26823	12	1
26824	102	1
26825	54	1
26826	79	1
26827	96	1
26828	79	1
26829	111	1
26830	93	1
26831	54	1
26832	79	1
26833	77	1
26834	93	1
26835	34	1
26836	68	1
26837	31	1
26838	70	1
26839	68	1
26840	34	1
26841	30	1
26842	33	1
26843	33	1
26844	6	1
26845	11	1
26846	12	1
26847	60	1
26848	12	1
26849	12	1
26850	31	1
26851	31	1
26852	85	1
26853	68	1
26854	18	1
26855	0	1
26856	6	1
26857	33	1
26858	18	1
26859	6	1
26860	18	1
26861	33	1
26862	6	1
26863	11	1
26864	4	1
26865	4	1
26866	35	1
26867	102	1
26868	66	1
26869	6	1
26870	2	1
26871	4	1
26872	6	1
26873	121	1
26874	111	1
26875	48	1
26876	33	1
26877	3	1
26878	33	1
26879	78	1
26880	93	1
26881	12	1
26882	61	1
26883	33	1
26884	110	1
26885	102	1
26886	34	1
26887	17	1
26888	137	1
26889	4	1
26890	103	1
26891	48	1
26892	6	1
26893	46	1
26894	33	1
26895	26	1
26896	18	1
26897	41	1
26898	17	1
26899	110	1
26900	22	1
26901	4	1
26902	12	1
26903	33	1
26904	30	1
26905	56	1
26906	60	1
26907	98	1
26908	42	1
26909	192	1
26910	87	1
26911	102	1
26912	4	1
26913	60	1
26914	31	1
26915	64	1
26916	7	1
26917	29	1
26918	38	1
26919	5	1
26920	62	1
26921	55	1
26922	36	1
26923	17	1
26924	6	1
26925	4	1
26926	6	1
26927	16	1
26928	1	1
26929	83	1
26930	83	1
26931	45	1
26932	36	1
26933	11	1
26934	84	1
26935	2	1
26936	27	1
26937	76	1
26938	1	1
26939	82	1
26940	92	1
26941	88	1
26942	60	1
26943	44	1
26944	84	1
26945	94	1
26946	53	1
26947	84	1
26948	25	1
26949	93	1
26950	79	1
26951	73	1
26952	33	1
26953	38	1
26954	109	1
26955	36	1
26956	18	1
26957	88	1
26958	92	1
26959	84	1
26960	67	1
26961	82	1
26962	79	1
26963	55	1
26964	4	1
26965	76	1
26966	22	1
26967	53	1
26968	76	1
26969	11	1
26970	6	1
26971	76	1
26972	6	1
26973	55	1
26974	70	1
26975	33	1
26976	0	1
26977	90	1
26978	36	1
26979	49	1
26980	82	1
26981	40	1
26982	31	1
26983	18	1
26984	2	1
26985	34	1
26986	84	1
26987	73	1
26988	54	1
26989	36	1
26990	19	1
26991	92	1
26992	70	1
26993	18	1
26994	35	1
26995	93	1
26996	96	1
26997	55	1
26998	111	1
26999	2	1
27000	49	1
27001	3	1
27002	4	1
27003	93	1
27004	39	1
27005	36	1
27006	17	1
27007	117	1
27008	115	1
27009	52	1
27010	6	1
27011	90	1
27012	12	1
27013	45	1
27014	5	1
27015	54	1
27016	143	1
27017	25	1
27018	49	1
27019	62	1
27020	6	1
27021	73	1
27022	4	1
27023	101	1
27024	53	1
27025	125	1
27026	21	1
27027	31	1
27028	21	1
27029	30	1
27030	12	1
27031	40	1
27032	88	1
27033	23	1
27034	37	1
27035	79	1
27036	2	1
27037	48	1
27038	90	1
27039	5	1
27040	93	1
27041	40	1
27042	93	1
27043	40	1
27044	115	1
27045	74	1
27046	84	1
27047	33	1
27048	84	1
27049	33	1
27050	34	1
27051	34	1
27052	114	1
27053	29	1
27054	77	1
27055	41	1
27056	84	1
27057	17	1
27058	84	1
27059	68	1
27060	22	1
27061	148	1
27062	11	1
27063	84	1
27064	35	1
27065	35	1
27066	35	1
27067	33	1
27068	90	1
27069	102	1
27070	140	1
27071	65	1
27072	45	1
27073	114	1
27074	4	1
27075	44	1
27076	64	1
27077	30	1
27078	82	1
27079	60	1
27080	5	1
27081	70	1
27082	8	1
27083	55	1
27084	115	1
27085	71	1
27086	13	1
27087	41	1
27088	57	1
27089	77	1
27090	127	1
27091	33	1
27092	34	1
27093	12	1
27094	1	1
27095	70	1
27096	83	1
27097	49	1
27098	137	1
27099	135	1
27100	75	1
27101	31	1
27102	110	1
27103	84	1
27104	71	1
27105	45	1
27106	37	1
27107	7	1
27108	96	1
27109	75	1
27110	98	1
27111	68	1
27112	116	1
27113	30	1
27114	19	1
27115	6	1
27116	6	1
27117	70	1
27118	31	1
27119	13	1
27120	36	1
27121	17	1
27122	8	1
27123	16	1
27124	25	1
27125	8	1
27126	8	1
27127	47	1
27128	19	1
27129	55	1
27130	97	1
27131	79	1
27132	17	1
27133	12	1
27134	135	1
27135	36	1
27136	79	1
27137	46	1
27138	139	1
27139	19	1
27140	6	1
27141	6	1
27142	98	1
27143	19	1
27144	55	1
27145	34	1
27146	82	1
27147	150	1
27148	19	1
27149	52	1
27150	106	1
27151	93	1
27152	68	1
27153	30	1
27154	30	1
27155	137	1
27156	35	1
27157	70	1
27158	4	1
27159	34	1
27160	35	1
27161	6	1
27162	19	1
27163	25	1
27164	66	1
27165	6	1
27166	30	1
27167	68	1
27168	115	1
27169	136	1
27170	85	1
27171	1	1
27172	30	1
27173	11	1
27174	20	1
27175	34	1
27176	0	1
27177	0	1
27178	17	1
27179	124	1
27180	6	1
27181	68	1
27182	82	1
27183	60	1
27184	56	1
27185	3	1
27186	74	1
27187	56	1
27188	70	1
27189	6	1
27190	6	1
27191	53	1
27192	77	1
27193	71	1
27194	43	1
27195	6	1
27196	6	1
27197	103	1
27198	130	1
27199	55	1
27200	49	1
27201	96	1
27202	114	1
27203	47	1
27204	83	1
27205	35	1
27206	7	1
27207	4	1
27208	4	1
27209	4	1
27210	106	1
27211	49	1
27212	7	1
27213	138	1
27214	30	1
27215	103	1
27216	98	1
27217	29	1
27218	19	1
27219	3	1
27220	8	1
27221	6	1
27222	49	1
27223	56	1
27224	66	1
27225	148	1
27226	52	1
27227	35	1
27228	4	1
27229	49	1
27230	98	1
27231	4	1
27232	4	1
27233	93	1
27234	54	1
27235	66	1
27236	96	1
27237	53	1
27238	131	1
27239	4	1
27240	4	1
27241	19	1
27242	35	1
27243	93	1
27244	33	1
27245	117	1
27246	56	1
27247	56	1
27248	55	1
27249	121	1
27250	21	1
27251	9	1
27252	70	1
27253	34	1
27254	56	1
27255	4	1
27256	2	1
27257	53	1
27258	39	1
27259	4	1
27260	4	1
27261	33	1
27262	34	1
27263	8	1
27264	110	1
27265	4	1
27266	98	1
27267	4	1
27268	4	1
27269	4	1
27270	38	1
27271	74	1
27272	45	1
27273	47	1
27274	4	1
27275	103	1
27276	57	1
27277	121	1
27278	4	1
27279	6	1
27280	39	1
27281	29	1
27282	98	1
27283	4	1
27284	48	1
27285	88	1
27286	6	1
27287	121	1
27288	74	1
27289	37	1
27290	16	1
27291	4	1
27292	78	1
27293	98	1
27294	4	1
27295	4	1
27296	70	1
27297	4	1
27298	63	1
27299	6	1
27300	52	1
27301	40	1
27302	6	1
27303	1	1
27304	6	1
27305	174	1
27306	70	1
27307	27	1
27308	72	1
27309	36	1
27310	72	1
27311	140	1
27312	27	1
27313	118	1
27314	78	1
27315	118	1
27316	137	1
27317	109	1
27318	2	1
27319	93	1
27320	25	1
27321	2	1
27322	32	1
27323	19	1
27324	30	1
27325	46	1
27326	71	1
27327	62	1
27328	79	1
27329	6	1
27330	6	1
27331	6	1
27332	6	1
27333	6	1
27334	6	1
27335	151	1
27336	34	1
27337	6	1
27338	56	1
27339	56	1
27340	43	1
27341	39	1
27342	46	1
27343	98	1
27344	19	1
27345	139	1
27346	68	1
27347	63	1
27348	30	1
27349	46	1
27350	77	1
27351	4	1
27352	98	1
27353	17	1
27354	6	1
27355	5	1
27356	6	1
27357	13	1
27358	39	1
27359	31	1
27360	11	1
27361	43	1
27362	81	1
27363	31	1
27364	85	1
27365	3	1
27366	18	1
27367	93	1
27368	6	1
27369	17	1
27370	68	1
27371	114	1
27372	23	1
27373	60	1
27374	2	1
27375	4	1
27376	68	1
27377	73	1
27378	88	1
27379	73	1
27380	1	1
27381	2	1
27382	12	1
27383	36	1
27384	38	1
27385	24	1
27386	6	1
27387	55	1
27388	110	1
27389	79	1
27390	35	1
27391	38	1
27392	6	1
27393	1	1
27394	22	1
27395	4	1
27396	4	1
27397	46	1
27398	121	1
27399	45	1
27400	11	1
27401	6	1
27402	27	1
27403	8	1
27404	96	1
27405	3	1
27406	102	1
27407	15	1
27408	73	1
27409	6	1
27410	6	1
27411	11	1
27412	27	1
27413	8	1
27414	27	1
27415	3	1
27416	56	1
27417	56	1
27418	6	1
27419	34	1
27420	55	1
27421	133	1
27422	75	1
27423	6	1
27424	36	1
27425	54	1
27426	36	1
27427	96	1
27428	35	1
27429	13	1
27430	103	1
27431	81	1
27432	84	1
27433	12	1
27434	84	1
27435	6	1
27436	13	1
27437	98	1
27438	17	1
27439	49	1
27440	6	1
27441	83	1
27442	70	1
27443	6	1
27444	6	1
27445	6	1
27446	6	1
27447	6	1
27448	4	1
27449	11	1
27450	6	1
27451	82	1
27452	11	1
27453	11	1
27454	31	1
27455	11	1
27456	33	1
27457	34	1
27458	60	1
27459	6	1
27460	46	1
27461	70	1
27462	49	1
27463	33	1
27464	33	1
27465	83	1
27466	125	1
27467	83	1
27468	46	1
27469	33	1
27470	94	1
27471	103	1
27472	84	1
27473	41	1
27474	66	1
27475	4	1
27476	18	1
27477	38	1
27478	98	1
27479	11	1
27480	6	1
27481	6	1
27482	6	1
27483	6	1
27484	26	1
27485	18	1
27486	70	1
27487	70	1
27488	6	1
27489	70	1
27490	94	1
27491	193	1
27492	88	1
27493	79	1
27494	183	1
27495	6	1
27496	1	1
27497	75	1
27498	56	1
27499	0	1
27500	12	1
27501	56	1
27502	77	1
27503	93	1
27504	96	1
27505	77	1
27506	67	1
27507	156	1
27508	61	1
27509	34	1
27510	6	1
27511	29	1
27512	1	1
27513	61	1
27514	29	1
27515	93	1
27516	29	1
27517	61	1
27518	12	1
27519	31	1
27520	6	1
27521	33	1
27522	66	1
27523	92	1
27524	12	1
27525	4	1
27526	78	1
27527	33	1
27528	62	1
27529	18	1
27530	6	1
27531	18	1
27532	12	1
27533	4	1
27534	18	1
27535	33	1
27536	19	1
27537	6	1
27538	68	1
27539	8	1
27540	0	1
27541	18	1
27542	46	1
27543	4	1
27544	93	1
27545	6	1
27546	33	1
27547	7	1
27548	74	1
27549	110	1
27550	33	1
27551	6	1
27552	6	1
27553	6	1
27554	6	1
27555	46	1
27556	46	1
27557	46	1
27558	93	1
27559	49	1
27560	56	1
27561	3	1
27562	84	1
27563	12	1
27564	42	1
27565	18	1
27566	38	1
27567	11	1
27568	30	1
27569	33	1
27570	37	1
27571	4	1
27572	12	1
27573	36	1
27574	4	1
27575	18	1
27576	23	1
27577	24	1
27578	46	1
27579	60	1
27580	102	1
27581	102	1
27582	61	1
27583	7	1
27584	34	1
27585	11	1
27586	38	1
27587	24	1
27588	29	1
27589	102	1
27590	11	1
27591	121	1
27592	13	1
27593	3	1
27594	47	1
27595	84	1
27596	130	1
27597	93	1
27598	31	1
27599	85	1
27600	54	1
27601	70	1
27602	6	1
27603	68	1
27604	6	1
27605	93	1
27606	84	1
27607	68	1
27608	83	1
27609	90	1
27610	84	1
27611	29	1
27612	90	1
27613	102	1
27614	77	1
27615	97	1
27616	96	1
27617	61	1
27618	144	1
27619	6	1
27620	84	1
27621	68	1
27622	35	1
27623	76	1
27624	74	1
27625	23	1
27626	74	1
27627	76	1
27628	92	1
27629	56	1
27630	16	1
27631	5	1
27632	87	1
27633	60	1
27634	137	1
27635	74	1
27636	31	1
27637	25	1
27638	8	1
27639	5	1
27640	25	1
27641	90	1
27642	90	1
27643	22	1
27644	6	1
27645	82	1
27646	109	1
27647	5	1
27648	88	1
27649	4	1
27650	117	1
27651	70	1
27652	98	1
27653	33	1
27654	45	1
27655	52	1
27656	76	1
27657	21	1
27658	6	1
27659	6	1
27660	79	1
27661	54	1
27662	35	1
27663	25	1
27664	77	1
27665	11	1
27666	27	1
27667	6	1
27668	76	1
27669	31	1
27670	115	1
27671	45	1
27672	54	1
27673	8	1
27674	6	1
27675	93	1
27676	59	1
27677	54	1
27678	68	1
27679	18	1
27680	35	1
27681	150	1
27682	102	1
27683	139	1
27684	2	1
27685	117	1
27686	8	1
27687	60	1
27688	37	1
27689	11	1
27690	74	1
27691	68	1
27692	31	1
27693	12	1
27694	41	1
27695	85	1
27696	68	1
27697	11	1
27698	191	1
27699	41	1
27700	103	1
27701	46	1
27702	35	1
27703	127	1
27704	4	1
27705	4	1
27706	45	1
27707	84	1
27708	22	1
27709	30	1
27710	118	1
27711	127	1
27712	92	1
27713	84	1
27714	57	1
27715	90	1
27716	65	1
27717	93	1
27718	41	1
27719	114	1
27720	2	1
27721	103	1
27722	121	1
27723	54	1
27724	103	1
27725	55	1
27726	55	1
27727	106	1
27728	25	1
27729	93	1
27730	29	1
27731	103	1
27732	96	1
27733	27	1
27734	56	1
27735	70	1
27736	19	1
27737	79	1
27738	6	1
27739	110	1
27740	27	1
27741	21	1
27742	11	1
27743	56	1
27744	12	1
27745	93	1
27746	31	1
27747	85	1
27748	17	1
27749	75	1
27750	3	1
27751	46	1
27752	33	1
27753	33	1
27754	70	1
27755	114	1
27756	8	1
27757	84	1
27758	137	1
27759	0	1
27760	8	1
27761	70	1
27762	96	1
27763	12	1
27764	11	1
27765	70	1
27766	31	1
27767	82	1
27768	84	1
27769	55	1
27770	68	1
27771	74	1
27772	139	1
27773	6	1
27774	84	1
27775	84	1
27776	12	1
27777	84	1
27778	6	1
27779	8	1
27780	4	1
27781	12	1
27782	83	1
27783	16	1
27784	1	1
27785	54	1
27786	97	1
27787	12	1
27788	63	1
27789	54	1
27790	1	1
27791	4	1
27792	96	1
27793	93	1
27794	96	1
27795	21	1
27796	68	1
27797	71	1
27798	27	1
27799	93	1
27800	55	1
27801	21	1
27802	2	1
27803	11	1
27804	54	1
27805	18	1
27806	56	1
27807	4	1
27808	16	1
27809	85	1
27810	70	1
27811	4	1
27812	34	1
27813	53	1
27814	103	1
27815	4	1
27816	18	1
27817	98	1
27818	12	1
27819	12	1
27820	45	1
27821	6	1
27822	49	1
27823	56	1
27824	56	1
27825	43	1
27826	136	1
27827	62	1
27828	25	1
27829	6	1
27830	30	1
27831	67	1
27832	33	1
27833	106	1
27834	11	1
27835	19	1
27836	66	1
27837	72	1
27838	6	1
27839	6	1
27840	60	1
27841	17	1
27842	6	1
27843	109	1
27844	1	1
27845	74	1
27846	6	1
27847	19	1
27848	7	1
27849	6	1
27850	7	1
27851	19	1
27852	135	1
27853	97	1
27854	66	1
27855	30	1
27856	98	1
27857	1	1
27858	6	1
27859	151	1
27860	55	1
27861	66	1
27862	42	1
27863	30	1
27864	30	1
27865	6	1
27866	16	1
27867	6	1
27868	6	1
27869	6	1
27870	22	1
27871	6	1
27872	73	1
27873	68	1
27874	100	1
27875	21	1
27876	73	1
27877	122	1
27878	138	1
27879	172	1
27880	39	1
27881	88	1
27882	4	1
27883	85	1
27884	135	1
27885	22	1
27886	33	1
27887	39	1
27888	4	1
27889	139	1
27890	121	1
27891	6	1
27892	4	1
27893	19	1
27894	140	1
27895	74	1
27896	110	1
27897	16	1
27898	117	1
27899	52	1
27900	106	1
27901	103	1
27902	8	1
27903	33	1
27904	29	1
27905	56	1
27906	3	1
27907	70	1
27908	2	1
27909	57	1
27910	30	1
27911	121	1
27912	61	1
27913	158	1
27914	74	1
27915	30	1
27916	29	1
27917	127	1
27918	4	1
27919	139	1
27920	30	1
27921	61	1
27922	139	1
27923	63	1
27924	30	1
27925	135	1
27926	4	1
27927	22	1
27928	41	1
27929	33	1
27930	4	1
27931	135	1
27932	6	1
27933	39	1
27934	4	1
27935	34	1
27936	37	1
27937	98	1
27938	0	1
27939	6	1
27940	84	1
27941	48	1
27942	2	1
27943	25	1
27944	11	1
27945	81	1
27946	6	1
27947	37	1
27948	118	1
27949	31	1
27950	38	1
27951	69	1
27952	60	1
27953	88	1
27954	53	1
27955	156	1
27956	125	1
27957	41	1
27958	118	1
27959	6	1
27960	118	1
27961	7	1
27962	41	1
27963	41	1
27964	172	1
27965	19	1
27966	151	1
27967	5	1
27968	34	1
27969	172	1
27970	12	1
27971	6	1
27972	11	1
27973	41	1
27974	41	1
27975	64	1
27976	47	1
27977	47	1
27978	103	1
27979	6	1
27980	98	1
27981	121	1
27982	17	1
27983	11	1
27984	121	1
27985	22	1
27986	1	1
27987	11	1
27988	125	1
27989	9	1
27990	11	1
27991	11	1
27992	39	1
27993	11	1
27994	11	1
27995	35	1
27996	45	1
27997	103	1
27998	8	1
27999	11	1
28000	29	1
28001	46	1
28002	68	1
28003	74	1
28004	12	1
28005	25	1
28006	72	1
28007	1	1
28008	1	1
28009	43	1
28010	44	1
28011	45	1
28012	94	1
28013	6	1
28014	60	1
28015	1	1
28016	3	1
28017	84	1
28018	41	1
28019	8	1
28020	60	1
28021	54	1
28022	4	1
28023	4	1
28024	96	1
28025	54	1
28026	30	1
28027	4	1
28028	137	1
28029	18	1
28030	1	1
28031	22	1
28032	62	1
28033	70	1
28034	34	1
28035	39	1
28036	74	1
28037	46	1
28038	6	1
28039	3	1
28040	35	1
28041	11	1
28042	8	1
28043	96	1
28044	118	1
28045	56	1
28046	34	1
28047	118	1
28048	4	1
28049	172	1
28050	48	1
28051	34	1
28052	71	1
28053	96	1
28054	34	1
28055	158	1
28056	33	1
28057	151	1
28058	104	1
28059	35	1
28060	93	1
28061	83	1
28062	84	1
28063	46	1
28064	34	1
28065	84	1
28066	12	1
28067	74	1
28068	18	1
28069	2	1
28070	103	1
28071	6	1
28072	98	1
28073	52	1
28074	65	1
28075	6	1
28076	88	1
28077	78	1
28078	17	1
28079	55	1
28080	12	1
28081	8	1
28082	82	1
28083	52	1
28084	53	1
28085	83	1
28086	11	1
28087	82	1
28088	44	1
28089	82	1
28090	31	1
28091	6	1
28092	68	1
28093	6	1
28094	103	1
28095	104	1
28096	33	1
28097	82	1
28098	104	1
28099	23	1
28100	6	1
28101	84	1
28102	29	1
28103	84	1
28104	98	1
28105	135	1
28106	6	1
28107	84	1
28108	84	1
28109	137	1
28110	123	1
28111	40	1
28112	84	1
28113	104	1
28114	64	1
28115	46	1
28116	6	1
28117	6	1
28118	6	1
28119	70	1
28120	94	1
28121	94	1
28122	6	1
28123	94	1
28124	6	1
28125	124	1
28126	70	1
28127	54	1
28128	19	1
28129	61	1
28130	6	1
28131	0	1
28132	117	1
28133	40	1
28134	33	1
28135	45	1
28136	54	1
28137	79	1
28138	79	1
28139	111	1
28140	111	1
28141	79	1
28142	30	1
28143	11	1
28144	84	1
28145	40	1
28146	181	1
28147	12	1
28148	61	1
28149	68	1
28150	46	1
28151	22	1
28152	46	1
28153	3	1
28154	17	1
28155	18	1
28156	44	1
28157	6	1
28158	33	1
28159	46	1
28160	61	1
28161	17	1
28162	55	1
28163	9	1
28164	26	1
28165	110	1
28166	41	1
28167	6	1
28168	27	1
28169	33	1
28170	33	1
28171	33	1
28172	0	1
28173	6	1
28174	27	1
28175	56	1
28176	33	1
28177	98	1
28178	6	1
28179	12	1
28180	6	1
28181	68	1
28182	18	1
28183	92	1
28184	66	1
28185	139	1
28186	0	1
28187	11	1
28188	6	1
28189	121	1
28190	70	1
28191	102	1
28192	6	1
28193	18	1
28194	0	1
28195	6	1
28196	33	1
28197	68	1
28198	46	1
28199	46	1
28200	63	1
28201	93	1
28202	33	1
28203	3	1
28204	36	1
28205	36	1
28206	22	1
28207	54	1
28208	31	1
28209	58	1
28210	57	1
28211	11	1
28212	38	1
28213	66	1
28214	6	1
28215	29	1
28216	1	1
28217	11	1
28218	38	1
28219	3	1
28220	74	1
28221	105	1
28222	16	1
28223	38	1
28224	75	1
28225	29	1
28226	31	1
28227	1	1
28228	11	1
28229	84	1
28230	56	1
28231	31	1
28232	60	1
28233	92	1
28234	49	1
28235	92	1
28236	40	1
28237	137	1
28238	3	1
28239	74	1
28240	57	1
28241	4	1
28242	4	1
28243	27	1
28244	84	1
28245	13	1
28246	81	1
28247	137	1
28248	18	1
28249	103	1
28250	6	1
28251	18	1
28252	11	1
28253	56	1
28254	56	1
28255	90	1
28256	32	1
28257	36	1
28258	54	1
28259	70	1
28260	45	1
28261	4	1
28262	11	1
28263	70	1
28264	37	1
28265	21	1
28266	54	1
28267	88	1
28268	60	1
28269	84	1
28270	83	1
28271	76	1
28272	111	1
28273	13	1
28274	33	1
28275	31	1
28276	85	1
28277	40	1
28278	4	1
28279	54	1
28280	6	1
28281	27	1
28282	1	1
28283	96	1
28284	88	1
28285	93	1
28286	29	1
28287	78	1
28288	31	1
28289	25	1
28290	17	1
28291	4	1
28292	6	1
28293	4	1
28294	32	1
28295	31	1
28296	30	1
28297	31	1
28298	121	1
28299	13	1
28300	57	1
28301	83	1
28302	96	1
28303	26	1
28304	158	1
28305	84	1
28306	44	1
28307	41	1
28308	41	1
28309	34	1
28310	4	1
28311	84	1
28312	68	1
28313	165	1
28314	68	1
28315	95	1
28316	158	1
28317	118	1
28318	8	1
28319	5	1
28320	74	1
28321	33	1
28322	34	1
28323	30	1
28324	68	1
28325	40	1
28326	84	1
28327	87	1
28328	114	1
28329	60	1
28330	60	1
28331	150	1
28332	4	1
28333	2	1
28334	3	1
28335	8	1
28336	19	1
28337	27	1
28338	6	1
28339	22	1
28340	93	1
28341	106	1
28342	114	1
28343	6	1
28344	18	1
28345	89	1
28346	84	1
28347	90	1
28348	12	1
28349	84	1
28350	17	1
28351	13	1
28352	33	1
28353	84	1
28354	115	1
28355	70	1
28356	30	1
28357	0	1
28358	84	1
28359	19	1
28360	55	1
28361	3	1
28362	65	1
28363	68	1
28364	83	1
28365	18	1
28366	139	1
28367	6	1
28368	12	1
28369	135	1
28370	12	1
28371	97	1
28372	79	1
28373	6	1
28374	55	1
28375	68	1
28376	2	1
28377	4	1
28378	11	1
28379	101	1
28380	37	1
28381	84	1
28382	0	1
28383	135	1
28384	103	1
28385	141	1
28386	103	1
28387	42	1
28388	25	1
28389	27	1
28390	6	1
28391	62	1
28392	75	1
28393	19	1
28394	82	1
28395	25	1
28396	97	1
28397	2	1
28398	4	1
28399	29	1
28400	6	1
28401	35	1
28402	4	1
28403	31	1
28404	11	1
28405	4	1
28406	35	1
28407	18	1
28408	18	1
28409	6	1
28410	6	1
28411	52	1
28412	68	1
28413	71	1
28414	41	1
28415	74	1
28416	118	1
28417	39	1
28418	118	1
28419	6	1
28420	3	1
28421	6	1
28422	54	1
28423	6	1
28424	6	1
28425	17	1
28426	6	1
28427	6	1
28428	74	1
28429	11	1
28430	17	1
28431	135	1
28432	29	1
28433	19	1
28434	25	1
28435	25	1
28436	37	1
28437	37	1
28438	35	1
28439	13	1
28440	6	1
28441	11	1
28442	6	1
28443	30	1
28444	6	1
28445	29	1
28446	98	1
28447	85	1
28448	30	1
28449	30	1
28450	93	1
28451	36	1
28452	56	1
28453	66	1
28454	34	1
28455	34	1
28456	138	1
28457	139	1
28458	140	1
28459	122	1
28460	39	1
28461	6	1
28462	2	1
28463	13	1
28464	65	1
28465	73	1
28466	75	1
28467	33	1
28468	22	1
28469	4	1
28470	29	1
28471	56	1
28472	52	1
28473	6	1
28474	1	1
28475	1	1
28476	68	1
28477	41	1
28478	41	1
28479	2	1
28480	61	1
28481	30	1
28482	33	1
28483	121	1
28484	4	1
28485	139	1
28486	4	1
28487	55	1
28488	79	1
28489	63	1
28490	93	1
28491	45	1
28492	61	1
28493	37	1
28494	136	1
28495	103	1
28496	121	1
28497	139	1
28498	41	1
28499	103	1
28500	48	1
28501	103	1
28502	103	1
28503	56	1
28504	30	1
28505	137	1
28506	109	1
28507	84	1
28508	19	1
28509	4	1
28510	18	1
28511	4	1
28512	84	1
28513	41	1
28514	103	1
28515	4	1
28516	110	1
28517	6	1
28518	43	1
28519	31	1
28520	115	1
28521	31	1
28522	34	1
28523	61	1
28524	70	1
28525	22	1
28526	6	1
28527	0	1
28528	0	1
28529	85	1
28530	63	1
28531	87	1
28532	25	1
28533	6	1
28534	0	1
28535	146	1
28536	34	1
28537	151	1
28538	33	1
28539	33	1
28540	33	1
28541	124	1
28542	1	1
28543	52	1
28544	34	1
28545	18	1
28546	43	1
28547	22	1
28548	31	1
28549	19	1
28550	88	1
28551	19	1
28552	19	1
28553	19	1
28554	12	1
28555	103	1
28556	6	1
28557	56	1
28558	4	1
28559	62	1
28560	19	1
28561	6	1
28562	8	1
28563	8	1
28564	8	1
28565	46	1
28566	2	1
28567	77	1
28568	158	1
28569	46	1
28570	103	1
28571	30	1
28572	17	1
28573	6	1
28574	6	1
28575	11	1
28576	42	1
28577	11	1
28578	127	1
28579	17	1
28580	137	1
28581	6	1
28582	44	1
28583	46	1
28584	98	1
28585	93	1
28586	110	1
28587	114	1
28588	76	1
28589	92	1
28590	68	1
28591	74	1
28592	139	1
28593	74	1
28594	85	1
28595	38	1
28596	43	1
28597	68	1
28598	37	1
28599	60	1
28600	12	1
28601	54	1
28602	79	1
28603	139	1
28604	8	1
28605	48	1
28606	139	1
28607	2	1
28608	103	1
28609	110	1
28610	63	1
28611	62	1
28612	7	1
28613	18	1
28614	34	1
28615	98	1
28616	0	1
28617	72	1
28618	34	1
28619	45	1
28620	110	1
28621	55	1
28622	93	1
28623	74	1
28624	47	1
28625	2	1
28626	27	1
28627	43	1
28628	77	1
28629	34	1
28630	11	1
28631	38	1
28632	52	1
28633	93	1
28634	118	1
28635	56	1
28636	6	1
28637	104	1
28638	82	1
28639	75	1
28640	46	1
28641	136	1
28642	2	1
28643	18	1
28644	45	1
28645	12	1
28646	61	1
28647	33	1
28648	33	1
28649	0	1
28650	14	1
28651	70	1
28652	103	1
28653	83	1
28654	4	1
28655	87	1
28656	6	1
28657	6	1
28658	70	1
28659	127	1
28660	11	1
28661	75	1
28662	11	1
28663	88	1
28664	93	1
28665	84	1
28666	4	1
28667	84	1
28668	26	1
28669	135	1
28670	75	1
28671	83	1
28672	34	1
28673	65	1
28674	34	1
28675	31	1
28676	38	1
28677	87	1
28678	33	1
28679	33	1
28680	33	1
28681	83	1
28682	18	1
28683	66	1
28684	151	1
28685	104	1
28686	25	1
28687	82	1
28688	115	1
28689	84	1
28690	84	1
28691	30	1
28692	11	1
28693	135	1
28694	12	1
28695	103	1
28696	70	1
28697	94	1
28698	6	1
28699	35	1
28700	6	1
28701	96	1
28702	35	1
28703	49	1
28704	70	1
28705	0	1
28706	12	1
28707	88	1
28708	47	1
28709	79	1
28710	28	1
28711	88	1
28712	12	1
28713	181	1
28714	12	1
28715	110	1
28716	66	1
28717	18	1
28718	6	1
28719	19	1
28720	78	1
28721	93	1
28722	33	1
28723	33	1
28724	6	1
28725	94	1
28726	30	1
28727	18	1
28728	4	1
28729	6	1
28730	6	1
28731	18	1
28732	93	1
28733	102	1
28734	96	1
28735	6	1
28736	18	1
28737	33	1
28738	82	1
28739	56	1
28740	30	1
28741	31	1
28742	6	1
28743	18	1
28744	19	1
28745	6	1
28746	18	1
28747	33	1
28748	4	1
28749	46	1
28750	61	1
28751	82	1
28752	84	1
28753	35	1
28754	33	1
28755	36	1
28756	17	1
28757	41	1
28758	23	1
28759	38	1
28760	13	1
28761	4	1
28762	84	1
28763	84	1
28764	2	1
28765	68	1
28766	40	1
28767	68	1
28768	7	1
28769	6	1
28770	11	1
28771	36	1
28772	30	1
28773	98	1
28774	36	1
28775	47	1
28776	11	1
28777	68	1
28778	45	1
28779	83	1
28780	4	1
28781	42	1
28782	11	1
28783	31	1
28784	83	1
28785	68	1
28786	18	1
28787	68	1
28788	68	1
28789	31	1
28790	3	1
28791	84	1
28792	48	1
28793	29	1
28794	4	1
28795	101	1
28796	101	1
28797	29	1
28798	76	1
28799	13	1
28800	144	1
28801	11	1
28802	54	1
28803	114	1
28804	6	1
28805	26	1
28806	12	1
28807	11	1
28808	83	1
28809	6	1
28810	40	1
28811	48	1
28812	31	1
28813	6	1
28814	48	1
28815	71	1
28816	82	1
28817	67	1
28818	88	1
28819	60	1
28820	101	1
28821	60	1
28822	36	1
28823	90	1
28824	38	1
28825	60	1
28826	29	1
28827	27	1
28828	3	1
28829	41	1
28830	6	1
28831	117	1
28832	82	1
28833	79	1
28834	13	1
28835	2	1
28836	4	1
28837	18	1
28838	11	1
28839	64	1
28840	6	1
28841	82	1
28842	46	1
28843	2	1
28844	103	1
28845	70	1
28846	139	1
28847	39	1
28848	6	1
28849	85	1
28850	11	1
28851	17	1
28852	54	1
28853	30	1
28854	54	1
28855	6	1
28856	117	1
28857	6	1
28858	54	1
28859	115	1
28860	102	1
28861	34	1
28862	49	1
28863	53	1
28864	143	1
28865	29	1
28866	2	1
28867	46	1
28868	73	1
28869	60	1
28870	19	1
28871	84	1
28872	84	1
28873	83	1
28874	106	1
28875	88	1
28876	64	1
28877	83	1
28878	37	1
28879	40	1
28880	83	1
28881	12	1
28882	68	1
28883	27	1
28884	39	1
28885	66	1
28886	14	1
28887	93	1
28888	114	1
28889	114	1
28890	85	1
28891	68	1
28892	72	1
28893	42	1
28894	102	1
28895	83	1
28896	140	1
28897	114	1
28898	115	1
28899	26	1
28900	84	1
28901	68	1
28902	121	1
28903	85	1
28904	117	1
28905	13	1
28906	6	1
28907	64	1
28908	33	1
28909	17	1
28910	85	1
28911	27	1
28912	56	1
28913	83	1
28914	4	1
28915	6	1
28916	46	1
28917	114	1
28918	45	1
28919	31	1
28920	0	1
28921	41	1
28922	103	1
28923	0	1
28924	37	1
28925	46	1
28926	93	1
28927	0	1
28928	82	1
28929	19	1
28930	82	1
28931	85	1
28932	22	1
28933	49	1
28934	12	1
28935	6	1
28936	52	1
28937	79	1
28938	79	1
28939	30	1
28940	1	1
28941	25	1
28942	141	1
28943	103	1
28944	31	1
28945	70	1
28946	41	1
28947	36	1
28948	19	1
28949	19	1
28950	56	1
28951	93	1
28952	64	1
28953	6	1
28954	2	1
28955	54	1
28956	68	1
28957	115	1
28958	115	1
28959	4	1
28960	4	1
28961	35	1
28962	12	1
28963	61	1
28964	135	1
28965	54	1
28966	18	1
28967	18	1
28968	106	1
28969	68	1
28970	98	1
28971	67	1
28972	6	1
28973	54	1
28974	84	1
28975	84	1
28976	30	1
28977	6	1
28978	18	1
28979	93	1
28980	38	1
28981	148	1
28982	131	1
28983	12	1
28984	0	1
28985	137	1
28986	39	1
28987	93	1
28988	93	1
28989	3	1
28990	31	1
28991	79	1
28992	90	1
28993	6	1
28994	17	1
28995	30	1
28996	6	1
28997	55	1
28998	61	1
28999	6	1
29000	4	1
29001	59	1
29002	3	1
29003	93	1
29004	0	1
29005	137	1
29006	6	1
29007	6	1
29008	6	1
29009	138	1
29010	6	1
29011	46	1
29012	3	1
29013	19	1
29014	8	1
29015	137	1
29016	79	1
29017	100	1
29018	93	1
29019	30	1
29020	19	1
29021	19	1
29022	6	1
29023	68	1
29024	21	1
29025	2	1
29026	19	1
29027	96	1
29028	37	1
29029	85	1
29030	70	1
29031	12	1
29032	74	1
29033	4	1
29034	110	1
29035	118	1
29036	103	1
29037	52	1
29038	6	1
29039	110	1
29040	29	1
29041	56	1
29042	57	1
29043	56	1
29044	139	1
29045	19	1
29046	5	1
29047	56	1
29048	139	1
29049	45	1
29050	34	1
29051	55	1
29052	53	1
29053	53	1
29054	27	1
29055	34	1
29056	4	1
29057	27	1
29058	118	1
29059	19	1
29060	70	1
29061	17	1
29062	84	1
29063	104	1
29064	70	1
29065	4	1
29066	4	1
29067	12	1
29068	11	1
29069	31	1
29070	118	1
29071	118	1
29072	121	1
29073	121	1
29074	70	1
29075	16	1
29076	77	1
29077	165	1
29078	27	1
29079	6	1
29080	124	1
29081	46	1
29082	66	1
29083	98	1
29084	17	1
29085	124	1
29086	33	1
29087	38	1
29088	30	1
29089	33	1
29090	104	1
29091	94	1
29092	139	1
29093	79	1
29094	32	1
29095	116	1
29096	6	1
29097	2	1
29098	6	1
29099	3	1
29100	6	1
29101	41	1
29102	93	1
29103	64	1
29104	19	1
29105	55	1
29106	98	1
29107	1	1
29108	11	1
29109	46	1
29110	39	1
29111	39	1
29112	77	1
29113	17	1
29114	139	1
29115	6	1
29116	11	1
29117	66	1
29118	11	1
29119	0	1
29120	77	1
29121	43	1
29122	27	1
29123	19	1
29124	16	1
29125	83	1
29126	61	1
29127	73	1
29128	2	1
29129	88	1
29130	106	1
29131	60	1
29132	13	1
29133	1	1
29134	7	1
29135	1	1
29136	71	1
29137	84	1
29138	8	1
29139	49	1
29140	43	1
29141	110	1
29142	45	1
29143	93	1
29144	8	1
29145	96	1
29146	38	1
29147	16	1
29148	6	1
29149	68	1
29150	55	1
29151	34	1
29152	46	1
29153	46	1
29154	60	1
29155	17	1
29156	34	1
29157	33	1
29158	61	1
29159	27	1
29160	103	1
29161	30	1
29162	85	1
29163	6	1
29164	158	1
29165	33	1
29166	75	1
29167	136	1
29168	34	1
29169	3	1
29170	19	1
29171	70	1
29172	2	1
29173	18	1
29174	30	1
29175	33	1
29176	13	1
29177	34	1
29178	43	1
29179	103	1
29180	81	1
29181	6	1
29182	93	1
29183	4	1
29184	6	1
29185	55	1
29186	39	1
29187	4	1
29188	60	1
29189	61	1
29190	35	1
29191	11	1
29192	82	1
29193	2	1
29194	47	1
29195	115	1
29196	103	1
29197	35	1
29198	103	1
29199	73	1
29200	46	1
29201	31	1
29202	125	1
29203	41	1
29204	102	1
29205	13	1
29206	17	1
29207	11	1
29208	98	1
29209	6	1
29210	33	1
29211	72	1
29212	135	1
29213	55	1
29214	41	1
29215	88	1
29216	1	1
29217	6	1
29218	6	1
29219	19	1
29220	121	1
29221	6	1
29222	11	1
29223	6	1
29224	12	1
29225	82	1
29226	103	1
29227	46	1
29228	18	1
29229	6	1
29230	17	1
29231	6	1
29232	6	1
29233	6	1
29234	25	1
29235	70	1
29236	6	1
29237	33	1
29238	43	1
29239	82	1
29240	36	1
29241	70	1
29242	13	1
29243	92	1
29244	12	1
29245	79	1
29246	79	1
29247	93	1
29248	93	1
29249	121	1
29250	24	1
29251	34	1
29252	68	1
29253	27	1
29254	129	1
29255	34	1
29256	55	1
29257	10	1
29258	74	1
29259	19	1
29260	84	1
29261	85	1
29262	4	1
29263	29	1
29264	6	1
29265	6	1
29266	33	1
29267	33	1
29268	33	1
29269	33	1
29270	6	1
29271	56	1
29272	92	1
29273	18	1
29274	6	1
29275	66	1
29276	4	1
29277	6	1
29278	33	1
29279	18	1
29280	55	1
29281	45	1
29282	0	1
29283	33	1
29284	85	1
29285	110	1
29286	18	1
29287	33	1
29288	30	1
29289	92	1
29290	33	1
29291	33	1
29292	12	1
29293	0	1
29294	33	1
29295	18	1
29296	33	1
29297	17	1
29298	110	1
29299	38	1
29300	110	1
29301	58	1
29302	84	1
29303	11	1
29304	56	1
29305	97	1
29306	47	1
29307	71	1
29308	68	1
29309	5	1
29310	31	1
29311	78	1
29312	29	1
29313	38	1
29314	6	1
29315	131	1
29316	131	1
29317	4	1
29318	84	1
29319	82	1
29320	38	1
29321	45	1
29322	35	1
29323	33	1
29324	96	1
29325	68	1
29326	40	1
29327	6	1
29328	40	1
29329	31	1
29330	84	1
29331	68	1
29332	84	1
29333	97	1
29334	56	1
29335	76	1
29336	34	1
29337	54	1
29338	5	1
29339	42	1
29340	40	1
29341	82	1
29342	11	1
29343	84	1
29344	58	1
29345	60	1
29346	11	1
29347	30	1
29348	50	1
29349	12	1
29350	54	1
29351	139	1
29352	13	1
29353	74	1
29354	54	1
29355	41	1
29356	38	1
29357	4	1
29358	38	1
29359	6	1
29360	84	1
29361	31	1
29362	6	1
29363	83	1
29364	61	1
29365	70	1
29366	36	1
29367	54	1
29368	11	1
29369	6	1
29370	24	1
29371	22	1
29372	121	1
29373	61	1
29374	22	1
29375	39	1
29376	70	1
29377	2	1
29378	125	1
29379	68	1
29380	12	1
29381	12	1
29382	61	1
29383	30	1
29384	6	1
29385	71	1
29386	93	1
29387	5	1
29388	77	1
29389	139	1
29390	139	1
29391	106	1
29392	45	1
29393	22	1
29394	7	1
29395	6	1
29396	72	1
29397	73	1
29398	12	1
29399	8	1
29400	4	1
29401	92	1
29402	25	1
29403	30	1
29404	129	1
29405	117	1
29406	26	1
29407	55	1
29408	6	1
29409	55	1
29410	76	1
29411	83	1
29412	17	1
29413	83	1
29414	38	1
29415	33	1
29416	92	1
29417	47	1
29418	19	1
29419	90	1
29420	33	1
29421	70	1
29422	17	1
29423	92	1
29424	148	1
29425	100	1
29426	98	1
29427	30	1
29428	72	1
29429	158	1
29430	68	1
29431	92	1
29432	135	1
29433	114	1
29434	84	1
29435	121	1
29436	0	1
29437	121	1
29438	79	1
29439	93	1
29440	4	1
29441	55	1
29442	8	1
29443	30	1
29444	41	1
29445	117	1
29446	70	1
29447	75	1
29448	76	1
29449	114	1
29450	114	1
29451	38	1
29452	34	1
29453	34	1
29454	34	1
29455	17	1
29456	84	1
29457	45	1
29458	84	1
29459	114	1
29460	84	1
29461	137	1
29462	27	1
29463	27	1
29464	27	1
29465	6	1
29466	31	1
29467	118	1
29468	85	1
29469	93	1
29470	4	1
29471	84	1
29472	4	1
29473	43	1
29474	43	1
29475	55	1
29476	6	1
29477	84	1
29478	25	1
29479	25	1
29480	12	1
29481	25	1
29482	12	1
29483	4	1
29484	79	1
29485	6	1
29486	97	1
29487	36	1
29488	75	1
29489	4	1
29490	70	1
29491	70	1
29492	33	1
29493	12	1
29494	41	1
29495	93	1
29496	55	1
29497	5	1
29498	46	1
29499	1	1
29500	46	1
29501	53	1
29502	50	1
29503	17	1
29504	17	1
29505	32	1
29506	2	1
29507	30	1
29508	74	1
29509	84	1
29510	6	1
29511	66	1
29512	17	1
29513	96	1
29514	34	1
29515	11	1
29516	39	1
29517	69	1
29518	6	1
29519	97	1
29520	6	1
29521	72	1
29522	2	1
29523	103	1
29524	6	1
29525	49	1
29526	5	1
29527	46	1
29528	60	1
29529	6	1
29530	41	1
29531	77	1
29532	85	1
29533	2	1
29534	12	1
29535	4	1
29536	137	1
29537	170	1
29538	2	1
29539	31	1
29540	8	1
29541	18	1
29542	6	1
29543	6	1
29544	18	1
29545	30	1
29546	36	1
29547	56	1
29548	19	1
29549	30	1
29550	6	1
29551	49	1
29552	35	1
29553	65	1
29554	79	1
29555	103	1
29556	43	1
29557	4	1
29558	103	1
29559	18	1
29560	41	1
29561	45	1
29562	121	1
29563	33	1
29564	74	1
29565	67	1
29566	3	1
29567	30	1
29568	34	1
29569	98	1
29570	139	1
29571	34	1
29572	139	1
29573	4	1
29574	55	1
29575	63	1
29576	11	1
29577	2	1
29578	62	1
29579	34	1
29580	55	1
29581	33	1
29582	61	1
29583	79	1
29584	34	1
29585	22	1
29586	33	1
29587	78	1
29588	61	1
29589	18	1
29590	62	1
29591	70	1
29592	34	1
29593	104	1
29594	33	1
29595	11	1
29596	48	1
29597	31	1
29598	4	1
29599	31	1
29600	84	1
29601	43	1
29602	6	1
29603	6	1
29604	36	1
29605	42	1
29606	98	1
29607	63	1
29608	93	1
29609	35	1
29610	0	1
29611	70	1
29612	69	1
29613	70	1
29614	17	1
29615	102	1
29616	34	1
29617	192	1
29618	75	1
29619	103	1
29620	34	1
29621	144	1
29622	72	1
29623	79	1
29624	124	1
29625	6	1
29626	6	1
29627	6	1
29628	36	1
29629	6	1
29630	6	1
29631	6	1
29632	19	1
29633	98	1
29634	2	1
29635	43	1
29636	124	1
29637	46	1
29638	46	1
29639	46	1
29640	39	1
29641	46	1
29642	34	1
29643	46	1
29644	62	1
29645	43	1
29646	11	1
29647	11	1
29648	11	1
29649	31	1
29650	11	1
29651	3	1
29652	3	1
29653	124	1
29654	25	1
29655	96	1
29656	61	1
29657	77	1
29658	6	1
29659	17	1
29660	33	1
29661	6	1
29662	18	1
29663	19	1
29664	61	1
29665	12	1
29666	31	1
29667	43	1
29668	21	1
29669	45	1
29670	70	1
29671	0	1
29672	60	1
29673	60	1
29674	117	1
29675	18	1
29676	92	1
29677	19	1
29678	77	1
29679	41	1
29680	49	1
29681	8	1
29682	98	1
29683	98	1
29684	6	1
29685	76	1
29686	28	1
29687	47	1
29688	92	1
29689	139	1
29690	68	1
29691	4	1
29692	18	1
29693	37	1
29694	121	1
29695	52	1
29696	114	1
29697	11	1
29698	6	1
29699	21	1
29700	68	1
29701	35	1
29702	12	1
29703	25	1
29704	42	1
29705	82	1
29706	3	1
29707	62	1
29708	2	1
29709	55	1
29710	104	1
29711	82	1
29712	96	1
29713	129	1
29714	77	1
29715	11	1
29716	36	1
29717	18	1
29718	31	1
29719	56	1
29720	93	1
29721	84	1
29722	26	1
29723	2	1
29724	0	1
29725	6	1
29726	6	1
29727	6	1
29728	83	1
29729	59	1
29730	135	1
29731	114	1
29732	82	1
29733	11	1
29734	31	1
29735	88	1
29736	88	1
29737	62	1
29738	26	1
29739	40	1
29740	73	1
29741	85	1
29742	11	1
29743	11	1
29744	78	1
29745	6	1
29746	31	1
29747	31	1
29748	53	1
29749	6	1
29750	3	1
29751	124	1
29752	33	1
29753	33	1
29754	98	1
29755	19	1
29756	98	1
29757	98	1
29758	41	1
29759	4	1
29760	41	1
29761	6	1
29762	74	1
29763	121	1
29764	106	1
29765	25	1
29766	45	1
29767	70	1
29768	6	1
29769	6	1
29770	46	1
29771	6	1
29772	70	1
29773	18	1
29774	25	1
29775	93	1
29776	35	1
29777	25	1
29778	55	1
29779	98	1
29780	18	1
29781	92	1
29782	40	1
29783	60	1
29784	55	1
29785	172	1
29786	34	1
29787	54	1
29788	12	1
29789	31	1
29790	77	1
29791	93	1
29792	55	1
29793	115	1
29794	103	1
29795	84	1
29796	12	1
29797	29	1
29798	70	1
29799	70	1
29800	93	1
29801	12	1
29802	12	1
29803	98	1
29804	98	1
29805	18	1
29806	18	1
29807	33	1
29808	33	1
29809	85	1
29810	84	1
29811	30	1
29812	61	1
29813	6	1
29814	102	1
29815	39	1
29816	4	1
29817	18	1
29818	4	1
29819	33	1
29820	55	1
29821	45	1
29822	47	1
29823	35	1
29824	18	1
29825	38	1
29826	45	1
29827	38	1
29828	19	1
29829	139	1
29830	6	1
29831	6	1
29832	0	1
29833	33	1
29834	33	1
29835	70	1
29836	46	1
29837	46	1
29838	25	1
29839	135	1
29840	26	1
29841	34	1
29842	11	1
29843	45	1
29844	22	1
29845	3	1
29846	47	1
29847	33	1
29848	137	1
29849	115	1
29850	55	1
29851	139	1
29852	77	1
29853	85	1
29854	38	1
29855	4	1
29856	38	1
29857	36	1
29858	11	1
29859	38	1
29860	110	1
29861	137	1
29862	38	1
29863	16	1
29864	11	1
29865	75	1
29866	115	1
29867	2	1
29868	56	1
29869	38	1
29870	45	1
29871	19	1
29872	29	1
29873	17	1
29874	137	1
29875	83	1
29876	110	1
29877	41	1
29878	82	1
29879	150	1
29880	33	1
29881	59	1
29882	89	1
29883	109	1
29884	84	1
29885	117	1
29886	33	1
29887	25	1
29888	41	1
29889	19	1
29890	54	1
29891	137	1
29892	84	1
29893	12	1
29894	35	1
29895	6	1
29896	60	1
29897	77	1
29898	106	1
29899	40	1
29900	29	1
29901	31	1
29902	11	1
29903	18	1
29904	11	1
29905	70	1
29906	22	1
29907	31	1
29908	33	1
29909	92	1
29910	46	1
29911	77	1
29912	4	1
29913	6	1
29914	38	1
29915	84	1
29916	103	1
29917	29	1
29918	42	1
29919	55	1
29920	55	1
29921	22	1
29922	36	1
29923	76	1
29924	22	1
29925	16	1
29926	114	1
29927	76	1
29928	115	1
29929	17	1
29930	17	1
29931	8	1
29932	66	1
29933	5	1
29934	102	1
29935	6	1
29936	4	1
29937	4	1
29938	103	1
29939	34	1
29940	82	1
29941	2	1
29942	121	1
29943	76	1
29944	57	1
29945	48	1
29946	93	1
29947	73	1
29948	29	1
29949	18	1
29950	83	1
29951	41	1
29952	34	1
29953	34	1
29954	158	1
29955	83	1
29956	68	1
29957	56	1
29958	92	1
29959	57	1
29960	0	1
29961	61	1
29962	84	1
29963	21	1
29964	0	1
29965	85	1
29966	93	1
29967	78	1
29968	33	1
29969	3	1
29970	84	1
29971	114	1
29972	70	1
29973	33	1
29974	84	1
29975	83	1
29976	45	1
29977	38	1
29978	82	1
29979	77	1
29980	60	1
29981	104	1
29982	82	1
29983	77	1
29984	60	1
29985	3	1
29986	31	1
29987	8	1
29988	79	1
29989	110	1
29990	33	1
29991	68	1
29992	6	1
29993	79	1
29994	27	1
29995	6	1
29996	6	1
29997	21	1
29998	83	1
29999	15	1
30000	12	1
30001	17	1
30002	54	1
30003	75	1
30004	19	1
30005	158	1
30006	135	1
30007	45	1
30008	45	1
30009	13	1
30010	6	1
30011	7	1
30012	115	1
30013	70	1
30014	98	1
30015	92	1
30016	16	1
30017	77	1
30018	117	1
30019	52	1
30020	25	1
30021	6	1
30022	6	1
30023	97	1
30024	2	1
30025	47	1
30026	64	1
30027	56	1
30028	1	1
30029	35	1
30030	98	1
30031	93	1
30032	55	1
30033	19	1
30034	17	1
30035	18	1
30036	6	1
30037	34	1
30038	1	1
30039	17	1
30040	12	1
30041	103	1
30042	18	1
30043	34	1
30044	4	1
30045	39	1
30046	18	1
30047	47	1
30048	30	1
30049	98	1
30050	84	1
30051	84	1
30052	25	1
30053	167	1
30054	19	1
30055	85	1
30056	6	1
30057	6	1
30058	35	1
30059	6	1
30060	87	1
30061	6	1
30062	72	1
30063	29	1
30064	6	1
30065	71	1
30066	93	1
30067	51	1
30068	6	1
30069	6	1
30070	6	1
30071	6	1
30072	19	1
30073	30	1
30074	93	1
30075	55	1
30076	30	1
30077	16	1
30078	6	1
30079	6	1
30080	17	1
30081	62	1
30082	1	1
30083	4	1
30084	4	1
30085	6	1
30086	18	1
30087	138	1
30088	35	1
30089	138	1
30090	93	1
30091	54	1
30092	34	1
30093	143	1
30094	184	1
30095	138	1
30096	6	1
30097	138	1
30098	1	1
30099	6	1
30100	73	1
30101	143	1
30102	6	1
30103	30	1
30104	138	1
30105	93	1
30106	4	1
30107	54	1
30108	85	1
30109	22	1
30110	4	1
30111	45	1
30112	139	1
30113	41	1
30114	33	1
30115	56	1
30116	4	1
30117	34	1
30118	52	1
30119	4	1
30120	56	1
30121	19	1
30122	40	1
30123	25	1
30124	34	1
30125	62	1
30126	85	1
30127	68	1
30128	16	1
30129	127	1
30130	4	1
30131	4	1
30132	57	1
30133	103	1
30134	30	1
30135	34	1
30136	103	1
30137	16	1
30138	1	1
30139	101	1
30140	110	1
30141	50	1
30142	6	1
30143	127	1
30144	4	1
30145	84	1
30146	34	1
30147	16	1
30148	103	1
30149	29	1
30150	143	1
30151	6	1
30152	4	1
30153	21	1
30154	82	1
30155	96	1
30156	7	1
30157	55	1
30158	85	1
30159	85	1
30160	93	1
30161	55	1
30162	19	1
30163	67	1
30164	104	1
30165	66	1
30166	4	1
30167	66	1
30168	98	1
30169	34	1
30170	124	1
30171	19	1
30172	34	1
30173	66	1
30174	6	1
30175	6	1
30176	6	1
30177	43	1
30178	46	1
30179	98	1
30180	19	1
30181	139	1
30182	8	1
30183	121	1
30184	60	1
30185	61	1
30186	139	1
30187	11	1
30188	30	1
30189	103	1
30190	49	1
30191	13	1
30192	64	1
30193	31	1
30194	11	1
30195	78	1
30196	110	1
30197	12	1
30198	42	1
30199	31	1
30200	17	1
30201	61	1
30202	3	1
30203	124	1
30204	33	1
30205	19	1
30206	35	1
30207	32	1
30208	21	1
30209	85	1
30210	60	1
30211	14	1
30212	1	1
30213	60	1
30214	19	1
30215	60	1
30216	40	1
30217	40	1
30218	84	1
30219	54	1
30220	34	1
30221	49	1
30222	54	1
30223	8	1
30224	103	1
30225	12	1
30226	57	1
30227	6	1
30228	93	1
30229	6	1
30230	104	1
30231	98	1
30232	139	1
30233	1	1
30234	18	1
30235	103	1
30236	118	1
30237	118	1
30238	49	1
30239	21	1
30240	27	1
30241	72	1
30242	3	1
30243	73	1
30244	73	1
30245	1	1
30246	31	1
30247	17	1
30248	98	1
30249	27	1
30250	93	1
30251	4	1
30252	56	1
30253	62	1
30254	34	1
30255	100	1
30256	29	1
30257	6	1
30258	18	1
30259	94	1
30260	117	1
30261	35	1
30262	2	1
30263	19	1
30264	30	1
30265	3	1
30266	103	1
30267	103	1
30268	6	1
30269	26	1
30270	103	1
30271	121	1
30272	62	1
30273	6	1
30274	6	1
30275	6	1
30276	31	1
30277	25	1
30278	6	1
30279	82	1
30280	31	1
30281	31	1
30282	75	1
30283	47	1
30284	88	1
30285	88	1
30286	2	1
30287	2	1
30288	103	1
30289	12	1
30290	2	1
30291	70	1
30292	21	1
30293	85	1
30294	75	1
30295	64	1
30296	102	1
30297	43	1
30298	33	1
30299	6	1
30300	6	1
30301	84	1
30302	82	1
30303	41	1
30304	3	1
30305	40	1
30306	109	1
30307	77	1
30308	93	1
30309	6	1
30310	135	1
30311	6	1
30312	6	1
30313	12	1
30314	6	1
30315	55	1
30316	6	1
30317	35	1
30318	137	1
30319	94	1
30320	109	1
30321	103	1
30322	55	1
30323	55	1
30324	18	1
30325	116	1
30326	116	1
30327	21	1
30328	79	1
30329	56	1
30330	82	1
30331	3	1
30332	85	1
30333	0	1
30334	8	1
30335	29	1
30336	17	1
30337	45	1
30338	34	1
30339	12	1
30340	6	1
30341	6	1
30342	6	1
30343	158	1
30344	33	1
30345	70	1
30346	12	1
30347	78	1
30348	18	1
30349	66	1
30350	55	1
30351	38	1
30352	38	1
30353	4	1
30354	4	1
30355	110	1
30356	121	1
30357	35	1
30358	33	1
30359	92	1
30360	6	1
30361	137	1
30362	87	1
30363	137	1
30364	43	1
30365	43	1
30366	40	1
30367	32	1
30368	41	1
30369	12	1
30370	3	1
30371	12	1
30372	30	1
30373	33	1
30374	33	1
30375	31	1
30376	74	1
30377	106	1
30378	25	1
30379	55	1
30380	11	1
30381	29	1
30382	64	1
30383	38	1
30384	78	1
30385	102	1
30386	16	1
30387	7	1
30388	68	1
30389	2	1
30390	55	1
30391	35	1
30392	4	1
30393	38	1
30394	45	1
30395	76	1
30396	68	1
30397	56	1
30398	68	1
30399	5	1
30400	83	1
30401	21	1
30402	115	1
30403	74	1
30404	40	1
30405	83	1
30406	115	1
30407	73	1
30408	6	1
30409	115	1
30410	60	1
30411	6	1
30412	35	1
30413	54	1
30414	137	1
30415	77	1
30416	83	1
30417	103	1
30418	38	1
30419	90	1
30420	54	1
30421	8	1
30422	93	1
30423	6	1
30424	60	1
30425	54	1
30426	47	1
30427	115	1
30428	90	1
30429	2	1
30430	70	1
30431	2	1
30432	45	1
30433	38	1
30434	96	1
30435	82	1
30436	84	1
30437	22	1
30438	70	1
30439	35	1
30440	34	1
30441	22	1
30442	17	1
30443	54	1
30444	54	1
30445	38	1
30446	45	1
30447	6	1
30448	5	1
30449	93	1
30450	93	1
30451	54	1
30452	55	1
30453	45	1
30454	63	1
30455	13	1
30456	46	1
30457	56	1
30458	4	1
30459	109	1
30460	45	1
30461	56	1
30462	13	1
30463	12	1
30464	43	1
30465	34	1
30466	55	1
30467	54	1
30468	29	1
30469	41	1
30470	11	1
30471	68	1
30472	84	1
30473	30	1
30474	30	1
30475	26	1
30476	110	1
30477	4	1
30478	17	1
30479	72	1
30480	56	1
30481	42	1
30482	33	1
30483	25	1
30484	45	1
30485	41	1
30486	90	1
30487	85	1
30488	82	1
30489	5	1
30490	29	1
30491	36	1
30492	88	1
30493	102	1
30494	36	1
30495	25	1
30496	21	1
30497	122	1
30498	73	1
30499	29	1
30500	79	1
30501	79	1
30502	84	1
30503	84	1
30504	84	1
30505	12	1
30506	84	1
30507	84	1
30508	63	1
30509	135	1
30510	17	1
30511	12	1
30512	30	1
30513	114	1
30514	103	1
30515	8	1
30516	3	1
30517	82	1
30518	153	1
30519	8	1
30520	84	1
30521	76	1
30522	118	1
30523	69	1
30524	110	1
30525	19	1
30526	4	1
30527	4	1
30528	84	1
30529	85	1
30530	19	1
30531	25	1
30532	35	1
30533	84	1
30534	18	1
30535	13	1
30536	29	1
30537	12	1
30538	2	1
30539	4	1
30540	55	1
30541	78	1
30542	8	1
30543	8	1
30544	7	1
30545	25	1
30546	4	1
30547	79	1
30548	7	1
30549	25	1
30550	25	1
30551	0	1
30552	135	1
30553	4	1
30554	55	1
30555	6	1
30556	34	1
30557	4	1
30558	55	1
30559	6	1
30560	6	1
30561	12	1
30562	52	1
30563	34	1
30564	35	1
30565	6	1
30566	66	1
30567	126	1
30568	68	1
30569	19	1
30570	21	1
30571	19	1
30572	67	1
30573	11	1
30574	18	1
30575	25	1
30576	12	1
30577	71	1
30578	33	1
30579	37	1
30580	6	1
30581	42	1
30582	2	1
30583	72	1
30584	121	1
30585	54	1
30586	106	1
30587	4	1
30588	6	1
30589	56	1
30590	6	1
30591	77	1
30592	6	1
30593	82	1
30594	4	1
30595	11	1
30596	50	1
30597	29	1
30598	33	1
30599	6	1
30600	6	1
30601	19	1
30602	29	1
30603	54	1
30604	55	1
30605	34	1
30606	137	1
30607	6	1
30608	17	1
30609	16	1
30610	6	1
30611	6	1
30612	2	1
30613	79	1
30614	2	1
30615	21	1
30616	68	1
30617	6	1
30618	0	1
30619	34	1
30620	38	1
30621	30	1
30622	4	1
30623	65	1
30624	83	1
30625	39	1
30626	57	1
30627	4	1
30628	52	1
30629	139	1
30630	16	1
30631	55	1
30632	6	1
30633	127	1
30634	73	1
30635	4	1
30636	81	1
30637	46	1
30638	8	1
30639	11	1
30640	93	1
30641	34	1
30642	45	1
30643	20	1
30644	33	1
30645	61	1
30646	33	1
30647	98	1
30648	124	1
30649	52	1
30650	13	1
30651	75	1
30652	98	1
30653	16	1
30654	62	1
30655	104	1
30656	78	1
30657	4	1
30658	4	1
30659	103	1
30660	6	1
30661	6	1
30662	11	1
30663	11	1
30664	6	1
30665	118	1
30666	3	1
30667	140	1
30668	11	1
30669	2	1
30670	19	1
30671	115	1
30672	72	1
30673	70	1
30674	70	1
30675	30	1
30676	0	1
30677	70	1
30678	118	1
30679	85	1
30680	17	1
30681	17	1
30682	104	1
30683	34	1
30684	82	1
30685	19	1
30686	1	1
30687	82	1
30688	69	1
30689	18	1
30690	28	1
30691	6	1
30692	82	1
30693	27	1
30694	10	1
30695	93	1
30696	19	1
30697	47	1
30698	31	1
30699	46	1
30700	12	1
30701	46	1
30702	45	1
30703	19	1
30704	62	1
30705	46	1
30706	68	1
30707	31	1
30708	11	1
30709	11	1
30710	31	1
30711	31	1
30712	11	1
30713	1	1
30714	0	1
30715	31	1
30716	104	1
30717	29	1
30718	49	1
30719	33	1
30720	73	1
30721	84	1
30722	11	1
30723	60	1
30724	85	1
30725	45	1
30726	54	1
30727	54	1
30728	137	1
30729	78	1
30730	38	1
30731	54	1
30732	17	1
30733	48	1
30734	104	1
30735	8	1
30736	52	1
30737	46	1
30738	103	1
30739	19	1
30740	4	1
30741	60	1
30742	8	1
30743	11	1
30744	121	1
30745	22	1
30746	4	1
30747	70	1
30748	54	1
30749	102	1
30750	13	1
30751	55	1
30752	135	1
30753	4	1
30754	85	1
30755	25	1
30756	1	1
30757	34	1
30758	56	1
30759	2	1
30760	34	1
30761	6	1
30762	135	1
30763	34	1
30764	129	1
30765	11	1
30766	61	1
30767	83	1
30768	4	1
30769	18	1
30770	35	1
30771	15	1
30772	16	1
30773	118	1
30774	50	1
30775	6	1
30776	6	1
30777	11	1
30778	155	1
30779	82	1
30780	11	1
30781	11	1
30782	11	1
30783	49	1
30784	88	1
30785	55	1
30786	103	1
30787	12	1
30788	47	1
30789	47	1
30790	129	1
30791	6	1
30792	137	1
30793	27	1
30794	137	1
30795	84	1
30796	70	1
30797	83	1
30798	70	1
30799	6	1
30800	33	1
30801	103	1
30802	31	1
30803	103	1
30804	33	1
30805	87	1
30806	103	1
30807	26	1
30808	44	1
30809	137	1
30810	21	1
30811	53	1
30812	93	1
30813	84	1
30814	17	1
30815	6	1
30816	74	1
30817	0	1
30818	34	1
30819	6	1
30820	102	1
30821	3	1
30822	70	1
30823	82	1
30824	92	1
30825	92	1
30826	11	1
30827	47	1
30828	76	1
30829	77	1
30830	55	1
30831	111	1
30832	31	1
30833	84	1
30834	18	1
30835	98	1
30836	34	1
30837	33	1
30838	0	1
30839	29	1
30840	46	1
30841	55	1
30842	96	1
30843	19	1
30844	17	1
30845	92	1
30846	68	1
30847	31	1
30848	31	1
30849	66	1
30850	98	1
30851	0	1
30852	18	1
30853	77	1
30854	33	1
30855	18	1
30856	6	1
30857	19	1
30858	30	1
30859	48	1
30860	45	1
30861	53	1
30862	6	1
30863	56	1
30864	33	1
30865	21	1
30866	6	1
30867	46	1
30868	12	1
30869	18	1
30870	30	1
30871	18	1
30872	110	1
30873	27	1
30874	12	1
30875	13	1
30876	38	1
30877	60	1
30878	68	1
30879	31	1
30880	11	1
30881	29	1
30882	19	1
30883	110	1
30884	27	1
30885	4	1
30886	4	1
30887	45	1
30888	110	1
30889	115	1
30890	90	1
30891	2	1
30892	74	1
30893	60	1
30894	68	1
30895	29	1
30896	84	1
30897	114	1
30898	66	1
30899	109	1
30900	57	1
30901	40	1
30902	97	1
30903	68	1
30904	31	1
30905	130	1
30906	84	1
30907	5	1
30908	33	1
30909	18	1
30910	76	1
30911	84	1
30912	56	1
30913	74	1
30914	11	1
30915	18	1
30916	88	1
30917	79	1
30918	137	1
30919	6	1
30920	30	1
30921	93	1
30922	4	1
30923	4	1
30924	4	1
30925	93	1
30926	38	1
30927	4	1
30928	70	1
30929	18	1
30930	22	1
30931	77	1
30932	6	1
30933	31	1
30934	96	1
30935	35	1
30936	184	1
30937	6	1
30938	77	1
30939	36	1
30940	43	1
30941	61	1
30942	56	1
30943	6	1
30944	38	1
30945	33	1
30946	45	1
30947	102	1
30948	150	1
30949	35	1
30950	84	1
30951	4	1
30952	82	1
30953	73	1
30954	61	1
30955	0	1
30956	68	1
30957	121	1
30958	90	1
30959	55	1
30960	40	1
30961	40	1
30962	55	1
30963	88	1
30964	44	1
30965	68	1
30966	38	1
30967	34	1
30968	92	1
30969	83	1
30970	30	1
30971	174	1
30972	68	1
30973	57	1
30974	92	1
30975	70	1
30976	18	1
30977	84	1
30978	64	1
30979	64	1
30980	47	1
30981	102	1
30982	15	1
30983	137	1
30984	55	1
30985	61	1
30986	85	1
30987	77	1
30988	36	1
30989	85	1
30990	0	1
30991	146	1
30992	84	1
30993	56	1
30994	70	1
30995	8	1
30996	114	1
30997	84	1
30998	13	1
30999	114	1
31000	44	1
31001	49	1
31002	56	1
31003	135	1
31004	69	1
31005	114	1
31006	84	1
31007	6	1
31008	2	1
31009	137	1
31010	6	1
31011	4	1
31012	6	1
31013	42	1
31014	97	1
31015	46	1
31016	4	1
31017	46	1
31018	42	1
31019	77	1
31020	19	1
31021	24	1
31022	93	1
31023	82	1
31024	25	1
31025	135	1
31026	68	1
31027	34	1
31028	98	1
31029	103	1
31030	18	1
31031	71	1
31032	18	1
31033	88	1
31034	47	1
31035	93	1
31036	6	1
31037	0	1
31038	6	1
31039	150	1
31040	19	1
31041	6	1
31042	54	1
31043	0	1
31044	117	1
31045	6	1
31046	12	1
31047	55	1
31048	4	1
31049	33	1
31050	40	1
31051	29	1
31052	19	1
31053	50	1
31054	137	1
31055	98	1
31056	53	1
31057	118	1
31058	31	1
31059	17	1
31060	52	1
31061	34	1
31062	138	1
31063	8	1
31064	6	1
31065	17	1
31066	122	1
31067	30	1
31068	82	1
31069	19	1
31070	138	1
31071	13	1
31072	122	1
31073	30	1
31074	52	1
31075	139	1
31076	19	1
31077	19	1
31078	31	1
31079	35	1
31080	2	1
31081	52	1
31082	43	1
31083	135	1
31084	39	1
31085	117	1
31086	121	1
31087	50	1
31088	56	1
31089	121	1
31090	41	1
31091	6	1
31092	61	1
31093	110	1
31094	11	1
31095	11	1
31096	98	1
31097	33	1
31098	33	1
31099	49	1
31100	72	1
31101	34	1
31102	33	1
31103	30	1
31104	34	1
31105	57	1
31106	121	1
31107	33	1
31108	4	1
31109	30	1
31110	16	1
31111	33	1
31112	40	1
31113	84	1
31114	48	1
31115	18	1
31116	88	1
31117	90	1
31118	21	1
31119	82	1
31120	30	1
31121	19	1
31122	70	1
31123	52	1
31124	61	1
31125	118	1
31126	70	1
31127	93	1
31128	118	1
31129	139	1
31130	70	1
31131	60	1
31132	25	1
31133	98	1
31134	19	1
31135	124	1
31136	103	1
31137	103	1
31138	172	1
31139	18	1
31140	43	1
31141	92	1
31142	116	1
31143	34	1
31144	19	1
31145	53	1
31146	124	1
31147	46	1
31148	4	1
31149	121	1
31150	39	1
31151	1	1
31152	77	1
31153	33	1
31154	77	1
31155	66	1
31156	11	1
31157	11	1
31158	11	1
31159	151	1
31160	70	1
31161	68	1
31162	43	1
31163	43	1
31164	125	1
31165	52	1
31166	48	1
31167	29	1
31168	54	1
31169	8	1
31170	54	1
31171	98	1
31172	63	1
31173	49	1
31174	4	1
31175	46	1
31176	46	1
31177	37	1
31178	61	1
31179	31	1
31180	35	1
31181	31	1
31182	21	1
31183	34	1
31184	41	1
31185	68	1
31186	109	1
31187	35	1
31188	55	1
31189	6	1
31190	97	1
31191	25	1
31192	172	1
31193	25	1
31194	139	1
31195	117	1
31196	34	1
31197	93	1
31198	37	1
31199	117	1
31200	93	1
31201	56	1
31202	83	1
31203	117	1
31204	46	1
31205	55	1
31206	75	1
31207	0	1
31208	136	1
31209	6	1
31210	136	1
31211	55	1
31212	2	1
31213	33	1
31214	103	1
31215	31	1
31216	35	1
31217	6	1
31218	6	1
31219	6	1
31220	6	1
31221	6	1
31222	6	1
31223	31	1
31224	11	1
31225	17	1
31226	17	1
31227	4	1
31228	85	1
31229	35	1
31230	36	1
31231	12	1
31232	33	1
31233	33	1
31234	27	1
31235	68	1
31236	31	1
31237	36	1
31238	6	1
31239	33	1
31240	103	1
31241	61	1
31242	4	1
31243	84	1
31244	29	1
31245	85	1
31246	18	1
31247	49	1
31248	6	1
31249	17	1
31250	79	1
31251	4	1
31252	70	1
31253	70	1
31254	70	1
31255	70	1
31256	52	1
31257	106	1
31258	55	1
31259	27	1
31260	27	1
31261	27	1
31262	70	1
31263	27	1
31264	68	1
31265	68	1
31266	79	1
31267	28	1
31268	93	1
31269	79	1
31270	88	1
31271	55	1
31272	84	1
31273	6	1
31274	173	1
31275	44	1
31276	6	1
31277	33	1
31278	19	1
31279	55	1
31280	93	1
31281	98	1
31282	92	1
31283	66	1
31284	3	1
31285	71	1
31286	61	1
31287	6	1
31288	33	1
31289	33	1
31290	21	1
31291	52	1
31292	34	1
31293	19	1
31294	33	1
31295	18	1
31296	19	1
31297	18	1
31298	12	1
31299	30	1
31300	60	1
31301	98	1
31302	139	1
31303	33	1
31304	63	1
31305	18	1
31306	6	1
31307	34	1
31308	66	1
31309	6	1
31310	44	1
31311	18	1
31312	68	1
31313	85	1
31314	46	1
31315	46	1
31316	47	1
31317	35	1
31318	46	1
31319	42	1
31320	10	1
31321	38	1
31322	18	1
31323	4	1
31324	17	1
31325	64	1
31326	34	1
31327	4	1
31328	36	1
31329	11	1
31330	11	1
31331	110	1
31332	11	1
31333	84	1
31334	45	1
31335	68	1
31336	3	1
31337	31	1
31338	75	1
31339	60	1
31340	83	1
31341	75	1
31342	67	1
31343	84	1
31344	68	1
31345	4	1
31346	38	1
31347	76	1
31348	6	1
31349	76	1
31350	5	1
31351	40	1
31352	11	1
31353	60	1
31354	58	1
31355	165	1
31356	31	1
31357	12	1
31358	38	1
31359	77	1
31360	27	1
31361	109	1
31362	96	1
31363	11	1
31364	88	1
31365	88	1
31366	40	1
31367	41	1
31368	31	1
31369	11	1
31370	6	1
31371	144	1
31372	76	1
31373	55	1
31374	96	1
31375	6	1
31376	111	1
31377	25	1
31378	96	1
31379	4	1
31380	35	1
31381	42	1
31382	88	1
31383	38	1
31384	32	1
31385	1	1
31386	76	1
31387	6	1
31388	8	1
31389	54	1
31390	54	1
31391	150	1
31392	68	1
31393	55	1
31394	17	1
31395	35	1
31396	6	1
31397	96	1
31398	4	1
31399	6	1
31400	6	1
31401	6	1
31402	48	1
31403	63	1
31404	25	1
31405	45	1
31406	45	1
31407	60	1
31408	83	1
31409	84	1
31410	6	1
31411	45	1
31412	25	1
31413	34	1
31414	22	1
31415	114	1
31416	68	1
31417	121	1
31418	106	1
31419	104	1
31420	6	1
31421	82	1
31422	5	1
31423	82	1
31424	12	1
31425	115	1
31426	93	1
31427	79	1
31428	17	1
31429	4	1
31430	55	1
31431	17	1
31432	49	1
31433	56	1
31434	74	1
31435	62	1
31436	45	1
31437	38	1
31438	17	1
31439	114	1
31440	79	1
31441	45	1
31442	0	1
31443	37	1
31444	75	1
31445	84	1
31446	118	1
31447	4	1
31448	55	1
31449	6	1
31450	27	1
31451	34	1
31452	84	1
31453	110	1
31454	84	1
31455	103	1
31456	25	1
31457	17	1
31458	111	1
31459	35	1
31460	106	1
31461	0	1
31462	131	1
31463	6	1
31464	32	1
31465	19	1
31466	1	1
31467	19	1
31468	6	1
31469	19	1
31470	32	1
31471	96	1
31472	68	1
31473	46	1
31474	79	1
31475	31	1
31476	31	1
31477	18	1
31478	12	1
31479	11	1
31480	35	1
31481	6	1
31482	18	1
31483	115	1
31484	6	1
31485	84	1
31486	30	1
31487	67	1
31488	11	1
31489	118	1
31490	69	1
31491	93	1
31492	25	1
31493	25	1
31494	2	1
31495	169	1
31496	6	1
31497	121	1
31498	2	1
31499	50	1
31500	104	1
31501	6	1
31502	0	1
31503	30	1
31504	112	1
31505	55	1
31506	103	1
31507	56	1
31508	70	1
31509	6	1
31510	1	1
31511	6	1
31512	93	1
31513	100	1
31514	18	1
31515	35	1
31516	98	1
31517	93	1
31518	35	1
31519	98	1
31520	93	1
31521	46	1
31522	45	1
31523	40	1
31524	124	1
31525	98	1
31526	79	1
31527	47	1
31528	56	1
31529	29	1
31530	93	1
31531	93	1
31532	19	1
31533	4	1
31534	4	1
31535	67	1
31536	33	1
31537	33	1
31538	117	1
31539	52	1
31540	33	1
31541	60	1
31542	33	1
31543	4	1
31544	33	1
31545	4	1
31546	4	1
31547	4	1
31548	52	1
31549	33	1
31550	27	1
31551	34	1
31552	33	1
31553	4	1
31554	121	1
31555	39	1
31556	78	1
31557	55	1
31558	16	1
31559	13	1
31560	96	1
31561	78	1
31562	70	1
31563	46	1
31564	31	1
31565	35	1
31566	31	1
31567	11	1
31568	11	1
31569	93	1
31570	85	1
31571	2	1
31572	75	1
31573	6	1
31574	104	1
31575	63	1
31576	11	1
31577	60	1
31578	118	1
31579	85	1
31580	172	1
31581	5	1
31582	124	1
31583	66	1
31584	46	1
31585	84	1
31586	46	1
31587	6	1
31588	31	1
31589	47	1
31590	6	1
31591	46	1
31592	78	1
31593	8	1
31594	103	1
31595	19	1
31596	8	1
31597	31	1
31598	11	1
31599	11	1
31600	29	1
31601	135	1
31602	96	1
31603	103	1
31604	62	1
31605	19	1
31606	29	1
31607	61	1
31608	12	1
31609	68	1
31610	68	1
31611	74	1
31612	25	1
31613	21	1
31614	13	1
31615	121	1
31616	2	1
31617	77	1
31618	96	1
31619	55	1
31620	19	1
31621	54	1
31622	6	1
31623	77	1
31624	17	1
31625	110	1
31626	29	1
31627	109	1
31628	74	1
31629	37	1
31630	103	1
31631	37	1
31632	103	1
31633	121	1
31634	44	1
31635	8	1
31636	93	1
31637	35	1
31638	104	1
31639	37	1
31640	118	1
31641	118	1
31642	102	1
31643	118	1
31644	43	1
31645	96	1
31646	30	1
31647	70	1
31648	96	1
31649	82	1
31650	70	1
31651	77	1
31652	73	1
31653	31	1
31654	103	1
31655	2	1
31656	103	1
31657	124	1
31658	39	1
31659	55	1
31660	39	1
31661	6	1
31662	31	1
31663	60	1
31664	31	1
31665	11	1
31666	11	1
31667	84	1
31668	55	1
31669	92	1
31670	83	1
31671	102	1
31672	31	1
31673	102	1
31674	35	1
31675	103	1
31676	22	1
31677	33	1
31678	33	1
31679	104	1
31680	87	1
31681	6	1
31682	4	1
31683	30	1
31684	6	1
31685	135	1
31686	73	1
31687	6	1
31688	6	1
31689	46	1
31690	103	1
31691	6	1
31692	6	1
31693	46	1
31694	94	1
31695	94	1
31696	6	1
31697	82	1
31698	56	1
31699	18	1
31700	116	1
31701	45	1
31702	40	1
31703	33	1
31704	12	1
31705	12	1
31706	12	1
31707	12	1
31708	121	1
31709	54	1
31710	12	1
31711	71	1
31712	103	1
31713	0	1
31714	17	1
31715	103	1
31716	33	1
31717	18	1
31718	98	1
31719	9	1
31720	12	1
31721	0	1
31722	92	1
31723	18	1
31724	3	1
31725	13	1
31726	17	1
31727	4	1
31728	6	1
31729	33	1
31730	35	1
31731	17	1
31732	33	1
31733	33	1
31734	8	1
31735	17	1
31736	33	1
31737	6	1
31738	46	1
31739	35	1
31740	46	1
31741	6	1
31742	123	1
31743	8	1
31744	56	1
31745	6	1
31746	38	1
31747	28	1
31748	41	1
31749	33	1
31750	36	1
31751	30	1
31752	102	1
31753	57	1
31754	60	1
31755	28	1
31756	64	1
31757	11	1
31758	71	1
31759	38	1
31760	71	1
31761	11	1
31762	11	1
31763	11	1
31764	18	1
31765	83	1
31766	45	1
31767	109	1
31768	84	1
31769	35	1
31770	11	1
31771	115	1
31772	60	1
31773	84	1
31774	21	1
31775	88	1
31776	33	1
31777	68	1
31778	79	1
31779	115	1
31780	172	1
31781	55	1
31782	70	1
31783	60	1
31784	55	1
31785	72	1
31786	90	1
31787	84	1
31788	84	1
31789	137	1
31790	54	1
31791	6	1
31792	47	1
31793	88	1
31794	25	1
31795	60	1
31796	35	1
31797	5	1
31798	13	1
31799	11	1
31800	2	1
31801	31	1
31802	45	1
31803	35	1
31804	84	1
31805	18	1
31806	84	1
31807	84	1
31808	92	1
31809	35	1
31810	172	1
31811	6	1
31812	68	1
31813	4	1
31814	17	1
31815	77	1
31816	76	1
31817	5	1
31818	54	1
31819	31	1
31820	54	1
31821	45	1
31822	45	1
31823	84	1
31824	18	1
31825	144	1
31826	29	1
31827	6	1
31828	34	1
31829	77	1
31830	6	1
31831	12	1
31832	33	1
31833	64	1
31834	17	1
31835	90	1
31836	84	1
31837	74	1
31838	92	1
31839	31	1
31840	17	1
31841	47	1
31842	40	1
31843	92	1
31844	70	1
31845	165	1
31846	30	1
31847	85	1
31848	62	1
31849	84	1
31850	33	1
31851	73	1
31852	84	1
31853	114	1
31854	121	1
31855	93	1
31856	93	1
31857	2	1
31858	70	1
31859	55	1
31860	72	1
31861	84	1
31862	1	1
31863	6	1
31864	135	1
31865	83	1
31866	45	1
31867	34	1
31868	27	1
31869	6	1
31870	109	1
31871	56	1
31872	11	1
31873	4	1
31874	85	1
31875	27	1
31876	98	1
31877	106	1
31878	76	1
31879	12	1
31880	84	1
31881	137	1
31882	114	1
31883	6	1
31884	84	1
31885	6	1
31886	84	1
31887	13	1
31888	17	1
31889	12	1
31890	2	1
31891	17	1
31892	9	1
31893	8	1
31894	31	1
31895	25	1
31896	2	1
31897	32	1
31898	70	1
31899	69	1
31900	84	1
31901	19	1
31902	32	1
31903	19	1
31904	13	1
31905	79	1
31906	93	1
31907	75	1
31908	1	1
31909	19	1
31910	12	1
31911	12	1
31912	125	1
31913	43	1
31914	85	1
31915	85	1
31916	2	1
31917	5	1
31918	3	1
31919	33	1
31920	55	1
31921	4	1
31922	4	1
31923	82	1
31924	19	1
31925	79	1
31926	6	1
31927	4	1
31928	127	1
31929	1	1
31930	7	1
31931	17	1
31932	11	1
31933	4	1
31934	57	1
31935	82	1
31936	6	1
31937	17	1
31938	53	1
31939	5	1
31940	5	1
31941	11	1
31942	118	1
31943	6	1
31944	21	1
31945	138	1
31946	36	1
31947	16	1
31948	103	1
31949	25	1
31950	49	1
31951	13	1
31952	52	1
31953	139	1
31954	121	1
31955	72	1
31956	19	1
31957	27	1
31958	121	1
31959	139	1
31960	43	1
31961	33	1
31962	56	1
31963	70	1
31964	34	1
31965	17	1
31966	56	1
31967	4	1
31968	4	1
31969	98	1
31970	4	1
31971	29	1
31972	121	1
31973	58	1
31974	139	1
31975	55	1
31976	41	1
31977	83	1
31978	39	1
31979	82	1
31980	34	1
31981	104	1
31982	16	1
31983	4	1
31984	78	1
31985	1	1
31986	4	1
31987	78	1
31988	38	1
31989	43	1
31990	88	1
31991	43	1
31992	11	1
31993	103	1
31994	11	1
31995	6	1
31996	27	1
31997	40	1
31998	93	1
31999	31	1
32000	19	1
32001	60	1
32002	31	1
32003	31	1
32004	70	1
32005	17	1
32006	69	1
32007	0	1
32008	103	1
32009	30	1
32010	4	1
32011	19	1
32012	1	1
32013	18	1
32014	6	1
32015	118	1
32016	17	1
32017	47	1
32018	34	1
32019	3	1
32020	6	1
32021	46	1
32022	121	1
32023	4	1
32024	38	1
32025	36	1
32026	43	1
32027	137	1
32028	93	1
32029	93	1
32030	29	1
32031	93	1
32032	75	1
32033	114	1
32034	45	1
32035	12	1
32036	52	1
32037	9	1
32038	25	1
32039	1	1
32040	60	1
32041	19	1
32042	92	1
32043	117	1
32044	8	1
32045	8	1
32046	5	1
32047	139	1
32048	4	1
32049	7	1
32050	46	1
32051	62	1
32052	17	1
32053	114	1
32054	37	1
32055	27	1
32056	85	1
32057	172	1
32058	37	1
32059	60	1
32060	79	1
32061	37	1
32062	56	1
32063	36	1
32064	34	1
32065	39	1
32066	83	1
32067	33	1
32068	65	1
32069	22	1
32070	93	1
32071	6	1
32072	93	1
32073	6	1
32074	6	1
32075	6	1
32076	6	1
32077	103	1
32078	82	1
32079	31	1
32080	31	1
32081	82	1
32082	88	1
32083	98	1
32084	82	1
32085	43	1
32086	70	1
32087	11	1
32088	158	1
32089	47	1
32090	6	1
32091	33	1
32092	68	1
32093	6	1
32094	38	1
32095	19	1
32096	33	1
32097	6	1
32098	6	1
32099	82	1
32100	6	1
32101	98	1
32102	96	1
32103	70	1
32104	8	1
32105	31	1
32106	12	1
32107	35	1
32108	70	1
32109	6	1
32110	103	1
32111	28	1
32112	13	1
32113	56	1
32114	0	1
32115	8	1
32116	189	1
32117	4	1
32118	12	1
32119	79	1
32120	19	1
32121	84	1
32122	46	1
32123	77	1
32124	33	1
32125	35	1
32126	93	1
32127	19	1
32128	4	1
32129	29	1
32130	41	1
32131	0	1
32132	6	1
32133	33	1
32134	18	1
32135	30	1
32136	29	1
32137	4	1
32138	70	1
32139	6	1
32140	0	1
32141	0	1
32142	6	1
32143	45	1
32144	33	1
32145	4	1
32146	6	1
32147	158	1
32148	18	1
32149	6	1
32150	60	1
32151	52	1
32152	33	1
32153	6	1
32154	77	1
32155	46	1
32156	18	1
32157	38	1
32158	14	1
32159	30	1
32160	33	1
32161	36	1
32162	33	1
32163	70	1
32164	58	1
32165	17	1
32166	46	1
32167	101	1
32168	102	1
32169	38	1
32170	29	1
32171	33	1
32172	11	1
32173	16	1
32174	11	1
32175	26	1
32176	64	1
32177	68	1
32178	18	1
32179	33	1
32180	35	1
32181	11	1
32182	31	1
32183	68	1
32184	19	1
32185	60	1
32186	85	1
32187	83	1
32188	64	1
32189	121	1
32190	60	1
32191	33	1
32192	84	1
32193	76	1
32194	67	1
32195	31	1
32196	47	1
32197	76	1
32198	22	1
32199	92	1
32200	60	1
32201	54	1
32202	4	1
32203	143	1
32204	71	1
32205	82	1
32206	41	1
32207	117	1
32208	77	1
32209	11	1
32210	38	1
32211	84	1
32212	38	1
32213	34	1
32214	92	1
32215	35	1
32216	35	1
32217	35	1
32218	35	1
32219	6	1
32220	96	1
32221	76	1
32222	88	1
32223	96	1
32224	56	1
32225	18	1
32226	34	1
32227	6	1
32228	60	1
32229	69	1
32230	6	1
32231	92	1
32232	115	1
32233	38	1
32234	11	1
32235	100	1
32236	5	1
32237	35	1
32238	0	1
32239	68	1
32240	68	1
32241	75	1
32242	25	1
32243	90	1
32244	19	1
32245	53	1
32246	29	1
32247	84	1
32248	30	1
32249	55	1
32250	57	1
32251	45	1
32252	12	1
32253	33	1
32254	135	1
32255	45	1
32256	12	1
32257	62	1
32258	34	1
32259	17	1
32260	103	1
32261	8	1
32262	27	1
32263	6	1
32264	37	1
32265	77	1
32266	114	1
32267	84	1
32268	84	1
32269	76	1
32270	57	1
32271	25	1
32272	84	1
32273	84	1
32274	74	1
32275	84	1
32276	61	1
32277	190	1
32278	35	1
32279	2	1
32280	2	1
32281	12	1
32282	93	1
32283	6	1
32284	97	1
32285	18	1
32286	29	1
32287	69	1
32288	0	1
32289	27	1
32290	8	1
32291	8	1
32292	103	1
32293	47	1
32294	19	1
32295	150	1
32296	101	1
32297	98	1
32298	30	1
32299	6	1
32300	30	1
32301	30	1
32302	85	1
32303	6	1
32304	3	1
32305	6	1
32306	54	1
32307	77	1
32308	6	1
32309	19	1
32310	33	1
32311	115	1
32312	96	1
32313	4	1
32314	53	1
32315	30	1
32316	30	1
32317	139	1
32318	103	1
32319	69	1
32320	140	1
32321	34	1
32322	103	1
32323	146	1
32324	140	1
32325	1	1
32326	96	1
32327	39	1
32328	8	1
32329	33	1
32330	31	1
32331	36	1
32332	74	1
32333	102	1
32334	77	1
32335	30	1
32336	4	1
32337	33	1
32338	22	1
32339	52	1
32340	137	1
32341	121	1
32342	121	1
32343	46	1
32344	121	1
32345	33	1
32346	33	1
32347	33	1
32348	139	1
32349	57	1
32350	22	1
32351	27	1
32352	1	1
32353	70	1
32354	70	1
32355	34	1
32356	4	1
32357	13	1
32358	3	1
32359	36	1
32360	78	1
32361	6	1
32362	85	1
32363	19	1
32364	75	1
32365	4	1
32366	70	1
32367	69	1
32368	137	1
32369	103	1
32370	6	1
32371	82	1
32372	88	1
32373	82	1
32374	46	1
32375	77	1
32376	4	1
32377	77	1
32378	46	1
32379	27	1
32380	17	1
32381	8	1
32382	31	1
32383	96	1
32384	11	1
32385	35	1
32386	1	1
32387	61	1
32388	33	1
32389	6	1
32390	35	1
32391	73	1
32392	61	1
32393	74	1
32394	74	1
32395	43	1
32396	68	1
32397	68	1
32398	12	1
32399	88	1
32400	38	1
32401	57	1
32402	8	1
32403	54	1
32404	61	1
32405	4	1
32406	4	1
32407	121	1
32408	45	1
32409	96	1
32410	68	1
32411	55	1
32412	135	1
32413	62	1
32414	55	1
32415	22	1
32416	33	1
32417	18	1
32418	19	1
32419	130	1
32420	18	1
32421	12	1
32422	34	1
32423	70	1
32424	33	1
32425	56	1
32426	6	1
32427	6	1
32428	2	1
32429	70	1
32430	6	1
32431	82	1
32432	11	1
32433	88	1
32434	84	1
32435	30	1
32436	83	1
32437	83	1
32438	0	1
32439	6	1
32440	33	1
32441	19	1
32442	151	1
32443	104	1
32444	33	1
32445	84	1
32446	41	1
32447	6	1
32448	98	1
32449	118	1
32450	41	1
32451	98	1
32452	93	1
32453	6	1
32454	137	1
32455	84	1
32456	104	1
32457	6	1
32458	6	1
32459	70	1
32460	6	1
32461	6	1
32462	6	1
32463	13	1
32464	102	1
32465	13	1
32466	6	1
32467	27	1
32468	73	1
32469	116	1
32470	40	1
32471	92	1
32472	12	1
32473	96	1
32474	115	1
32475	93	1
32476	79	1
32477	55	1
32478	54	1
32479	64	1
32480	36	1
32481	46	1
32482	77	1
32483	17	1
32484	33	1
32485	55	1
32486	31	1
32487	139	1
32488	33	1
32489	33	1
32490	33	1
32491	33	1
32492	17	1
32493	68	1
32494	6	1
32495	60	1
32496	63	1
32497	6	1
32498	33	1
32499	35	1
32500	6	1
32501	46	1
32502	46	1
32503	96	1
32504	0	1
32505	103	1
32506	92	1
32507	44	1
32508	31	1
32509	23	1
32510	30	1
32511	58	1
32512	22	1
32513	4	1
32514	76	1
32515	102	1
32516	64	1
32517	121	1
32518	38	1
32519	38	1
32520	11	1
32521	74	1
32522	4	1
32523	2	1
32524	1	1
32525	42	1
32526	68	1
32527	137	1
32528	75	1
32529	84	1
32530	40	1
32531	117	1
32532	25	1
32533	16	1
32534	4	1
32535	30	1
32536	11	1
32537	93	1
32538	22	1
32539	16	1
32540	35	1
32541	84	1
32542	137	1
32543	34	1
32544	115	1
32545	54	1
32546	22	1
32547	54	1
32548	18	1
32549	55	1
32550	18	1
32551	79	1
32552	44	1
32553	38	1
32554	11	1
32555	15	1
32556	54	1
32557	115	1
32558	29	1
32559	57	1
32560	4	1
32561	77	1
32562	41	1
32563	83	1
32564	68	1
32565	70	1
32566	30	1
32567	42	1
32568	84	1
32569	65	1
32570	6	1
32571	6	1
32572	54	1
32573	68	1
32574	13	1
32575	47	1
32576	17	1
32577	34	1
32578	60	1
32579	88	1
32580	31	1
32581	84	1
32582	93	1
32583	40	1
32584	40	1
32585	83	1
32586	64	1
32587	41	1
32588	103	1
32589	158	1
32590	0	1
32591	19	1
32592	34	1
32593	21	1
32594	114	1
32595	92	1
32596	85	1
32597	17	1
32598	68	1
32599	86	1
32600	70	1
32601	165	1
32602	1	1
32603	18	1
32604	8	1
32605	90	1
32606	84	1
32607	14	1
32608	70	1
32609	3	1
32610	6	1
32611	26	1
32612	117	1
32613	36	1
32614	61	1
32615	61	1
32616	102	1
32617	83	1
32618	172	1
32619	84	1
32620	12	1
32621	27	1
32622	4	1
32623	12	1
32624	31	1
32625	44	1
32626	103	1
32627	3	1
32628	6	1
32629	21	1
32630	4	1
32631	106	1
32632	0	1
32633	2	1
32634	19	1
32635	6	1
32636	106	1
32637	18	1
32638	30	1
32639	12	1
32640	117	1
32641	70	1
32642	93	1
32643	111	1
32644	82	1
32645	6	1
32646	56	1
32647	97	1
32648	102	1
32649	53	1
32650	46	1
32651	30	1
32652	73	1
32653	177	1
32654	3	1
32655	35	1
32656	71	1
32657	11	1
32658	103	1
32659	60	1
32660	41	1
32661	77	1
32662	6	1
32663	5	1
32664	33	1
32665	57	1
32666	82	1
32667	114	1
32668	103	1
32669	48	1
32670	19	1
32671	62	1
32672	103	1
32673	6	1
32674	170	1
32675	22	1
32676	35	1
32677	2	1
32678	61	1
32679	68	1
32680	34	1
32681	1	1
32682	27	1
32683	56	1
32684	4	1
32685	30	1
32686	49	1
32687	127	1
32688	127	1
32689	43	1
32690	74	1
32691	67	1
32692	22	1
32693	4	1
32694	93	1
32695	4	1
32696	17	1
32697	52	1
32698	70	1
32699	4	1
32700	34	1
32701	8	1
32702	57	1
32703	29	1
32704	4	1
32705	4	1
32706	11	1
32707	4	1
32708	55	1
32709	41	1
32710	121	1
32711	52	1
32712	139	1
32713	33	1
32714	135	1
32715	100	1
32716	40	1
32717	55	1
32718	4	1
32719	22	1
32720	82	1
32721	27	1
32722	6	1
32723	18	1
32724	33	1
32725	84	1
32726	31	1
32727	4	1
32728	3	1
32729	43	1
32730	82	1
32731	55	1
32732	55	1
32733	109	1
32734	53	1
32735	70	1
32736	70	1
32737	85	1
32738	93	1
32739	1	1
32740	66	1
32741	33	1
32742	33	1
32743	34	1
32744	34	1
32745	3	1
32746	136	1
32747	6	1
32748	41	1
32749	19	1
32750	77	1
32751	46	1
32752	77	1
32753	31	1
32754	31	1
32755	11	1
32756	11	1
32757	42	1
32758	17	1
32759	39	1
32760	11	1
32761	63	1
32762	23	1
32763	60	1
32764	2	1
32765	12	1
32766	68	1
32767	11	1
32768	117	1
32769	139	1
32770	8	1
32771	8	1
32772	110	1
32773	63	1
32774	98	1
32775	103	1
32776	82	1
32777	18	1
32778	7	1
32779	103	1
32780	6	1
32781	11	1
32782	46	1
32783	46	1
32784	110	1
32785	54	1
32786	3	1
32787	55	1
32788	121	1
32789	1	1
32790	146	1
32791	34	1
32792	12	1
32793	6	1
32794	6	1
32795	74	1
32796	84	1
32797	43	1
32798	84	1
32799	18	1
32800	110	1
32801	4	1
32802	40	1
32803	6	1
32804	6	1
32805	70	1
32806	70	1
32807	60	1
32808	82	1
32809	88	1
32810	88	1
32811	84	1
32812	16	1
32813	75	1
32814	47	1
32815	70	1
32816	83	1
32817	70	1
32818	6	1
32819	33	1
32820	19	1
32821	68	1
32822	38	1
32823	6	1
32824	70	1
32825	0	1
32826	33	1
32827	70	1
32828	25	1
32829	111	1
32830	117	1
32831	11	1
32832	116	1
32833	30	1
32834	33	1
32835	12	1
32836	90	1
32837	56	1
32838	96	1
32839	93	1
32840	12	1
32841	92	1
32842	8	1
32843	103	1
32844	6	1
32845	1	1
32846	70	1
32847	36	1
32848	60	1
32849	21	1
32850	84	1
32851	0	1
32852	0	1
32853	0	1
32854	33	1
32855	33	1
32856	33	1
32857	18	1
32858	92	1
32859	18	1
32860	6	1
32861	18	1
32862	18	1
32863	45	1
32864	55	1
32865	38	1
32866	35	1
32867	33	1
32868	102	1
32869	6	1
32870	2	1
32871	6	1
32872	33	1
32873	6	1
32874	3	1
32875	114	1
32876	4	1
32877	41	1
32878	33	1
32879	11	1
32880	33	1
32881	44	1
32882	54	1
32883	115	1
32884	57	1
32885	20	1
32886	29	1
32887	57	1
32888	38	1
32889	64	1
32890	11	1
32891	13	1
32892	36	1
32893	6	1
32894	82	1
32895	84	1
32896	38	1
32897	45	1
32898	64	1
32899	82	1
32900	114	1
32901	38	1
32902	84	1
32903	68	1
32904	68	1
32905	84	1
32906	84	1
32907	93	1
32908	84	1
32909	114	1
32910	83	1
32911	26	1
32912	84	1
32913	102	1
32914	102	1
32915	34	1
32916	56	1
32917	84	1
32918	41	1
32919	36	1
32920	30	1
32921	84	1
32922	74	1
32923	18	1
32924	68	1
32925	57	1
32926	83	1
32927	53	1
32928	6	1
32929	77	1
32930	111	1
32931	18	1
32932	18	1
32933	22	1
32934	78	1
32935	29	1
32936	76	1
32937	5	1
32938	8	1
32939	54	1
32940	139	1
32941	54	1
32942	6	1
32943	17	1
32944	54	1
32945	12	1
32946	12	1
32947	2	1
32948	45	1
32949	85	1
32950	88	1
32951	55	1
32952	96	1
32953	49	1
32954	110	1
32955	103	1
32956	6	1
32957	73	1
32958	40	1
32959	98	1
32960	18	1
32961	3	1
32962	70	1
32963	121	1
32964	54	1
32965	55	1
32966	36	1
32967	54	1
32968	61	1
32969	85	1
32970	36	1
32971	1	1
32972	3	1
32973	4	1
32974	14	1
32975	85	1
32976	114	1
32977	27	1
32978	114	1
32979	17	1
32980	31	1
32981	110	1
32982	85	1
32983	84	1
32984	137	1
32985	135	1
32986	30	1
32987	30	1
32988	6	1
32989	16	1
32990	0	1
32991	32	1
32992	103	1
32993	41	1
32994	6	1
32995	6	1
32996	90	1
32997	135	1
32998	30	1
32999	115	1
33000	74	1
33001	84	1
33002	84	1
33003	35	1
33004	39	1
33005	4	1
33006	33	1
33007	8	1
33008	76	1
33009	77	1
33010	30	1
33011	67	1
33012	6	1
33013	25	1
33014	25	1
33015	6	1
33016	102	1
33017	6	1
33018	27	1
33019	6	1
33020	82	1
33021	32	1
33022	4	1
33023	12	1
33024	1	1
33025	4	1
33026	30	1
33027	6	1
33028	30	1
33029	27	1
33030	138	1
33031	34	1
33032	35	1
33033	6	1
33034	56	1
33035	73	1
33036	56	1
33037	122	1
33038	122	1
33039	139	1
33040	4	1
33041	6	1
33042	4	1
33043	140	1
33044	11	1
33045	6	1
33046	45	1
33047	85	1
33048	21	1
33049	11	1
33050	33	1
33051	55	1
33052	33	1
33053	4	1
33054	121	1
33055	33	1
33056	33	1
33057	4	1
33058	117	1
33059	27	1
33060	148	1
33061	55	1
33062	137	1
33063	27	1
33064	33	1
33065	49	1
33066	31	1
33067	18	1
33068	4	1
33069	31	1
33070	6	1
33071	100	1
33072	4	1
33073	79	1
33074	0	1
33075	0	1
33076	49	1
33077	34	1
33078	17	1
33079	124	1
33080	118	1
33081	35	1
33082	36	1
33083	19	1
33084	19	1
33085	85	1
33086	16	1
33087	77	1
33088	11	1
33089	77	1
33090	46	1
33091	77	1
33092	8	1
33093	38	1
33094	77	1
33095	103	1
33096	35	1
33097	2	1
33098	103	1
33099	11	1
33100	29	1
33101	6	1
33102	6	1
33103	77	1
33104	35	1
33105	98	1
33106	68	1
33107	96	1
33108	1	1
33109	43	1
33110	18	1
33111	65	1
33112	96	1
33113	96	1
33114	54	1
33115	62	1
33116	54	1
33117	8	1
33118	18	1
33119	18	1
33120	46	1
33121	6	1
33122	19	1
33123	35	1
33124	34	1
33125	62	1
33126	6	1
33127	38	1
33128	36	1
33129	105	1
33130	33	1
33131	98	1
33132	75	1
33133	118	1
33134	6	1
33135	18	1
33136	98	1
33137	34	1
33138	70	1
33139	35	1
33140	19	1
33141	48	1
33142	6	1
33143	6	1
33144	31	1
33145	156	1
33146	0	1
33147	66	1
33148	70	1
33149	88	1
33150	54	1
33151	31	1
33152	84	1
33153	92	1
33154	3	1
33155	61	1
33156	36	1
33157	64	1
33158	84	1
33159	35	1
33160	3	1
33161	70	1
33162	33	1
33163	83	1
33164	46	1
33165	66	1
33166	33	1
33167	104	1
33168	60	1
33169	84	1
33170	54	1
33171	6	1
33172	8	1
33173	43	1
33174	84	1
33175	6	1
33176	78	1
33177	37	1
33178	70	1
33179	6	1
33180	106	1
33181	6	1
33182	102	1
33183	4	1
33184	157	1
33185	30	1
33186	40	1
33187	128	1
33188	82	1
33189	111	1
33190	3	1
33191	6	1
33192	33	1
33193	70	1
33194	33	1
33195	33	1
33196	33	1
33197	33	1
33198	0	1
33199	158	1
33200	6	1
33201	6	1
33202	18	1
33203	33	1
33204	33	1
33205	88	1
33206	27	1
33207	35	1
33208	30	1
33209	18	1
33210	34	1
33211	20	1
33212	6	1
33213	33	1
33214	32	1
33215	18	1
33216	63	1
33217	46	1
33218	0	1
33219	74	1
33220	6	1
33221	17	1
33222	6	1
33223	110	1
33224	13	1
33225	47	1
33226	139	1
33227	55	1
33228	6	1
33229	55	1
33230	11	1
33231	84	1
33232	4	1
33233	102	1
33234	60	1
33235	70	1
33236	46	1
33237	90	1
33238	84	1
33239	68	1
33240	77	1
33241	93	1
33242	73	1
33243	84	1
33244	35	1
33245	40	1
33246	82	1
33247	79	1
33248	35	1
33249	92	1
33250	32	1
33251	11	1
33252	70	1
33253	45	1
33254	4	1
33255	68	1
33256	76	1
33257	84	1
33258	45	1
33259	34	1
33260	38	1
33261	38	1
33262	54	1
33263	13	1
33264	68	1
33265	5	1
33266	38	1
33267	102	1
33268	121	1
33269	2	1
33270	6	1
33271	4	1
33272	93	1
33273	6	1
33274	82	1
33275	82	1
33276	43	1
33277	25	1
33278	79	1
33279	88	1
33280	29	1
33281	114	1
33282	60	1
33283	34	1
33284	34	1
33285	68	1
33286	85	1
33287	30	1
33288	95	1
33289	72	1
33290	30	1
33291	70	1
33292	114	1
33293	33	1
33294	57	1
33295	84	1
33296	104	1
33297	40	1
33298	15	1
33299	82	1
33300	31	1
33301	77	1
33302	77	1
33303	6	1
33304	6	1
33305	83	1
33306	158	1
33307	34	1
33308	114	1
33309	84	1
33310	96	1
33311	63	1
33312	12	1
33313	43	1
33314	114	1
33315	27	1
33316	21	1
33317	12	1
33318	106	1
33319	118	1
33320	85	1
33321	35	1
33322	82	1
33323	25	1
33324	25	1
33325	125	1
33326	12	1
33327	2	1
33328	96	1
33329	37	1
33330	118	1
33331	3	1
33332	63	1
33333	32	1
33334	115	1
33335	19	1
33336	32	1
33337	6	1
33338	98	1
33339	4	1
33340	49	1
33341	25	1
33342	54	1
33343	102	1
33344	31	1
33345	42	1
33346	66	1
33347	84	1
33348	118	1
33349	4	1
33350	111	1
33351	129	1
33352	34	1
33353	2	1
33354	82	1
33355	93	1
33356	55	1
33357	85	1
33358	1	1
33359	52	1
33360	35	1
33361	5	1
33362	29	1
33363	52	1
33364	30	1
33365	6	1
33366	56	1
33367	56	1
33368	6	1
33369	102	1
33370	75	1
33371	4	1
33372	79	1
33373	13	1
33374	6	1
33375	70	1
33376	30	1
33377	6	1
33378	73	1
33379	6	1
33380	38	1
33381	34	1
33382	34	1
33383	4	1
33384	4	1
33385	110	1
33386	4	1
33387	61	1
33388	52	1
33389	121	1
33390	8	1
33391	11	1
33392	68	1
33393	35	1
33394	27	1
33395	6	1
33396	43	1
33397	6	1
33398	118	1
33399	60	1
33400	118	1
33401	6	1
33402	137	1
33403	52	1
33404	33	1
33405	104	1
33406	103	1
33407	103	1
33408	82	1
33409	6	1
33410	19	1
33411	47	1
33412	11	1
33413	6	1
33414	39	1
33415	158	1
33416	46	1
33417	46	1
33418	8	1
33419	11	1
33420	6	1
33421	11	1
33422	17	1
33423	25	1
33424	96	1
33425	61	1
33426	77	1
33427	33	1
33428	100	1
33429	4	1
33430	17	1
33431	2	1
33432	90	1
33433	92	1
33434	92	1
33435	8	1
33436	1	1
33437	30	1
33438	79	1
33439	96	1
33440	115	1
33441	25	1
33442	46	1
33443	62	1
33444	4	1
33445	102	1
33446	72	1
33447	21	1
33448	102	1
33449	6	1
33450	6	1
33451	6	1
33452	35	1
33453	6	1
33454	118	1
33455	93	1
33456	37	1
33457	172	1
33458	103	1
33459	85	1
33460	0	1
33461	129	1
33462	191	1
33463	17	1
33464	6	1
33465	61	1
33466	121	1
33467	103	1
33468	70	1
33469	139	1
33470	103	1
33471	124	1
33472	124	1
33473	19	1
33474	46	1
33475	66	1
33476	31	1
33477	84	1
33478	73	1
33479	33	1
33480	84	1
33481	83	1
33482	35	1
33483	137	1
33484	77	1
33485	38	1
33486	34	1
33487	13	1
33488	3	1
33489	82	1
33490	83	1
33491	10	1
33492	6	1
33493	33	1
33494	70	1
33495	54	1
33496	104	1
33497	37	1
33498	14	1
33499	13	1
33500	40	1
33501	55	1
33502	12	1
33503	121	1
33504	6	1
33505	35	1
33506	6	1
33507	41	1
33508	92	1
33509	6	1
33510	158	1
33511	27	1
33512	70	1
33513	12	1
33514	172	1
33515	96	1
33516	55	1
33517	27	1
33518	98	1
33519	65	1
33520	57	1
33521	60	1
33522	19	1
33523	84	1
33524	33	1
33525	6	1
33526	96	1
33527	41	1
33528	18	1
33529	33	1
33530	33	1
33531	18	1
33532	0	1
33533	35	1
33534	4	1
33535	61	1
33536	6	1
33537	6	1
33538	106	1
33539	139	1
33540	139	1
33541	18	1
33542	47	1
33543	33	1
33544	0	1
33545	33	1
33546	33	1
33547	6	1
33548	3	1
33549	35	1
33550	12	1
33551	98	1
33552	93	1
33553	34	1
33554	74	1
33555	6	1
33556	33	1
33557	47	1
33558	56	1
33559	85	1
33560	17	1
33561	5	1
33562	36	1
33563	3	1
33564	29	1
33565	2	1
33566	98	1
33567	42	1
33568	64	1
33569	21	1
33570	109	1
33571	60	1
33572	68	1
33573	68	1
33574	46	1
33575	57	1
33576	71	1
33577	41	1
33578	16	1
33579	102	1
33580	29	1
33581	77	1
33582	93	1
33583	36	1
33584	38	1
33585	137	1
33586	55	1
33587	18	1
33588	12	1
33589	48	1
33590	11	1
33591	74	1
33592	93	1
33593	38	1
33594	11	1
33595	85	1
33596	12	1
33597	38	1
33598	77	1
33599	17	1
33600	82	1
33601	54	1
33602	35	1
33603	4	1
33604	38	1
33605	54	1
33606	93	1
33607	55	1
33608	6	1
33609	36	1
33610	29	1
33611	150	1
33612	8	1
33613	55	1
33614	137	1
33615	82	1
33616	6	1
33617	30	1
33618	73	1
33619	64	1
33620	93	1
33621	82	1
33622	66	1
33623	19	1
33624	13	1
33625	5	1
33626	68	1
33627	25	1
33628	8	1
33629	74	1
33630	19	1
33631	33	1
33632	79	1
33633	93	1
33634	68	1
33635	61	1
33636	54	1
33637	19	1
33638	21	1
33639	38	1
33640	83	1
33641	38	1
33642	55	1
33643	45	1
33644	4	1
33645	45	1
33646	25	1
33647	96	1
33648	114	1
33649	32	1
33650	12	1
33651	4	1
33652	77	1
33653	4	1
33654	109	1
33655	41	1
33656	41	1
33657	6	1
33658	5	1
33659	6	1
33660	19	1
33661	1	1
33662	12	1
33663	12	1
33664	35	1
33665	84	1
33666	34	1
33667	84	1
33668	73	1
33669	25	1
33670	6	1
33671	54	1
33672	62	1
33673	17	1
33674	6	1
33675	6	1
33676	30	1
33677	33	1
33678	43	1
33679	115	1
33680	153	1
33681	18	1
33682	38	1
33683	53	1
33684	6	1
33685	19	1
33686	18	1
33687	30	1
33688	6	1
33689	34	1
33690	17	1
33691	49	1
33692	6	1
33693	68	1
33694	17	1
33695	65	1
33696	123	1
33697	10	1
33698	33	1
33699	31	1
33700	135	1
33701	127	1
33702	4	1
33703	22	1
33704	4	1
33705	31	1
33706	33	1
33707	30	1
33708	57	1
33709	103	1
33710	6	1
33711	57	1
33712	19	1
33713	4	1
33714	1	1
33715	78	1
33716	70	1
33717	4	1
33718	17	1
33719	82	1
33720	41	1
33721	69	1
33722	85	1
33723	70	1
33724	6	1
33725	17	1
33726	8	1
33727	67	1
33728	124	1
33729	43	1
33730	6	1
33731	6	1
33732	171	1
33733	117	1
33734	64	1
33735	55	1
33736	8	1
33737	46	1
33738	6	1
33739	62	1
33740	6	1
33741	46	1
33742	103	1
33743	4	1
33744	27	1
33745	31	1
33746	31	1
33747	11	1
33748	36	1
33749	27	1
33750	103	1
33751	32	1
33752	6	1
33753	110	1
33754	84	1
33755	73	1
33756	12	1
33757	25	1
33758	61	1
33759	12	1
33760	12	1
33761	1	1
33762	110	1
33763	55	1
33764	90	1
33765	64	1
33766	44	1
33767	18	1
33768	46	1
33769	18	1
33770	82	1
33771	19	1
33772	84	1
33773	3	1
33774	22	1
33775	37	1
33776	43	1
33777	129	1
33778	6	1
33779	36	1
33780	82	1
33781	6	1
33782	6	1
33783	103	1
33784	103	1
33785	70	1
33786	70	1
33787	31	1
33788	6	1
33789	6	1
33790	31	1
33791	31	1
33792	40	1
33793	31	1
33794	11	1
33795	84	1
33796	17	1
33797	55	1
33798	33	1
33799	81	1
33800	135	1
33801	33	1
33802	6	1
33803	92	1
33804	11	1
33805	66	1
33806	25	1
33807	55	1
33808	84	1
33809	84	1
33810	84	1
33811	98	1
33812	4	1
33813	37	1
33814	72	1
33815	84	1
33816	82	1
33817	135	1
33818	18	1
33819	35	1
33820	36	1
33821	6	1
33822	0	1
33823	6	1
33824	70	1
33825	70	1
33826	94	1
33827	32	1
33828	25	1
33829	55	1
33830	47	1
33831	12	1
33832	79	1
33833	130	1
33834	61	1
33835	31	1
33836	6	1
33837	11	1
33838	11	1
33839	0	1
33840	0	1
33841	158	1
33842	12	1
33843	70	1
33844	63	1
33845	63	1
33846	102	1
33847	18	1
33848	6	1
33849	33	1
33850	6	1
33851	6	1
33852	0	1
33853	33	1
33854	63	1
33855	33	1
33856	35	1
33857	6	1
33858	18	1
33859	98	1
33860	93	1
33861	110	1
33862	38	1
33863	137	1
33864	11	1
33865	57	1
33866	25	1
33867	5	1
33868	11	1
33869	29	1
33870	55	1
33871	13	1
33872	29	1
33873	36	1
33874	16	1
33875	35	1
33876	70	1
33877	90	1
33878	39	1
33879	68	1
33880	84	1
33881	84	1
33882	84	1
33883	57	1
33884	85	1
33885	33	1
33886	83	1
33887	75	1
33888	27	1
33889	90	1
33890	83	1
33891	31	1
33892	31	1
33893	60	1
33894	74	1
33895	45	1
33896	38	1
33897	18	1
33898	109	1
33899	68	1
33900	83	1
33901	4	1
33902	54	1
33903	96	1
33904	15	1
33905	77	1
33906	137	1
33907	55	1
33908	60	1
33909	30	1
33910	45	1
33911	45	1
33912	61	1
33913	38	1
33914	93	1
33915	115	1
33916	47	1
33917	45	1
33918	96	1
33919	92	1
33920	62	1
33921	165	1
33922	30	1
33923	35	1
33924	100	1
33925	69	1
33926	33	1
33927	53	1
33928	2	1
33929	6	1
33930	82	1
33931	54	1
33932	79	1
33933	30	1
33934	67	1
33935	77	1
33936	30	1
33937	3	1
33938	6	1
33939	6	1
33940	135	1
33941	6	1
33942	55	1
33943	84	1
33944	6	1
33945	83	1
33946	8	1
33947	34	1
33948	13	1
33949	135	1
33950	84	1
33951	114	1
33952	52	1
33953	93	1
33954	37	1
33955	153	1
33956	79	1
33957	82	1
33958	84	1
33959	2	1
33960	50	1
33961	55	1
33962	121	1
33963	6	1
33964	84	1
33965	34	1
33966	17	1
33967	47	1
33968	79	1
33969	19	1
33970	47	1
33971	25	1
33972	17	1
33973	6	1
33974	41	1
33975	101	1
33976	82	1
33977	55	1
33978	1	1
33979	55	1
33980	6	1
33981	84	1
33982	19	1
33983	144	1
33984	97	1
33985	8	1
33986	18	1
33987	98	1
33988	46	1
33989	77	1
33990	74	1
33991	123	1
33992	43	1
33993	131	1
33994	33	1
33995	11	1
33996	0	1
33997	0	1
33998	82	1
33999	35	1
34000	6	1
34001	6	1
34002	153	1
34003	25	1
34004	6	1
34005	6	1
34006	35	1
34007	26	1
34008	1	1
34009	50	1
34010	3	1
34011	31	1
34012	5	1
34013	103	1
34014	54	1
34015	73	1
34016	47	1
34017	6	1
34018	17	1
34019	70	1
34020	79	1
34021	73	1
34022	42	1
34023	33	1
34024	36	1
34025	140	1
34026	3	1
34027	3	1
34028	41	1
34029	33	1
34030	98	1
34031	29	1
34032	52	1
34033	110	1
34034	4	1
34035	4	1
34036	16	1
34037	39	1
34038	8	1
34039	34	1
34040	22	1
34041	33	1
34042	39	1
34043	34	1
34044	35	1
34045	104	1
34046	115	1
34047	93	1
34048	55	1
34049	122	1
34050	76	1
34051	83	1
34052	6	1
34053	0	1
34054	85	1
34055	70	1
34056	104	1
34057	129	1
34058	4	1
34059	5	1
34060	33	1
34061	103	1
34062	172	1
34063	6	1
34064	78	1
34065	41	1
34066	47	1
34067	6	1
34068	27	1
34069	30	1
34070	8	1
34071	8	1
34072	29	1
34073	19	1
34074	106	1
34075	11	1
34076	11	1
34077	124	1
34078	93	1
34079	93	1
34080	77	1
34081	11	1
34082	35	1
34083	12	1
34084	121	1
34085	13	1
34086	0	1
34087	43	1
34088	46	1
34089	30	1
34090	54	1
34091	6	1
34092	38	1
34093	70	1
34094	6	1
34095	135	1
34096	11	1
34097	35	1
34098	35	1
34099	139	1
34100	22	1
34101	4	1
34102	33	1
34103	74	1
34104	84	1
34105	70	1
34106	6	1
34107	124	1
34108	75	1
34109	4	1
34110	11	1
34111	31	1
34112	3	1
34113	88	1
34114	4	1
34115	64	1
34116	22	1
34117	137	1
34118	1	1
34119	53	1
34120	68	1
34121	151	1
34122	18	1
34123	34	1
34124	103	1
34125	33	1
34126	6	1
34127	47	1
34128	84	1
34129	18	1
34130	6	1
34131	93	1
34132	172	1
34133	6	1
34134	96	1
34135	33	1
34136	55	1
34137	56	1
34138	0	1
34139	116	1
34140	45	1
34141	12	1
34142	31	1
34143	90	1
34144	121	1
34145	29	1
34146	13	1
34147	90	1
34148	6	1
34149	40	1
34150	1	1
34151	93	1
34152	29	1
34153	84	1
34154	18	1
34155	70	1
34156	0	1
34157	6	1
34158	0	1
34159	92	1
34160	41	1
34161	4	1
34162	6	1
34163	63	1
34164	34	1
34165	17	1
34166	6	1
34167	34	1
34168	33	1
34169	6	1
34170	8	1
34171	52	1
34172	61	1
34173	46	1
34174	46	1
34175	18	1
34176	25	1
34177	22	1
34178	41	1
34179	38	1
34180	4	1
34181	5	1
34182	102	1
34183	139	1
34184	31	1
34185	121	1
34186	31	1
34187	38	1
34188	9	1
34189	84	1
34190	60	1
34191	31	1
34192	55	1
34193	70	1
34194	54	1
34195	68	1
34196	23	1
34197	18	1
34198	31	1
34199	40	1
34200	41	1
34201	21	1
34202	101	1
34203	93	1
34204	29	1
34205	40	1
34206	35	1
34207	54	1
34208	90	1
34209	54	1
34210	31	1
34211	31	1
34212	35	1
34213	60	1
34214	4	1
34215	68	1
34216	96	1
34217	54	1
34218	77	1
34219	76	1
34220	47	1
34221	65	1
34222	76	1
34223	22	1
34224	137	1
34225	60	1
34226	5	1
34227	33	1
34228	52	1
34229	158	1
34230	4	1
34231	45	1
34232	73	1
34233	85	1
34234	90	1
34235	70	1
34236	84	1
34237	65	1
34238	84	1
34239	40	1
34240	29	1
34241	74	1
34242	84	1
34243	34	1
34244	34	1
34245	75	1
34246	96	1
34247	84	1
34248	50	1
34249	35	1
34250	129	1
34251	85	1
34252	85	1
34253	33	1
34254	43	1
34255	19	1
34256	48	1
34257	151	1
34258	106	1
34259	34	1
34260	32	1
34261	6	1
34262	19	1
34263	26	1
34264	135	1
34265	6	1
34266	114	1
34267	25	1
34268	84	1
34269	19	1
34270	84	1
34271	18	1
34272	47	1
34273	4	1
34274	25	1
34275	12	1
34276	114	1
34277	18	1
34278	6	1
34279	27	1
34280	6	1
34281	35	1
34282	84	1
34283	8	1
34284	135	1
34285	60	1
34286	84	1
34287	21	1
34288	30	1
34289	84	1
34290	19	1
34291	2	1
34292	35	1
34293	93	1
34294	13	1
34295	77	1
34296	9	1
34297	55	1
34298	4	1
34299	8	1
34300	34	1
34301	55	1
34302	29	1
34303	34	1
34304	19	1
34305	34	1
34306	6	1
34307	34	1
34308	6	1
34309	22	1
34310	140	1
34311	66	1
34312	138	1
34313	30	1
34314	7	1
34315	6	1
34316	6	1
34317	22	1
34318	33	1
34319	34	1
34320	137	1
34321	41	1
34322	4	1
34323	4	1
34324	17	1
34325	33	1
34326	63	1
34327	71	1
34328	4	1
34329	121	1
34330	33	1
34331	38	1
34332	34	1
34333	52	1
34334	33	1
34335	56	1
34336	4	1
34337	6	1
34338	84	1
34339	62	1
34340	70	1
34341	70	1
34342	93	1
34343	33	1
34344	84	1
34345	84	1
34346	103	1
34347	43	1
34348	5	1
34349	118	1
34350	12	1
34351	6	1
34352	29	1
34353	34	1
34354	19	1
34355	8	1
34356	146	1
34357	19	1
34358	41	1
34359	103	1
34360	6	1
34361	4	1
34362	103	1
34363	103	1
34364	46	1
34365	32	1
34366	103	1
34367	17	1
34368	11	1
34369	45	1
34370	96	1
34371	68	1
34372	68	1
34373	43	1
34374	25	1
34375	60	1
34376	29	1
34377	85	1
34378	8	1
34379	8	1
34380	8	1
34381	64	1
34382	42	1
34383	19	1
34384	62	1
34385	19	1
34386	118	1
34387	34	1
34388	8	1
34389	6	1
34390	6	1
34391	34	1
34392	93	1
34393	55	1
34394	3	1
34395	118	1
34396	56	1
34397	158	1
34398	31	1
34399	85	1
34400	38	1
34401	36	1
34402	61	1
34403	83	1
34404	33	1
34405	103	1
34406	84	1
34407	3	1
34408	6	1
34409	6	1
34410	32	1
34411	11	1
34412	88	1
34413	88	1
34414	11	1
34415	21	1
34416	5	1
34417	33	1
34418	66	1
34419	27	1
34420	83	1
34421	83	1
34422	33	1
34423	98	1
34424	88	1
34425	43	1
34426	84	1
34427	84	1
34428	68	1
34429	103	1
34430	6	1
34431	70	1
34432	18	1
34433	31	1
34434	31	1
34435	0	1
34436	19	1
34437	77	1
34438	33	1
34439	111	1
34440	70	1
34441	2	1
34442	129	1
34443	18	1
34444	6	1
34445	0	1
34446	93	1
34447	29	1
34448	0	1
34449	68	1
34450	31	1
34451	33	1
34452	33	1
34453	0	1
34454	6	1
34455	6	1
34456	0	1
34457	30	1
34458	6	1
34459	33	1
34460	45	1
34461	6	1
34462	158	1
34463	8	1
34464	6	1
34465	18	1
34466	6	1
34467	46	1
34468	46	1
34469	46	1
34470	18	1
34471	17	1
34472	17	1
34473	43	1
34474	12	1
34475	18	1
34476	4	1
34477	4	1
34478	28	1
34479	38	1
34480	137	1
34481	11	1
34482	38	1
34483	60	1
34484	54	1
34485	103	1
34486	27	1
34487	47	1
34488	68	1
34489	56	1
34490	84	1
34491	68	1
34492	97	1
34493	76	1
34494	29	1
34495	25	1
34496	84	1
34497	90	1
34498	115	1
34499	55	1
34500	61	1
34501	79	1
34502	115	1
34503	71	1
34504	6	1
34505	96	1
34506	82	1
34507	93	1
34508	18	1
34509	6	1
34510	54	1
34511	40	1
34512	4	1
34513	39	1
34514	11	1
34515	31	1
34516	84	1
34517	84	1
34518	4	1
34519	6	1
34520	60	1
34521	54	1
34522	1	1
34523	6	1
34524	61	1
34525	25	1
34526	41	1
34527	88	1
34528	29	1
34529	35	1
34530	117	1
34531	73	1
34532	68	1
34533	43	1
34534	33	1
34535	55	1
34536	172	1
34537	34	1
34538	93	1
34539	74	1
34540	31	1
34541	45	1
34542	27	1
34543	133	1
34544	68	1
34545	83	1
34546	82	1
34547	19	1
34548	79	1
34549	88	1
34550	17	1
34551	96	1
34552	118	1
34553	2	1
34554	34	1
34555	84	1
34556	45	1
34557	4	1
34558	135	1
34559	135	1
34560	84	1
34561	11	1
34562	13	1
34563	45	1
34564	43	1
34565	13	1
34566	4	1
34567	69	1
34568	85	1
34569	1	1
34570	56	1
34571	12	1
34572	90	1
34573	111	1
34574	6	1
34575	33	1
34576	12	1
34577	55	1
34578	103	1
34579	32	1
34580	21	1
34581	70	1
34582	19	1
34583	97	1
34584	56	1
34585	93	1
34586	6	1
34587	64	1
34588	33	1
34589	84	1
34590	45	1
34591	18	1
34592	98	1
34593	12	1
34594	12	1
34595	93	1
34596	6	1
34597	30	1
34598	30	1
34599	106	1
34600	56	1
34601	60	1
34602	46	1
34603	6	1
34604	83	1
34605	56	1
34606	34	1
34607	143	1
34608	84	1
34609	33	1
34610	6	1
34611	54	1
34612	7	1
34613	55	1
34614	148	1
34615	49	1
34616	13	1
34617	8	1
34618	16	1
34619	8	1
34620	2	1
34621	53	1
34622	30	1
34623	56	1
34624	6	1
34625	6	1
34626	93	1
34627	77	1
34628	4	1
34629	4	1
34630	34	1
34631	33	1
34632	27	1
34633	22	1
34634	121	1
34635	103	1
34636	56	1
34637	52	1
34638	103	1
34639	84	1
34640	82	1
34641	27	1
34642	33	1
34643	4	1
34644	4	1
34645	60	1
34646	27	1
34647	117	1
34648	118	1
34649	75	1
34650	137	1
34651	70	1
34652	6	1
34653	19	1
34654	34	1
34655	79	1
34656	17	1
34657	18	1
34658	2	1
34659	34	1
34660	124	1
34661	6	1
34662	47	1
34663	19	1
34664	4	1
34665	8	1
34666	77	1
34667	56	1
34668	46	1
34669	46	1
34670	27	1
34671	27	1
34672	25	1
34673	1	1
34674	6	1
34675	73	1
34676	45	1
34677	60	1
34678	6	1
34679	12	1
34680	1	1
34681	74	1
34682	8	1
34683	19	1
34684	60	1
34685	52	1
34686	22	1
34687	103	1
34688	61	1
34689	87	1
34690	17	1
34691	36	1
34692	36	1
34693	34	1
34694	37	1
34695	67	1
34696	125	1
34697	53	1
34698	36	1
34699	6	1
34700	82	1
34701	133	1
34702	6	1
34703	34	1
34704	4	1
34705	18	1
34706	70	1
34707	1	1
34708	6	1
34709	139	1
34710	6	1
34711	6	1
34712	77	1
34713	38	1
34714	11	1
34715	85	1
34716	84	1
34717	54	1
34718	82	1
34719	27	1
34720	125	1
34721	31	1
34722	30	1
34723	33	1
34724	45	1
34725	19	1
34726	98	1
34727	6	1
34728	70	1
34729	82	1
34730	6	1
34731	17	1
34732	70	1
34733	36	1
34734	92	1
34735	55	1
34736	70	1
34737	116	1
34738	33	1
34739	79	1
34740	76	1
34741	156	1
34742	34	1
34743	103	1
34744	6	1
34745	33	1
34746	11	1
34747	33	1
34748	6	1
34749	0	1
34750	33	1
34751	6	1
34752	84	1
34753	66	1
34754	4	1
34755	121	1
34756	47	1
34757	33	1
34758	4	1
34759	103	1
34760	8	1
34761	13	1
34762	33	1
34763	33	1
34764	33	1
34765	3	1
34766	4	1
34767	18	1
34768	115	1
34769	11	1
34770	47	1
34771	33	1
34772	38	1
34773	38	1
34774	57	1
34775	60	1
34776	33	1
34777	68	1
34778	137	1
34779	30	1
34780	84	1
34781	68	1
34782	35	1
34783	117	1
34784	115	1
34785	31	1
34786	11	1
34787	103	1
34788	115	1
34789	14	1
34790	45	1
34791	84	1
34792	93	1
34793	66	1
34794	54	1
34795	6	1
34796	102	1
34797	84	1
34798	92	1
34799	118	1
34800	82	1
34801	68	1
34802	56	1
34803	54	1
34804	5	1
34805	55	1
34806	31	1
34807	12	1
34808	17	1
34809	30	1
34810	73	1
34811	21	1
34812	40	1
34813	114	1
34814	68	1
34815	45	1
34816	148	1
34817	62	1
34818	19	1
34819	75	1
34820	21	1
34821	75	1
34822	130	1
34823	27	1
34824	4	1
34825	45	1
34826	84	1
34827	114	1
34828	63	1
34829	49	1
34830	69	1
34831	93	1
34832	85	1
34833	114	1
34834	18	1
34835	61	1
34836	97	1
34837	79	1
34838	118	1
34839	30	1
34840	35	1
34841	25	1
34842	4	1
34843	6	1
34844	19	1
34845	93	1
34846	19	1
34847	6	1
34848	30	1
34849	84	1
34850	103	1
34851	62	1
34852	77	1
34853	56	1
34854	148	1
34855	84	1
34856	35	1
34857	11	1
34858	33	1
34859	33	1
34860	6	1
34861	46	1
34862	6	1
34863	60	1
34864	129	1
34865	4	1
34866	55	1
34867	114	1
34868	129	1
34869	77	1
34870	106	1
34871	6	1
34872	6	1
34873	18	1
34874	34	1
34875	98	1
34876	18	1
34877	6	1
34878	30	1
34879	56	1
34880	60	1
34881	45	1
34882	2	1
34883	1	1
34884	15	1
34885	34	1
34886	110	1
34887	17	1
34888	33	1
34889	2	1
34890	33	1
34891	33	1
34892	4	1
34893	4	1
34894	34	1
34895	6	1
34896	6	1
34897	11	1
34898	11	1
34899	70	1
34900	63	1
34901	27	1
34902	103	1
34903	82	1
34904	124	1
34905	85	1
34906	69	1
34907	60	1
34908	30	1
34909	52	1
34910	27	1
34911	33	1
34912	78	1
34913	11	1
34914	17	1
34915	31	1
34916	60	1
34917	40	1
34918	77	1
34919	103	1
34920	109	1
34921	121	1
34922	33	1
34923	13	1
34924	6	1
34925	14	1
34926	39	1
34927	36	1
34928	84	1
34929	43	1
34930	13	1
34931	60	1
34932	60	1
34933	19	1
34934	70	1
34935	43	1
34936	41	1
34937	60	1
34938	8	1
34939	139	1
34940	8	1
34941	54	1
34942	34	1
34943	7	1
34944	68	1
34945	96	1
34946	35	1
34947	93	1
34948	17	1
34949	48	1
34950	31	1
34951	38	1
34952	39	1
34953	122	1
34954	38	1
34955	6	1
34956	98	1
34957	62	1
34958	124	1
34959	103	1
34960	103	1
34961	70	1
34962	6	1
34963	19	1
34964	6	1
34965	6	1
34966	6	1
34967	6	1
34968	70	1
34969	5	1
34970	61	1
34971	88	1
34972	92	1
34973	11	1
34974	70	1
34975	83	1
34976	31	1
34977	83	1
34978	15	1
34979	10	1
34980	93	1
34981	40	1
34982	6	1
34983	6	1
34984	92	1
34985	70	1
34986	55	1
34987	54	1
34988	70	1
34989	66	1
34990	146	1
34991	77	1
34992	82	1
34993	88	1
34994	79	1
34995	55	1
34996	79	1
34997	79	1
34998	19	1
34999	84	1
35000	25	1
35001	35	1
35002	6	1
35003	33	1
35004	103	1
35005	33	1
35006	6	1
35007	33	1
35008	12	1
35009	84	1
35010	55	1
35011	55	1
35012	139	1
35013	6	1
35014	33	1
35015	6	1
35016	33	1
35017	33	1
35018	33	1
35019	8	1
35020	0	1
35021	33	1
35022	46	1
35023	46	1
35024	33	1
35025	84	1
35026	4	1
35027	6	1
35028	13	1
35029	0	1
35030	54	1
35031	106	1
35032	38	1
35033	66	1
35034	38	1
35035	62	1
35036	55	1
35037	28	1
35038	11	1
35039	41	1
35040	11	1
35041	11	1
35042	38	1
35043	84	1
35044	19	1
35045	33	1
35046	68	1
35047	84	1
35048	90	1
35049	11	1
35050	77	1
35051	82	1
35052	54	1
35053	18	1
35054	76	1
35055	96	1
35056	6	1
35057	36	1
35058	4	1
35059	117	1
35060	84	1
35061	93	1
35062	35	1
35063	18	1
35064	39	1
35065	106	1
35066	54	1
35067	63	1
35068	12	1
35069	143	1
35070	54	1
35071	49	1
35072	85	1
35073	29	1
35074	121	1
35075	60	1
35076	12	1
35077	83	1
35078	92	1
35079	103	1
35080	103	1
35081	135	1
35082	45	1
35083	68	1
35084	0	1
35085	124	1
35086	85	1
35087	103	1
35088	35	1
35089	93	1
35090	3	1
35091	82	1
35092	139	1
35093	83	1
35094	34	1
35095	12	1
35096	96	1
35097	85	1
35098	13	1
35099	27	1
35100	68	1
35101	3	1
35102	106	1
35103	2	1
35104	68	1
35105	6	1
35106	56	1
35107	18	1
35108	61	1
35109	70	1
35110	102	1
35111	12	1
35112	15	1
35113	77	1
35114	41	1
35115	4	1
35116	84	1
35117	4	1
35118	19	1
35119	18	1
35120	6	1
35121	66	1
35122	76	1
35123	121	1
35124	135	1
35125	27	1
35126	93	1
35127	54	1
35128	38	1
35129	36	1
35130	84	1
35131	4	1
35132	7	1
35133	6	1
35134	56	1
35135	49	1
35136	103	1
35137	85	1
35138	6	1
35139	72	1
35140	4	1
35141	4	1
35142	74	1
35143	63	1
35144	12	1
35145	22	1
35146	4	1
35147	22	1
35148	33	1
35149	57	1
35150	33	1
35151	34	1
35152	79	1
35153	4	1
35154	103	1
35155	37	1
35156	43	1
35157	8	1
35158	4	1
35159	104	1
35160	6	1
35161	61	1
35162	84	1
35163	55	1
35164	25	1
35165	78	1
35166	75	1
35167	0	1
35168	146	1
35169	6	1
35170	172	1
35171	103	1
35172	43	1
35173	17	1
35174	6	1
35175	6	1
35176	6	1
35177	19	1
35178	117	1
35179	6	1
35180	6	1
35181	46	1
35182	46	1
35183	103	1
35184	6	1
35185	6	1
35186	33	1
35187	11	1
35188	11	1
35189	11	1
35190	61	1
35191	19	1
35192	70	1
35193	100	1
35194	68	1
35195	43	1
35196	45	1
35197	75	1
35198	45	1
35199	92	1
35200	84	1
35201	85	1
35202	38	1
35203	54	1
35204	17	1
35205	54	1
35206	35	1
35207	8	1
35208	100	1
35209	118	1
35210	173	1
35211	35	1
35212	6	1
35213	3	1
35214	34	1
35215	129	1
35216	75	1
35217	63	1
35218	19	1
35219	110	1
35220	35	1
35221	3	1
35222	103	1
35223	35	1
35224	35	1
35225	6	1
35226	6	1
35227	70	1
35228	78	1
35229	11	1
35230	92	1
35231	31	1
35232	93	1
35233	33	1
35234	124	1
35235	6	1
35236	33	1
35237	41	1
35238	88	1
35239	88	1
35240	6	1
35241	73	1
35242	6	1
35243	46	1
35244	75	1
35245	6	1
35246	6	1
35247	70	1
35248	61	1
35249	12	1
35250	79	1
35251	55	1
35252	55	1
35253	90	1
35254	79	1
35255	96	1
35256	35	1
35257	70	1
35258	61	1
35259	103	1
35260	33	1
35261	96	1
35262	19	1
35263	61	1
35264	85	1
35265	12	1
35266	33	1
35267	6	1
35268	0	1
35269	33	1
35270	33	1
35271	144	1
35272	6	1
35273	33	1
35274	45	1
35275	47	1
35276	56	1
35277	33	1
35278	12	1
35279	31	1
35280	8	1
35281	33	1
35282	0	1
35283	121	1
35284	33	1
35285	18	1
35286	6	1
35287	46	1
35288	46	1
35289	92	1
35290	3	1
35291	84	1
35292	90	1
35293	11	1
35294	13	1
35295	38	1
35296	11	1
35297	150	1
35298	56	1
35299	68	1
35300	11	1
35301	4	1
35302	11	1
35303	19	1
35304	33	1
35305	84	1
35306	137	1
35307	45	1
35308	6	1
35309	13	1
35310	90	1
35311	84	1
35312	84	1
35313	27	1
35314	102	1
35315	27	1
35316	22	1
35317	35	1
35318	12	1
35319	4	1
35320	93	1
35321	38	1
35322	84	1
35323	11	1
35324	6	1
35325	139	1
35326	18	1
35327	76	1
35328	117	1
35329	26	1
35330	41	1
35331	6	1
35332	6	1
35333	73	1
35334	73	1
35335	45	1
35336	68	1
35337	43	1
35338	75	1
35339	57	1
35340	33	1
35341	34	1
35342	34	1
35343	47	1
35344	62	1
35345	90	1
35346	84	1
35347	84	1
35348	104	1
35349	82	1
35350	17	1
35351	25	1
35352	83	1
35353	31	1
35354	45	1
35355	84	1
35356	17	1
35357	27	1
35358	85	1
35359	84	1
35360	84	1
35361	43	1
35362	41	1
35363	12	1
35364	135	1
35365	127	1
35366	85	1
35367	135	1
35368	88	1
35369	46	1
35370	4	1
35371	35	1
35372	55	1
35373	54	1
35374	21	1
35375	11	1
35376	71	1
35377	3	1
35378	6	1
35379	35	1
35380	17	1
35381	6	1
35382	64	1
35383	65	1
35384	83	1
35385	84	1
35386	115	1
35387	43	1
35388	6	1
35389	19	1
35390	60	1
35391	18	1
35392	122	1
35393	6	1
35394	30	1
35395	66	1
35396	34	1
35397	4	1
35398	4	1
35399	33	1
35400	34	1
35401	33	1
35402	79	1
35403	56	1
35404	36	1
35405	4	1
35406	4	1
35407	33	1
35408	41	1
35409	3	1
35410	71	1
35411	22	1
35412	17	1
35413	46	1
35414	61	1
35415	4	1
35416	4	1
35417	4	1
35418	84	1
35419	4	1
35420	3	1
35421	78	1
35422	45	1
35423	40	1
35424	135	1
35425	104	1
35426	68	1
35427	102	1
35428	85	1
35429	118	1
35430	17	1
35431	17	1
35432	33	1
35433	30	1
35434	38	1
35435	151	1
35436	144	1
35437	34	1
35438	6	1
35439	70	1
35440	93	1
35441	19	1
35442	19	1
35443	47	1
35444	6	1
35445	8	1
35446	46	1
35447	6	1
35448	27	1
35449	31	1
35450	6	1
35451	75	1
35452	70	1
35453	93	1
35454	30	1
35455	84	1
35456	12	1
35457	45	1
35458	6	1
35459	77	1
35460	0	1
35461	25	1
35462	96	1
35463	8	1
35464	88	1
35465	17	1
35466	61	1
35467	85	1
35468	37	1
35469	92	1
35470	46	1
35471	103	1
35472	110	1
35473	29	1
35474	93	1
35475	118	1
35476	4	1
35477	172	1
35478	79	1
35479	172	1
35480	96	1
35481	13	1
35482	19	1
35483	103	1
35484	55	1
35485	6	1
35486	84	1
35487	93	1
35488	17	1
35489	4	1
35490	75	1
35491	83	1
35492	2	1
35493	31	1
35494	8	1
35495	33	1
35496	56	1
35497	84	1
35498	33	1
35499	98	1
35500	88	1
35501	71	1
35502	94	1
35503	6	1
35504	70	1
35505	6	1
35506	35	1
35507	70	1
35508	27	1
35509	82	1
35510	77	1
35511	55	1
35512	27	1
35513	33	1
35514	41	1
35515	33	1
35516	33	1
35517	34	1
35518	18	1
35519	35	1
35520	18	1
35521	6	1
35522	6	1
35523	110	1
35524	33	1
35525	78	1
35526	46	1
35527	7	1
35528	29	1
35529	85	1
35530	58	1
35531	29	1
35532	6	1
35533	50	1
35534	84	1
35535	109	1
35536	35	1
35537	76	1
35538	96	1
35539	84	1
35540	85	1
35541	74	1
35542	88	1
35543	60	1
35544	32	1
35545	137	1
35546	74	1
35547	82	1
35548	93	1
35549	115	1
35550	5	1
35551	92	1
35552	40	1
35553	31	1
35554	77	1
35555	84	1
35556	17	1
35557	36	1
35558	31	1
35559	137	1
35560	35	1
35561	45	1
35562	45	1
35563	38	1
35564	11	1
35565	84	1
35566	14	1
35567	22	1
35568	40	1
35569	54	1
35570	6	1
35571	77	1
35572	44	1
35573	40	1
35574	77	1
35575	111	1
35576	88	1
35577	6	1
35578	55	1
35579	49	1
35580	18	1
35581	121	1
35582	55	1
35583	13	1
35584	56	1
35585	84	1
35586	41	1
35587	34	1
35588	34	1
35589	84	1
35590	144	1
35591	33	1
35592	68	1
35593	0	1
35594	6	1
35595	79	1
35596	150	1
35597	88	1
35598	77	1
35599	1	1
35600	6	1
35601	84	1
35602	135	1
35603	84	1
35604	45	1
35605	85	1
35606	76	1
35607	57	1
35608	22	1
35609	114	1
35610	70	1
35611	93	1
35612	188	1
35613	17	1
35614	75	1
35615	25	1
35616	19	1
35617	2	1
35618	47	1
35619	85	1
35620	32	1
35621	19	1
35622	19	1
35623	93	1
35624	76	1
35625	76	1
35626	84	1
35627	18	1
35628	4	1
35629	6	1
35630	56	1
35631	84	1
35632	56	1
35633	84	1
35634	136	1
35635	30	1
35636	30	1
35637	118	1
35638	33	1
35639	85	1
35640	6	1
35641	4	1
35642	55	1
35643	74	1
35644	6	1
35645	55	1
35646	19	1
35647	43	1
35648	1	1
35649	4	1
35650	32	1
35651	3	1
35652	58	1
35653	30	1
35654	31	1
35655	46	1
35656	3	1
35657	40	1
35658	122	1
35659	34	1
35660	98	1
35661	4	1
35662	0	1
35663	4	1
35664	52	1
35665	33	1
35666	74	1
35667	71	1
35668	121	1
35669	22	1
35670	4	1
35671	33	1
35672	39	1
35673	55	1
35674	19	1
35675	6	1
35676	29	1
35677	1	1
35678	115	1
35679	70	1
35680	104	1
35681	84	1
35682	18	1
35683	18	1
35684	39	1
35685	93	1
35686	55	1
35687	31	1
35688	27	1
35689	11	1
35690	6	1
35691	3	1
35692	70	1
35693	38	1
35694	6	1
35695	38	1
35696	0	1
35697	118	1
35698	124	1
35699	103	1
35700	103	1
35701	5	1
35702	103	1
35703	85	1
35704	46	1
35705	8	1
35706	66	1
35707	18	1
35708	70	1
35709	104	1
35710	13	1
35711	45	1
35712	0	1
35713	10	1
35714	46	1
35715	8	1
35716	54	1
35717	54	1
35718	96	1
35719	90	1
35720	27	1
35721	52	1
35722	7	1
35723	78	1
35724	37	1
35725	6	1
35726	82	1
35727	68	1
35728	55	1
35729	5	1
35730	6	1
35731	98	1
35732	77	1
35733	136	1
35734	34	1
35735	23	1
35736	102	1
35737	27	1
35738	93	1
35739	45	1
35740	13	1
35741	26	1
35742	103	1
35743	70	1
35744	41	1
35745	98	1
35746	118	1
35747	6	1
35748	55	1
35749	93	1
35750	121	1
35751	82	1
35752	47	1
35753	47	1
35754	70	1
35755	139	1
35756	6	1
35757	33	1
35758	103	1
35759	37	1
35760	11	1
35761	33	1
35762	104	1
35763	137	1
35764	77	1
35765	54	1
35766	73	1
35767	53	1
35768	2	1
35769	60	1
35770	18	1
35771	56	1
35772	0	1
35773	103	1
35774	6	1
35775	106	1
35776	0	1
35777	55	1
35778	76	1
35779	12	1
35780	88	1
35781	77	1
35782	79	1
35783	93	1
35784	12	1
35785	172	1
35786	103	1
35787	61	1
35788	103	1
35789	0	1
35790	6	1
35791	33	1
35792	12	1
35793	40	1
35794	41	1
35795	18	1
35796	6	1
35797	33	1
35798	35	1
35799	35	1
35800	35	1
35801	33	1
35802	55	1
35803	0	1
35804	4	1
35805	61	1
35806	6	1
35807	27	1
35808	3	1
35809	35	1
35810	18	1
35811	38	1
35812	28	1
35813	36	1
35814	12	1
35815	92	1
35816	11	1
35817	11	1
35818	38	1
35819	85	1
35820	31	1
35821	70	1
35822	100	1
35823	16	1
35824	172	1
35825	74	1
35826	56	1
35827	60	1
35828	35	1
35829	60	1
35830	96	1
35831	90	1
35832	76	1
35833	35	1
35834	58	1
35835	23	1
35836	32	1
35837	76	1
35838	61	1
35839	115	1
35840	4	1
35841	70	1
35842	84	1
35843	47	1
35844	54	1
35845	18	1
35846	6	1
35847	35	1
35848	54	1
35849	54	1
35850	54	1
35851	25	1
35852	40	1
35853	6	1
35854	55	1
35855	25	1
35856	84	1
35857	13	1
35858	84	1
35859	88	1
35860	101	1
35861	76	1
35862	98	1
35863	68	1
35864	68	1
35865	30	1
35866	62	1
35867	45	1
35868	35	1
35869	17	1
35870	75	1
35871	104	1
35872	6	1
35873	79	1
35874	55	1
35875	55	1
35876	66	1
35877	45	1
35878	110	1
35879	114	1
35880	83	1
35881	12	1
35882	84	1
35883	56	1
35884	56	1
35885	61	1
35886	84	1
35887	85	1
35888	55	1
35889	0	1
35890	117	1
35891	19	1
35892	6	1
35893	98	1
35894	101	1
35895	101	1
35896	40	1
35897	84	1
35898	18	1
35899	6	1
35900	6	1
35901	84	1
35902	1	1
35903	82	1
35904	103	1
35905	103	1
35906	18	1
35907	54	1
35908	6	1
35909	73	1
35910	122	1
35911	6	1
35912	88	1
35913	34	1
35914	139	1
35915	44	1
35916	44	1
35917	62	1
35918	57	1
35919	110	1
35920	4	1
35921	6	1
35922	6	1
35923	74	1
35924	70	1
35925	57	1
35926	33	1
35927	85	1
35928	1	1
35929	54	1
35930	1	1
35931	78	1
35932	93	1
35933	38	1
35934	13	1
35935	60	1
35936	118	1
35937	11	1
35938	146	1
35939	19	1
35940	103	1
35941	109	1
35942	34	1
35943	43	1
35944	17	1
35945	43	1
35946	6	1
35947	46	1
35948	5	1
35949	8	1
35950	33	1
35951	1	1
35952	60	1
35953	1	1
35954	36	1
35955	1	1
35956	45	1
35957	43	1
35958	55	1
35959	8	1
35960	30	1
35961	8	1
35962	38	1
35963	8	1
35964	115	1
35965	8	1
35966	4	1
35967	62	1
35968	47	1
35969	26	1
35970	46	1
35971	114	1
35972	82	1
35973	111	1
35974	35	1
35975	103	1
35976	34	1
35977	34	1
35978	118	1
35979	34	1
35980	18	1
35981	125	1
35982	2	1
35983	14	1
35984	85	1
35985	31	1
35986	4	1
35987	6	1
35988	11	1
35989	33	1
35990	76	1
35991	74	1
35992	84	1
35993	2	1
35994	6	1
35995	35	1
35996	33	1
35997	103	1
35998	84	1
35999	98	1
36000	77	1
36001	6	1
36002	35	1
36003	30	1
36004	6	1
36005	6	1
36006	6	1
36007	0	1
36008	82	1
36009	6	1
36010	33	1
36011	171	1
36012	54	1
36013	93	1
36014	19	1
36015	29	1
36016	102	1
36017	6	1
36018	6	1
36019	18	1
36020	33	1
36021	18	1
36022	6	1
36023	8	1
36024	46	1
36025	46	1
36026	46	1
36027	46	1
36028	103	1
36029	41	1
36030	82	1
36031	17	1
36032	5	1
36033	121	1
36034	41	1
36035	31	1
36036	82	1
36037	35	1
36038	6	1
36039	13	1
36040	102	1
36041	115	1
36042	31	1
36043	75	1
36044	82	1
36045	68	1
36046	54	1
36047	5	1
36048	54	1
36049	83	1
36050	71	1
36051	109	1
36052	38	1
36053	18	1
36054	118	1
36055	84	1
36056	6	1
36057	35	1
36058	35	1
36059	6	1
36060	6	1
36061	19	1
36062	6	1
36063	6	1
36064	82	1
36065	88	1
36066	30	1
36067	32	1
36068	17	1
36069	93	1
36070	29	1
36071	54	1
36072	54	1
36073	90	1
36074	46	1
36075	87	1
36076	6	1
36077	6	1
36078	153	1
36079	73	1
36080	114	1
36081	55	1
36082	28	1
36083	34	1
36084	114	1
36085	17	1
36086	34	1
36087	62	1
36088	62	1
36089	45	1
36090	17	1
36091	17	1
36092	85	1
36093	62	1
36094	40	1
36095	79	1
36096	117	1
36097	1	1
36098	110	1
36099	0	1
36100	63	1
36101	17	1
36102	146	1
36103	77	1
36104	98	1
36105	31	1
36106	19	1
36107	12	1
36108	6	1
36109	77	1
36110	69	1
36111	85	1
36112	93	1
36113	6	1
36114	1	1
36115	84	1
36116	35	1
36117	103	1
36118	12	1
36119	18	1
36120	9	1
36121	6	1
36122	93	1
36123	18	1
36124	19	1
36125	161	1
36126	60	1
36127	25	1
36128	6	1
36129	60	1
36130	114	1
36131	63	1
36132	88	1
36133	62	1
36134	4	1
36135	37	1
36136	11	1
36137	54	1
36138	30	1
36139	143	1
36140	6	1
36141	93	1
36142	13	1
36143	17	1
36144	4	1
36145	4	1
36146	139	1
36147	3	1
36148	4	1
36149	67	1
36150	1	1
36151	46	1
36152	103	1
36153	70	1
36154	12	1
36155	42	1
36156	70	1
36157	46	1
36158	6	1
36159	103	1
36160	118	1
36161	2	1
36162	5	1
36163	68	1
36164	60	1
36165	75	1
36166	146	1
36167	0	1
36168	118	1
36169	69	1
36170	118	1
36171	17	1
36172	172	1
36173	104	1
36174	5	1
36175	33	1
36176	5	1
36177	36	1
36178	6	1
36179	39	1
36180	19	1
36181	41	1
36182	34	1
36183	19	1
36184	158	1
36185	4	1
36186	60	1
36187	62	1
36188	6	1
36189	94	1
36190	25	1
36191	11	1
36192	100	1
36193	0	1
36194	84	1
36195	12	1
36196	60	1
36197	1	1
36198	43	1
36199	21	1
36200	38	1
36201	60	1
36202	54	1
36203	4	1
36204	22	1
36205	1	1
36206	62	1
36207	4	1
36208	3	1
36209	62	1
36210	60	1
36211	36	1
36212	33	1
36213	0	1
36214	0	1
36215	6	1
36216	6	1
36217	6	1
36218	6	1
36219	33	1
36220	33	1
36221	82	1
36222	31	1
36223	70	1
36224	40	1
36225	73	1
36226	54	1
36227	92	1
36228	137	1
36229	129	1
36230	33	1
36231	6	1
36232	33	1
36233	98	1
36234	49	1
36235	46	1
36236	6	1
36237	6	1
36238	19	1
36239	6	1
36240	103	1
36241	18	1
36242	70	1
36243	55	1
36244	65	1
36245	116	1
36246	12	1
36247	8	1
36248	82	1
36249	111	1
36250	79	1
36251	83	1
36252	70	1
36253	6	1
36254	6	1
36255	0	1
36256	6	1
36257	33	1
36258	21	1
36259	70	1
36260	6	1
36261	19	1
36262	18	1
36263	3	1
36264	47	1
36265	33	1
36266	139	1
36267	63	1
36268	8	1
36269	33	1
36270	8	1
36271	74	1
36272	18	1
36273	70	1
36274	84	1
36275	137	1
36276	27	1
36277	36	1
36278	33	1
36279	41	1
36280	6	1
36281	110	1
36282	38	1
36283	30	1
36284	117	1
36285	60	1
36286	20	1
36287	11	1
36288	4	1
36289	11	1
36290	83	1
36291	96	1
36292	45	1
36293	74	1
36294	84	1
36295	144	1
36296	109	1
36297	45	1
36298	41	1
36299	41	1
36300	4	1
36301	117	1
36302	60	1
36303	55	1
36304	85	1
36305	60	1
36306	18	1
36307	84	1
36308	6	1
36309	50	1
36310	70	1
36311	6	1
36312	6	1
36313	35	1
36314	44	1
36315	79	1
36316	60	1
36317	84	1
36318	84	1
36319	88	1
36320	41	1
36321	6	1
36322	68	1
36323	41	1
36324	6	1
36325	96	1
36326	5	1
36327	88	1
36328	18	1
36329	118	1
36330	140	1
36331	19	1
36332	117	1
36333	36	1
36334	26	1
36335	114	1
36336	31	1
36337	77	1
36338	3	1
36339	17	1
36340	20	1
36341	45	1
36342	1	1
36343	6	1
36344	25	1
36345	97	1
36346	6	1
36347	70	1
36348	17	1
36349	35	1
36350	54	1
36351	79	1
36352	1	1
36353	11	1
36354	129	1
36355	104	1
36356	104	1
36357	6	1
36358	82	1
36359	182	1
36360	68	1
36361	18	1
36362	1	1
36363	31	1
36364	6	1
36365	35	1
36366	6	1
36367	34	1
36368	18	1
36369	18	1
36370	68	1
36371	30	1
36372	69	1
36373	33	1
36374	4	1
36375	2	1
36376	38	1
36377	4	1
36378	35	1
36379	78	1
36380	1	1
36381	78	1
36382	115	1
36383	11	1
36384	3	1
36385	38	1
36386	13	1
36387	5	1
36388	70	1
36389	11	1
36390	69	1
36391	69	1
36392	85	1
36393	27	1
36394	104	1
36395	104	1
36396	33	1
36397	34	1
36398	6	1
36399	19	1
36400	19	1
36401	34	1
36402	62	1
36403	90	1
36404	17	1
36405	46	1
36406	3	1
36407	31	1
36408	19	1
36409	17	1
36410	62	1
36411	31	1
36412	75	1
36413	131	1
36414	35	1
36415	100	1
36416	30	1
36417	139	1
36418	25	1
36419	45	1
36420	68	1
36421	33	1
36422	11	1
36423	43	1
36424	92	1
36425	85	1
36426	54	1
36427	96	1
36428	96	1
36429	103	1
36430	104	1
36431	50	1
36432	18	1
36433	21	1
36434	6	1
36435	38	1
36436	3	1
36437	103	1
36438	6	1
36439	6	1
36440	77	1
36441	34	1
36442	34	1
36443	88	1
36444	36	1
36445	18	1
36446	18	1
36447	103	1
36448	103	1
36449	17	1
36450	4	1
36451	4	1
36452	43	1
36453	6	1
36454	60	1
36455	31	1
36456	5	1
36457	47	1
36458	110	1
36459	38	1
36460	83	1
36461	0	1
36462	100	1
36463	135	1
36464	65	1
36465	70	1
36466	25	1
36467	43	1
36468	46	1
36469	70	1
36470	103	1
36471	18	1
36472	103	1
36473	6	1
36474	41	1
36475	92	1
36476	92	1
36477	157	1
36478	92	1
36479	79	1
36480	79	1
36481	111	1
36482	93	1
36483	96	1
36484	79	1
36485	19	1
36486	12	1
36487	55	1
36488	96	1
36489	68	1
36490	41	1
36491	92	1
36492	92	1
36493	47	1
36494	18	1
36495	33	1
36496	38	1
36497	33	1
36498	33	1
36499	6	1
36500	6	1
36501	46	1
36502	33	1
36503	103	1
36504	33	1
36505	6	1
36506	57	1
36507	72	1
36508	1	1
36509	36	1
36510	61	1
36511	27	1
36512	11	1
36513	73	1
36514	68	1
36515	68	1
36516	59	1
36517	84	1
36518	84	1
36519	40	1
36520	92	1
36521	90	1
36522	97	1
36523	82	1
36524	84	1
36525	83	1
36526	29	1
36527	93	1
36528	6	1
36529	96	1
36530	93	1
36531	77	1
36532	93	1
36533	76	1
36534	60	1
36535	13	1
36536	93	1
36537	59	1
36538	25	1
36539	6	1
36540	76	1
36541	75	1
36542	6	1
36543	54	1
36544	11	1
36545	70	1
36546	17	1
36547	6	1
36548	6	1
36549	88	1
36550	60	1
36551	63	1
36552	41	1
36553	4	1
36554	83	1
36555	85	1
36556	26	1
36557	130	1
36558	77	1
36559	41	1
36560	68	1
36561	129	1
36562	18	1
36563	74	1
36564	90	1
36565	114	1
36566	79	1
36567	96	1
36568	79	1
36569	84	1
36570	83	1
36571	30	1
36572	79	1
36573	22	1
36574	17	1
36575	103	1
36576	188	1
36577	84	1
36578	84	1
36579	55	1
36580	27	1
36581	82	1
36582	6	1
36583	54	1
36584	64	1
36585	74	1
36586	6	1
36587	4	1
36588	93	1
36589	97	1
36590	25	1
36591	25	1
36592	68	1
36593	17	1
36594	78	1
36595	79	1
36596	79	1
36597	85	1
36598	135	1
36599	5	1
36600	19	1
36601	84	1
36602	84	1
36603	42	1
36604	8	1
36605	66	1
36606	93	1
36607	61	1
36608	4	1
36609	104	1
36610	82	1
36611	4	1
36612	3	1
36613	30	1
36614	103	1
36615	6	1
36616	25	1
36617	82	1
36618	3	1
36619	2	1
36620	73	1
36621	4	1
36622	6	1
36623	44	1
36624	52	1
36625	38	1
36626	33	1
36627	33	1
36628	57	1
36629	33	1
36630	27	1
36631	103	1
36632	19	1
36633	4	1
36634	31	1
36635	27	1
36636	6	1
36637	150	1
36638	63	1
36639	34	1
36640	36	1
36641	19	1
36642	103	1
36643	19	1
36644	34	1
36645	151	1
36646	46	1
36647	103	1
36648	4	1
36649	103	1
36650	8	1
36651	8	1
36652	11	1
36653	27	1
36654	96	1
36655	84	1
36656	0	1
36657	17	1
36658	76	1
36659	45	1
36660	4	1
36661	46	1
36662	8	1
36663	54	1
36664	35	1
36665	19	1
36666	117	1
36667	109	1
36668	18	1
36669	33	1
36670	83	1
36671	70	1
36672	74	1
36673	35	1
36674	35	1
36675	6	1
36676	82	1
36677	73	1
36678	4	1
36679	85	1
36680	103	1
36681	73	1
36682	33	1
36683	3	1
36684	3	1
36685	46	1
36686	2	1
36687	4	1
36688	56	1
36689	68	1
36690	29	1
36691	61	1
36692	70	1
36693	70	1
36694	18	1
36695	27	1
36696	45	1
36697	116	1
36698	84	1
36699	40	1
36700	111	1
36701	79	1
36702	103	1
36703	172	1
36704	35	1
36705	6	1
36706	0	1
36707	6	1
36708	27	1
36709	6	1
36710	19	1
36711	93	1
36712	19	1
36713	0	1
36714	18	1
36715	29	1
36716	45	1
36717	19	1
36718	6	1
36719	68	1
36720	46	1
36721	121	1
36722	46	1
36723	40	1
36724	25	1
36725	82	1
36726	105	1
36727	36	1
36728	18	1
36729	33	1
36730	4	1
36731	38	1
36732	41	1
36733	11	1
36734	6	1
36735	54	1
36736	1	1
36737	83	1
36738	68	1
36739	64	1
36740	103	1
36741	14	1
36742	117	1
36743	33	1
36744	77	1
36745	84	1
36746	115	1
36747	50	1
36748	6	1
36749	173	1
36750	137	1
36751	55	1
36752	76	1
36753	38	1
36754	31	1
36755	77	1
36756	70	1
36757	31	1
36758	6	1
36759	3	1
36760	76	1
36761	54	1
36762	70	1
36763	64	1
36764	137	1
36765	44	1
36766	6	1
36767	93	1
36768	47	1
36769	31	1
36770	92	1
36771	19	1
36772	148	1
36773	148	1
36774	133	1
36775	42	1
36776	17	1
36777	70	1
36778	79	1
36779	40	1
36780	83	1
36781	84	1
36782	135	1
36783	114	1
36784	118	1
36785	6	1
36786	84	1
36787	13	1
36788	43	1
36789	76	1
36790	6	1
36791	84	1
36792	68	1
36793	25	1
36794	46	1
36795	0	1
36796	6	1
36797	32	1
36798	84	1
36799	4	1
36800	12	1
36801	84	1
36802	66	1
36803	84	1
36804	38	1
36805	6	1
36806	129	1
36807	21	1
36808	0	1
36809	50	1
36810	1	1
36811	25	1
36812	35	1
36813	6	1
36814	49	1
36815	55	1
36816	6	1
36817	17	1
36818	34	1
36819	43	1
36820	4	1
36821	54	1
36822	102	1
36823	33	1
36824	127	1
36825	194	1
36826	70	1
36827	25	1
36828	4	1
36829	2	1
36830	57	1
36831	11	1
36832	34	1
36833	22	1
36834	35	1
36835	110	1
36836	61	1
36837	46	1
36838	19	1
36839	68	1
36840	98	1
36841	0	1
36842	36	1
36843	55	1
36844	33	1
36845	135	1
36846	34	1
36847	109	1
36848	1	1
36849	34	1
36850	19	1
36851	43	1
36852	82	1
36853	103	1
36854	46	1
36855	17	1
36856	60	1
36857	31	1
36858	12	1
36859	27	1
36860	11	1
36861	11	1
36862	43	1
36863	49	1
36864	49	1
36865	41	1
36866	45	1
36867	1	1
36868	38	1
36869	36	1
36870	2	1
36871	77	1
36872	36	1
36873	135	1
36874	47	1
36875	54	1
36876	118	1
36877	18	1
36878	4	1
36879	63	1
36880	11	1
36881	87	1
36882	34	1
36883	83	1
36884	35	1
36885	6	1
36886	34	1
36887	77	1
36888	35	1
36889	6	1
36890	4	1
36891	6	1
36892	38	1
36893	70	1
36894	3	1
36895	82	1
36896	102	1
36897	92	1
36898	17	1
36899	46	1
36900	124	1
36901	6	1
36902	33	1
36903	17	1
36904	29	1
36905	6	1
36906	31	1
36907	46	1
36908	18	1
36909	19	1
36910	135	1
36911	12	1
36912	12	1
36913	79	1
36914	47	1
36915	79	1
36916	90	1
36917	18	1
36918	103	1
36919	6	1
36920	110	1
36921	35	1
36922	4	1
36923	0	1
36924	33	1
36925	33	1
36926	33	1
36927	0	1
36928	6	1
36929	96	1
36930	6	1
36931	33	1
36932	102	1
36933	46	1
36934	46	1
36935	3	1
36936	103	1
36937	38	1
36938	31	1
36939	117	1
36940	4	1
36941	74	1
36942	11	1
36943	68	1
36944	166	1
36945	83	1
36946	97	1
36947	40	1
36948	71	1
36949	83	1
36950	117	1
36951	31	1
36952	60	1
36953	84	1
36954	82	1
36955	31	1
36956	60	1
36957	41	1
36958	54	1
36959	6	1
36960	39	1
36961	39	1
36962	70	1
36963	6	1
36964	54	1
36965	71	1
36966	88	1
36967	76	1
36968	54	1
36969	143	1
36970	6	1
36971	34	1
36972	21	1
36973	37	1
36974	114	1
36975	6	1
36976	33	1
36977	144	1
36978	84	1
36979	73	1
36980	68	1
36981	83	1
36982	103	1
36983	169	1
36984	0	1
36985	165	1
36986	19	1
36987	60	1
36988	30	1
36989	44	1
36990	63	1
36991	33	1
36992	64	1
36993	4	1
36994	37	1
36995	4	1
36996	84	1
36997	25	1
36998	84	1
36999	30	1
37000	17	1
37001	114	1
37002	22	1
37003	103	1
37004	103	1
37005	55	1
37006	55	1
37007	75	1
37008	76	1
37009	65	1
37010	84	1
37011	4	1
37012	35	1
37013	35	1
37014	11	1
37015	34	1
37016	84	1
37017	56	1
37018	34	1
37019	38	1
37020	43	1
37021	30	1
37022	0	1
37023	104	1
37024	2	1
37025	84	1
37026	4	1
37027	19	1
37028	1	1
37029	7	1
37030	70	1
37031	148	1
37032	19	1
37033	49	1
37034	96	1
37035	6	1
37036	18	1
37037	34	1
37038	6	1
37039	2	1
37040	4	1
37041	17	1
37042	65	1
37043	3	1
37044	103	1
37045	3	1
37046	57	1
37047	52	1
37048	6	1
37049	40	1
37050	61	1
37051	27	1
37052	33	1
37053	33	1
37054	33	1
37055	29	1
37056	72	1
37057	33	1
37058	63	1
37059	33	1
37060	33	1
37061	4	1
37062	33	1
37063	72	1
37064	70	1
37065	6	1
37066	103	1
37067	166	1
37068	4	1
37069	50	1
37070	77	1
37071	59	1
37072	55	1
37073	70	1
37074	19	1
37075	52	1
37076	124	1
37077	103	1
37078	39	1
37079	19	1
37080	6	1
37081	103	1
37082	11	1
37083	18	1
37084	33	1
37085	26	1
37086	45	1
37087	73	1
37088	68	1
37089	54	1
37090	61	1
37091	79	1
37092	96	1
37093	54	1
37094	64	1
37095	57	1
37096	84	1
37097	78	1
37098	37	1
37099	30	1
37100	4	1
37101	33	1
37102	77	1
37103	78	1
37104	170	1
37105	62	1
37106	6	1
37107	56	1
37108	0	1
37109	70	1
37110	70	1
37111	84	1
37112	117	1
37113	6	1
37114	6	1
37115	139	1
37116	31	1
37117	4	1
37118	35	1
37119	11	1
37120	11	1
37121	84	1
37122	93	1
37123	103	1
37124	92	1
37125	84	1
37126	84	1
37127	70	1
37128	70	1
37129	93	1
37130	33	1
37131	6	1
37132	6	1
37133	36	1
37134	38	1
37135	124	1
37136	83	1
37137	92	1
37138	6	1
37139	103	1
37140	33	1
37141	31	1
37142	82	1
37143	70	1
37144	26	1
37145	70	1
37146	106	1
37147	25	1
37148	18	1
37149	70	1
37150	93	1
37151	77	1
37152	79	1
37153	54	1
37154	55	1
37155	31	1
37156	70	1
37157	6	1
37158	33	1
37159	6	1
37160	78	1
37161	53	1
37162	84	1
37163	84	1
37164	33	1
37165	33	1
37166	33	1
37167	33	1
37168	70	1
37169	33	1
37170	55	1
37171	3	1
37172	44	1
37173	158	1
37174	33	1
37175	6	1
37176	33	1
37177	18	1
37178	46	1
37179	46	1
37180	103	1
37181	26	1
37182	36	1
37183	22	1
37184	92	1
37185	139	1
37186	57	1
37187	60	1
37188	82	1
37189	11	1
37190	55	1
37191	33	1
37192	73	1
37193	92	1
37194	84	1
37195	68	1
37196	84	1
37197	93	1
37198	40	1
37199	4	1
37200	103	1
37201	54	1
37202	5	1
37203	97	1
37204	79	1
37205	117	1
37206	75	1
37207	75	1
37208	6	1
37209	83	1
37210	6	1
37211	8	1
37212	35	1
37213	55	1
37214	76	1
37215	88	1
37216	54	1
37217	63	1
37218	54	1
37219	6	1
37220	15	1
37221	25	1
37222	84	1
37223	18	1
37224	35	1
37225	6	1
37226	6	1
37227	60	1
37228	93	1
37229	26	1
37230	158	1
37231	41	1
37232	103	1
37233	8	1
37234	90	1
37235	1	1
37236	100	1
37237	68	1
37238	62	1
37239	127	1
37240	29	1
37241	45	1
37242	6	1
37243	5	1
37244	77	1
37245	17	1
37246	46	1
37247	84	1
37248	45	1
37249	84	1
37250	92	1
37251	114	1
37252	74	1
37253	2	1
37254	69	1
37255	135	1
37256	12	1
37257	6	1
37258	93	1
37259	90	1
37260	12	1
37261	84	1
37262	31	1
37263	6	1
37264	19	1
37265	19	1
37266	55	1
37267	103	1
37268	123	1
37269	25	1
37270	93	1
37271	121	1
37272	6	1
37273	93	1
37274	56	1
37275	6	1
37276	83	1
37277	18	1
37278	103	1
37279	49	1
37280	6	1
37281	56	1
37282	57	1
37283	17	1
37284	71	1
37285	52	1
37286	50	1
37287	33	1
37288	33	1
37289	30	1
37290	110	1
37291	37	1
37292	37	1
37293	31	1
37294	75	1
37295	6	1
37296	82	1
37297	69	1
37298	52	1
37299	104	1
37300	69	1
37301	118	1
37302	117	1
37303	4	1
37304	82	1
37305	77	1
37306	46	1
37307	11	1
37308	31	1
37309	35	1
37310	35	1
37311	17	1
37312	110	1
37313	43	1
37314	45	1
37315	12	1
37316	102	1
37317	27	1
37318	70	1
37319	61	1
37320	11	1
37321	74	1
37322	70	1
37323	31	1
37324	96	1
37325	62	1
37326	34	1
37327	6	1
37328	158	1
37329	31	1
37330	6	1
37331	94	1
37332	46	1
37333	117	1
37334	103	1
37335	31	1
37336	11	1
37337	14	1
37338	36	1
37339	49	1
37340	56	1
37341	33	1
37342	49	1
37343	83	1
37344	33	1
37345	34	1
37346	4	1
37347	11	1
37348	84	1
37349	92	1
37350	84	1
37351	150	1
37352	70	1
37353	11	1
37354	13	1
37355	6	1
37356	79	1
37357	127	1
37358	98	1
37359	56	1
37360	45	1
37361	40	1
37362	12	1
37363	111	1
37364	79	1
37365	12	1
37366	49	1
37367	35	1
37368	96	1
37369	70	1
37370	98	1
37371	6	1
37372	6	1
37373	33	1
37374	6	1
37375	33	1
37376	27	1
37377	33	1
37378	33	1
37379	17	1
37380	121	1
37381	46	1
37382	26	1
37383	33	1
37384	6	1
37385	12	1
37386	41	1
37387	84	1
37388	93	1
37389	33	1
37390	6	1
37391	83	1
37392	33	1
37393	29	1
37394	84	1
37395	25	1
37396	84	1
37397	33	1
37398	84	1
37399	106	1
37400	115	1
37401	31	1
37402	55	1
37403	103	1
37404	6	1
37405	32	1
37406	61	1
37407	93	1
37408	139	1
37409	2	1
37410	6	1
37411	6	1
37412	144	1
37413	139	1
37414	33	1
37415	29	1
37416	33	1
37417	103	1
37418	61	1
37419	165	1
37420	70	1
37421	35	1
37422	33	1
37423	45	1
37424	76	1
37425	79	1
37426	68	1
37427	94	1
37428	77	1
37429	56	1
37430	34	1
37431	17	1
37432	27	1
37433	76	1
37434	84	1
37435	82	1
37436	12	1
37437	64	1
37438	54	1
37439	25	1
37440	88	1
37441	0	1
37442	56	1
37443	90	1
37444	19	1
37445	93	1
37446	61	1
37447	103	1
37448	56	1
37449	136	1
37450	84	1
37451	84	1
37452	144	1
37453	5	1
37454	6	1
37455	6	1
37456	6	1
37457	6	1
37458	6	1
37459	96	1
37460	7	1
37461	8	1
37462	18	1
37463	34	1
37464	93	1
37465	88	1
37466	65	1
37467	4	1
37468	15	1
37469	33	1
37470	33	1
37471	15	1
37472	11	1
37473	4	1
37474	121	1
37475	34	1
37476	4	1
37477	103	1
37478	27	1
37479	78	1
37480	18	1
37481	37	1
37482	35	1
37483	11	1
37484	31	1
37485	84	1
37486	78	1
37487	103	1
37488	8	1
37489	61	1
37490	47	1
37491	19	1
37492	5	1
37493	17	1
37494	25	1
37495	18	1
37496	36	1
37497	6	1
37498	100	1
37499	77	1
37500	33	1
37501	43	1
37502	25	1
37503	85	1
37504	93	1
37505	64	1
37506	54	1
37507	1	1
37508	34	1
37509	61	1
37510	11	1
37511	21	1
37512	137	1
37513	37	1
37514	19	1
37515	25	1
37516	33	1
37517	27	1
37518	12	1
37519	93	1
37520	21	1
37521	31	1
37522	88	1
37523	109	1
37524	17	1
37525	3	1
37526	68	1
37527	46	1
37528	114	1
37529	33	1
37530	54	1
37531	85	1
37532	6	1
37533	43	1
37534	6	1
37535	12	1
37536	92	1
37537	17	1
37538	46	1
37539	103	1
37540	18	1
37541	6	1
37542	27	1
37543	92	1
37544	43	1
37545	121	1
37546	157	1
37547	117	1
37548	79	1
37549	55	1
37550	103	1
37551	19	1
37552	96	1
37553	18	1
37554	6	1
37555	33	1
37556	18	1
37557	33	1
37558	92	1
37559	18	1
37560	33	1
37561	35	1
37562	4	1
37563	33	1
37564	8	1
37565	70	1
37566	46	1
37567	35	1
37568	43	1
37569	38	1
37570	47	1
37571	0	1
37572	139	1
37573	55	1
37574	102	1
37575	33	1
37576	11	1
37577	35	1
37578	84	1
37579	76	1
37580	71	1
37581	60	1
37582	84	1
37583	114	1
37584	114	1
37585	4	1
37586	106	1
37587	84	1
37588	82	1
37589	36	1
37590	60	1
37591	82	1
37592	82	1
37593	6	1
37594	11	1
37595	84	1
37596	54	1
37597	65	1
37598	6	1
37599	6	1
37600	6	1
37601	6	1
37602	184	1
37603	78	1
37604	88	1
37605	88	1
37606	54	1
37607	46	1
37608	70	1
37609	17	1
37610	3	1
37611	84	1
37612	33	1
37613	33	1
37614	83	1
37615	66	1
37616	40	1
37617	55	1
37618	92	1
37619	106	1
37620	114	1
37621	38	1
37622	5	1
37623	34	1
37624	25	1
37625	6	1
37626	84	1
37627	68	1
37628	18	1
37629	68	1
37630	70	1
37631	114	1
37632	33	1
37633	54	1
37634	33	1
37635	84	1
37636	33	1
37637	85	1
37638	84	1
37639	84	1
37640	114	1
37641	17	1
37642	19	1
37643	82	1
37644	84	1
37645	82	1
37646	153	1
37647	88	1
37648	0	1
37649	0	1
37650	27	1
37651	19	1
37652	55	1
37653	19	1
37654	18	1
37655	35	1
37656	5	1
37657	35	1
37658	61	1
37659	30	1
37660	84	1
37661	109	1
37662	35	1
37663	34	1
37664	33	1
37665	153	1
37666	35	1
37667	30	1
37668	21	1
37669	19	1
37670	93	1
37671	138	1
37672	55	1
37673	54	1
37674	4	1
37675	96	1
37676	34	1
37677	29	1
37678	3	1
37679	4	1
37680	56	1
37681	4	1
37682	121	1
37683	103	1
37684	46	1
37685	4	1
37686	6	1
37687	79	1
37688	70	1
37689	173	1
37690	137	1
37691	1	1
37692	17	1
37693	4	1
37694	6	1
37695	17	1
37696	138	1
37697	31	1
37698	6	1
37699	43	1
37700	121	1
37701	45	1
37702	41	1
37703	74	1
37704	8	1
37705	85	1
37706	78	1
37707	64	1
37708	117	1
37709	3	1
37710	83	1
37711	11	1
37712	46	1
37713	33	1
37714	35	1
37715	61	1
37716	30	1
37717	35	1
37718	84	1
37719	44	1
37720	46	1
37721	49	1
37722	6	1
37723	33	1
37724	83	1
37725	137	1
37726	83	1
37727	11	1
37728	73	1
37729	115	1
37730	43	1
37731	18	1
37732	70	1
37733	35	1
37734	70	1
37735	18	1
37736	0	1
37737	18	1
37738	6	1
37739	25	1
37740	82	1
37741	70	1
37742	92	1
37743	12	1
37744	12	1
37745	79	1
37746	92	1
37747	70	1
37748	33	1
37749	29	1
37750	18	1
37751	6	1
37752	33	1
37753	33	1
37754	35	1
37755	63	1
37756	0	1
37757	6	1
37758	29	1
37759	29	1
37760	8	1
37761	31	1
37762	84	1
37763	172	1
37764	11	1
37765	84	1
37766	41	1
37767	3	1
37768	90	1
37769	55	1
37770	137	1
37771	2	1
37772	5	1
37773	83	1
37774	82	1
37775	35	1
37776	31	1
37777	54	1
37778	55	1
37779	37	1
37780	68	1
37781	93	1
37782	6	1
37783	54	1
37784	79	1
37785	6	1
37786	93	1
37787	30	1
37788	12	1
37789	40	1
37790	144	1
37791	88	1
37792	84	1
37793	158	1
37794	8	1
37795	36	1
37796	36	1
37797	68	1
37798	103	1
37799	70	1
37800	70	1
37801	83	1
37802	45	1
37803	30	1
37804	121	1
37805	79	1
37806	19	1
37807	118	1
37808	12	1
37809	4	1
37810	83	1
37811	26	1
37812	33	1
37813	137	1
37814	135	1
37815	137	1
37816	44	1
37817	114	1
37818	84	1
37819	84	1
37820	85	1
37821	6	1
37822	84	1
37823	31	1
37824	12	1
37825	4	1
37826	32	1
37827	25	1
37828	6	1
37829	41	1
37830	55	1
37831	55	1
37832	88	1
37833	62	1
37834	4	1
37835	12	1
37836	82	1
37837	11	1
37838	104	1
37839	56	1
37840	6	1
37841	164	1
37842	30	1
37843	3	1
37844	114	1
37845	6	1
37846	4	1
37847	19	1
37848	4	1
37849	4	1
37850	6	1
37851	54	1
37852	33	1
37853	29	1
37854	6	1
37855	19	1
37856	74	1
37857	38	1
37858	4	1
37859	61	1
37860	29	1
37861	121	1
37862	6	1
37863	70	1
37864	110	1
37865	11	1
37866	70	1
37867	0	1
37868	0	1
37869	118	1
37870	93	1
37871	34	1
37872	33	1
37873	61	1
37874	158	1
37875	27	1
37876	8	1
37877	8	1
37878	70	1
37879	46	1
37880	93	1
37881	33	1
37882	46	1
37883	31	1
37884	3	1
37885	11	1
37886	11	1
37887	29	1
37888	137	1
37889	35	1
37890	0	1
37891	43	1
37892	103	1
37893	61	1
37894	92	1
37895	18	1
37896	4	1
37897	62	1
37898	121	1
37899	117	1
37900	3	1
37901	93	1
37902	25	1
37903	76	1
37904	136	1
37905	31	1
37906	67	1
37907	35	1
37908	84	1
37909	26	1
37910	0	1
37911	13	1
37912	139	1
37913	13	1
37914	6	1
37915	152	1
37916	33	1
37917	31	1
37918	31	1
37919	83	1
37920	83	1
37921	33	1
37922	124	1
37923	88	1
37924	88	1
37925	6	1
37926	6	1
37927	18	1
37928	70	1
37929	103	1
37930	111	1
37931	55	1
37932	18	1
37933	8	1
37934	70	1
37935	18	1
37936	35	1
37937	33	1
37938	6	1
37939	4	1
37940	33	1
37941	18	1
37942	33	1
37943	30	1
37944	19	1
37945	18	1
37946	6	1
37947	46	1
37948	33	1
37949	33	1
37950	12	1
37951	12	1
37952	34	1
37953	139	1
37954	29	1
37955	11	1
37956	121	1
37957	54	1
37958	84	1
37959	54	1
37960	66	1
37961	68	1
37962	115	1
37963	97	1
37964	115	1
37965	76	1
37966	35	1
37967	47	1
37968	54	1
37969	35	1
37970	33	1
37971	0	1
37972	54	1
37973	103	1
37974	82	1
37975	12	1
37976	43	1
37977	60	1
37978	31	1
37979	114	1
37980	64	1
37981	56	1
37982	41	1
37983	34	1
37984	60	1
37985	30	1
37986	6	1
37987	68	1
37988	8	1
37989	146	1
37990	62	1
37991	114	1
37992	11	1
37993	29	1
37994	22	1
37995	45	1
37996	45	1
37997	84	1
37998	84	1
37999	85	1
38000	25	1
38001	82	1
38002	0	1
38003	4	1
38004	27	1
38005	30	1
38006	84	1
38007	62	1
38008	18	1
38009	4	1
38010	66	1
38011	54	1
38012	84	1
38013	18	1
38014	35	1
38015	38	1
38016	71	1
38017	6	1
38018	56	1
38019	6	1
38020	97	1
38021	103	1
38022	30	1
38023	17	1
38024	33	1
38025	57	1
38026	3	1
38027	121	1
38028	158	1
38029	57	1
38030	41	1
38031	70	1
38032	38	1
38033	34	1
38034	53	1
38035	60	1
38036	70	1
38037	93	1
38038	104	1
38039	118	1
38040	104	1
38041	33	1
38042	34	1
38043	103	1
38044	6	1
38045	17	1
38046	46	1
38047	103	1
38048	17	1
38049	8	1
38050	27	1
38051	43	1
38052	46	1
38053	1	1
38054	49	1
38055	17	1
38056	92	1
38057	74	1
38058	98	1
38059	12	1
38060	92	1
38061	60	1
38062	63	1
38063	104	1
38064	64	1
38065	4	1
38066	84	1
38067	56	1
38068	35	1
38069	135	1
38070	25	1
38071	8	1
38072	93	1
38073	70	1
38074	35	1
38075	6	1
38076	60	1
38077	98	1
38078	82	1
38079	62	1
38080	84	1
38081	25	1
38082	151	1
38083	11	1
38084	6	1
38085	103	1
38086	33	1
38087	6	1
38088	70	1
38089	38	1
38090	84	1
38091	12	1
38092	84	1
38093	84	1
38094	64	1
38095	8	1
38096	6	1
38097	0	1
38098	12	1
38099	12	1
38100	66	1
38101	27	1
38102	18	1
38103	18	1
38104	33	1
38105	139	1
38106	19	1
38107	18	1
38108	114	1
38109	35	1
38110	106	1
38111	22	1
38112	41	1
38113	55	1
38114	11	1
38115	96	1
38116	1	1
38117	38	1
38118	33	1
38119	60	1
38120	64	1
38121	55	1
38122	77	1
38123	60	1
38124	31	1
38125	32	1
38126	32	1
38127	45	1
38128	68	1
38129	74	1
38130	6	1
38131	6	1
38132	55	1
38133	65	1
38134	29	1
38135	96	1
38136	6	1
38137	33	1
38138	6	1
38139	18	1
38140	44	1
38141	84	1
38142	68	1
38143	41	1
38144	40	1
38145	68	1
38146	68	1
38147	68	1
38148	84	1
38149	68	1
38150	82	1
38151	33	1
38152	55	1
38153	77	1
38154	61	1
38155	19	1
38156	79	1
38157	84	1
38158	56	1
38159	83	1
38160	158	1
38161	84	1
38162	13	1
38163	12	1
38164	84	1
38165	84	1
38166	84	1
38167	19	1
38168	3	1
38169	84	1
38170	84	1
38171	6	1
38172	85	1
38173	83	1
38174	114	1
38175	1	1
38176	32	1
38177	31	1
38178	0	1
38179	135	1
38180	34	1
38181	31	1
38182	35	1
38183	34	1
38184	27	1
38185	6	1
38186	93	1
38187	84	1
38188	3	1
38189	30	1
38190	104	1
38191	114	1
38192	33	1
38193	70	1
38194	6	1
38195	4	1
38196	8	1
38197	4	1
38198	6	1
38199	22	1
38200	62	1
38201	6	1
38202	137	1
38203	1	1
38204	94	1
38205	57	1
38206	4	1
38207	57	1
38208	137	1
38209	39	1
38210	18	1
38211	85	1
38212	41	1
38213	70	1
38214	1	1
38215	1	1
38216	88	1
38217	46	1
38218	17	1
38219	17	1
38220	82	1
38221	31	1
38222	46	1
38223	46	1
38224	100	1
38225	137	1
38226	25	1
38227	12	1
38228	43	1
38229	33	1
38230	54	1
38231	8	1
38232	7	1
38233	38	1
38234	104	1
38235	103	1
38236	35	1
38237	56	1
38238	6	1
38239	75	1
38240	77	1
38241	83	1
38242	34	1
38243	139	1
38244	62	1
38245	70	1
38246	70	1
38247	11	1
38248	11	1
38249	40	1
38250	11	1
38251	70	1
38252	88	1
38253	84	1
38254	70	1
38255	33	1
38256	78	1
38257	137	1
38258	75	1
38259	85	1
38260	77	1
38261	84	1
38262	38	1
38263	18	1
38264	32	1
38265	70	1
38266	11	1
38267	102	1
38268	6	1
38269	54	1
38270	4	1
38271	85	1
38272	19	1
38273	44	1
38274	15	1
38275	55	1
38276	66	1
38277	33	1
38278	6	1
38279	33	1
38280	33	1
38281	30	1
38282	158	1
38283	55	1
38284	45	1
38285	11	1
38286	139	1
38287	0	1
38288	6	1
38289	103	1
38290	33	1
38291	7	1
38292	18	1
38293	15	1
38294	25	1
38295	35	1
38296	33	1
38297	29	1
38298	102	1
38299	31	1
38300	6	1
38301	77	1
38302	68	1
38303	57	1
38304	38	1
38305	76	1
38306	96	1
38307	12	1
38308	77	1
38309	46	1
38310	40	1
38311	106	1
38312	32	1
38313	68	1
38314	18	1
38315	33	1
38316	74	1
38317	60	1
38318	2	1
38319	106	1
38320	3	1
38321	44	1
38322	76	1
38323	54	1
38324	102	1
38325	11	1
38326	45	1
38327	6	1
38328	45	1
38329	83	1
38330	27	1
38331	33	1
38332	114	1
38333	83	1
38334	129	1
38335	118	1
38336	62	1
38337	92	1
38338	6	1
38339	35	1
38340	45	1
38341	53	1
38342	5	1
38343	1	1
38344	96	1
38345	79	1
38346	38	1
38347	38	1
38348	84	1
38349	77	1
38350	25	1
38351	6	1
38352	76	1
38353	135	1
38354	19	1
38355	74	1
38356	27	1
38357	82	1
38358	2	1
38359	46	1
38360	4	1
38361	4	1
38362	50	1
38363	19	1
38364	84	1
38365	104	1
38366	41	1
38367	33	1
38368	21	1
38369	79	1
38370	127	1
38371	98	1
38372	30	1
38373	12	1
38374	102	1
38375	61	1
38376	127	1
38377	33	1
38378	4	1
38379	36	1
38380	4	1
38381	46	1
38382	37	1
38383	35	1
38384	77	1
38385	31	1
38386	3	1
38387	118	1
38388	78	1
38389	103	1
38390	93	1
38391	70	1
38392	139	1
38393	34	1
38394	124	1
38395	17	1
38396	31	1
38397	6	1
38398	1	1
38399	64	1
38400	79	1
38401	46	1
38402	158	1
38403	4	1
38404	39	1
38405	11	1
38406	0	1
38407	70	1
38408	151	1
38409	84	1
38410	38	1
38411	61	1
38412	4	1
38413	45	1
38414	31	1
38415	36	1
38416	6	1
38417	146	1
38418	54	1
38419	104	1
38420	74	1
38421	70	1
38422	33	1
38423	29	1
38424	29	1
38425	33	1
38426	19	1
38427	70	1
38428	0	1
38429	3	1
38430	6	1
38431	18	1
38432	33	1
38433	60	1
38434	98	1
38435	31	1
38436	35	1
38437	103	1
38438	18	1
38439	70	1
38440	54	1
38441	70	1
38442	70	1
38443	55	1
38444	70	1
38445	11	1
38446	6	1
38447	64	1
38448	55	1
38449	93	1
38450	54	1
38451	79	1
38452	79	1
38453	144	1
38454	70	1
38455	98	1
38456	18	1
38457	33	1
38458	114	1
38459	85	1
38460	4	1
38461	0	1
38462	18	1
38463	33	1
38464	33	1
38465	121	1
38466	139	1
38467	6	1
38468	33	1
38469	18	1
38470	46	1
38471	25	1
38472	33	1
38473	38	1
38474	54	1
38475	11	1
38476	29	1
38477	109	1
38478	13	1
38479	60	1
38480	137	1
38481	30	1
38482	38	1
38483	137	1
38484	11	1
38485	35	1
38486	41	1
38487	18	1
38488	68	1
38489	82	1
38490	35	1
38491	45	1
38492	58	1
38493	76	1
38494	55	1
38495	54	1
38496	70	1
38497	52	1
38498	6	1
38499	84	1
38500	54	1
38501	114	1
38502	41	1
38503	16	1
38504	68	1
38505	83	1
38506	18	1
38507	148	1
38508	92	1
38509	84	1
38510	35	1
38511	55	1
38512	1	1
38513	33	1
38514	79	1
38515	6	1
38516	70	1
38517	114	1
38518	43	1
38519	84	1
38520	37	1
38521	69	1
38522	25	1
38523	84	1
38524	55	1
38525	97	1
38526	70	1
38527	82	1
38528	76	1
38529	84	1
38530	34	1
38531	31	1
38532	98	1
38533	35	1
38534	35	1
38535	1	1
38536	62	1
38537	6	1
38538	84	1
38539	84	1
38540	33	1
38541	69	1
38542	83	1
38543	30	1
38544	18	1
38545	36	1
38546	34	1
38547	98	1
38548	6	1
38549	83	1
38550	29	1
38551	74	1
38552	29	1
38553	4	1
38554	8	1
38555	62	1
38556	4	1
38557	93	1
38558	33	1
38559	94	1
38560	172	1
38561	6	1
38562	158	1
38563	82	1
38564	121	1
38565	11	1
38566	124	1
38567	104	1
38568	17	1
38569	17	1
38570	33	1
38571	25	1
38572	79	1
38573	25	1
38574	25	1
38575	60	1
38576	6	1
38577	8	1
38578	70	1
38579	18	1
38580	85	1
38581	121	1
38582	96	1
38583	78	1
38584	117	1
38585	33	1
38586	46	1
38587	70	1
38588	0	1
38589	6	1
38590	104	1
38591	93	1
38592	70	1
38593	74	1
38594	46	1
38595	70	1
38596	38	1
38597	34	1
38598	25	1
38599	68	1
38600	46	1
38601	3	1
38602	52	1
38603	25	1
38604	47	1
38605	25	1
38606	193	1
38607	62	1
38608	92	1
38609	93	1
38610	8	1
38611	6	1
38612	6	1
38613	55	1
38614	92	1
38615	33	1
38616	18	1
38617	6	1
38618	110	1
38619	53	1
38620	21	1
38621	33	1
38622	19	1
38623	46	1
38624	22	1
38625	57	1
38626	11	1
38627	11	1
38628	68	1
38629	83	1
38630	68	1
38631	57	1
38632	68	1
38633	84	1
38634	92	1
38635	54	1
38636	64	1
38637	131	1
38638	54	1
38639	18	1
38640	50	1
38641	84	1
38642	32	1
38643	54	1
38644	5	1
38645	103	1
38646	4	1
38647	60	1
38648	114	1
38649	70	1
38650	84	1
38651	83	1
38652	22	1
38653	50	1
38654	121	1
38655	18	1
38656	133	1
38657	188	1
38658	68	1
38659	92	1
38660	43	1
38661	117	1
38662	34	1
38663	84	1
38664	6	1
38665	135	1
38666	153	1
38667	137	1
38668	45	1
38669	84	1
38670	33	1
38671	37	1
38672	129	1
38673	47	1
38674	25	1
38675	25	1
38676	32	1
38677	37	1
38678	19	1
38679	55	1
38680	93	1
38681	46	1
38682	6	1
38683	63	1
38684	12	1
38685	25	1
38686	67	1
38687	6	1
38688	6	1
38689	54	1
38690	102	1
38691	139	1
38692	33	1
38693	55	1
38694	33	1
38695	57	1
38696	103	1
38697	104	1
38698	78	1
38699	4	1
38700	93	1
38701	43	1
38702	60	1
38703	0	1
38704	29	1
38705	60	1
38706	33	1
38707	4	1
38708	118	1
38709	6	1
38710	27	1
38711	31	1
38712	93	1
38713	137	1
38714	35	1
38715	35	1
38716	45	1
38717	73	1
38718	45	1
38719	60	1
38720	43	1
38721	60	1
38722	65	1
38723	8	1
38724	8	1
38725	37	1
38726	19	1
38727	56	1
38728	70	1
38729	96	1
38730	117	1
38731	34	1
38732	75	1
38733	31	1
38734	34	1
38735	26	1
38736	61	1
38737	11	1
38738	47	1
38739	47	1
38740	21	1
38741	27	1
38742	83	1
38743	124	1
38744	33	1
38745	46	1
38746	40	1
38747	32	1
38748	18	1
38749	6	1
38750	71	1
38751	6	1
38752	44	1
38753	6	1
38754	92	1
38755	90	1
38756	79	1
38757	61	1
38758	84	1
38759	92	1
38760	86	1
38761	15	1
38762	33	1
38763	18	1
38764	31	1
38765	33	1
38766	6	1
38767	33	1
38768	6	1
38769	139	1
38770	45	1
38771	45	1
38772	35	1
38773	70	1
38774	46	1
38775	27	1
38776	158	1
38777	33	1
38778	12	1
38779	0	1
38780	1	1
38781	4	1
38782	0	1
38783	54	1
38784	68	1
38785	5	1
38786	4	1
38787	11	1
38788	36	1
38789	84	1
38790	117	1
38791	61	1
38792	11	1
38793	35	1
38794	45	1
38795	77	1
38796	22	1
38797	22	1
38798	6	1
38799	93	1
38800	63	1
38801	73	1
38802	83	1
38803	68	1
38804	103	1
38805	98	1
38806	68	1
38807	79	1
38808	36	1
38809	85	1
38810	93	1
38811	1	1
38812	6	1
38813	22	1
38814	114	1
38815	84	1
38816	0	1
38817	6	1
38818	43	1
38819	19	1
38820	21	1
38821	4	1
38822	12	1
38823	6	1
38824	6	1
38825	2	1
38826	98	1
38827	118	1
38828	106	1
38829	19	1
38830	6	1
38831	55	1
38832	93	1
38833	19	1
38834	62	1
38835	82	1
38836	8	1
38837	34	1
38838	102	1
38839	102	1
38840	15	1
38841	33	1
38842	57	1
38843	56	1
38844	4	1
38845	87	1
38846	63	1
38847	3	1
38848	137	1
38849	118	1
38850	103	1
38851	103	1
38852	19	1
38853	17	1
38854	19	1
38855	46	1
38856	46	1
38857	27	1
38858	33	1
38859	60	1
38860	19	1
38861	85	1
38862	92	1
38863	61	1
38864	54	1
38865	35	1
38866	6	1
38867	103	1
38868	8	1
38869	26	1
38870	34	1
38871	17	1
38872	34	1
38873	96	1
38874	26	1
38875	70	1
38876	70	1
38877	82	1
38878	35	1
38879	27	1
38880	55	1
38881	55	1
38882	33	1
38883	46	1
38884	121	1
38885	137	1
38886	84	1
38887	49	1
38888	18	1
38889	6	1
38890	18	1
38891	103	1
38892	70	1
38893	98	1
38894	6	1
38895	90	1
38896	55	1
38897	90	1
38898	79	1
38899	93	1
38900	110	1
38901	30	1
38902	92	1
38903	85	1
38904	18	1
38905	6	1
38906	27	1
38907	33	1
38908	33	1
38909	46	1
38910	11	1
38911	71	1
38912	137	1
38913	38	1
38914	38	1
38915	40	1
38916	38	1
38917	11	1
38918	30	1
38919	4	1
38920	92	1
38921	92	1
38922	27	1
38923	60	1
38924	41	1
38925	90	1
38926	40	1
38927	4	1
38928	11	1
38929	84	1
38930	70	1
38931	22	1
38932	35	1
38933	93	1
38934	3	1
38935	70	1
38936	27	1
38937	76	1
38938	60	1
38939	14	1
38940	60	1
38941	76	1
38942	6	1
38943	60	1
38944	13	1
38945	68	1
38946	83	1
38947	34	1
38948	34	1
38949	74	1
38950	68	1
38951	57	1
38952	83	1
38953	6	1
38954	45	1
38955	68	1
38956	39	1
38957	68	1
38958	3	1
38959	28	1
38960	85	1
38961	114	1
38962	70	1
38963	72	1
38964	6	1
38965	85	1
38966	68	1
38967	6	1
38968	35	1
38969	6	1
38970	79	1
38971	85	1
38972	74	1
38973	67	1
38974	4	1
38975	19	1
38976	96	1
38977	55	1
38978	55	1
38979	46	1
38980	84	1
38981	4	1
38982	1	1
38983	34	1
38984	43	1
38985	83	1
38986	73	1
38987	41	1
38988	22	1
38989	27	1
38990	6	1
38991	6	1
38992	6	1
38993	62	1
38994	118	1
38995	8	1
38996	30	1
38997	34	1
38998	98	1
38999	4	1
39000	41	1
39001	1	1
39002	65	1
39003	12	1
39004	139	1
39005	33	1
39006	33	1
39007	2	1
39008	121	1
39009	2	1
39010	27	1
39011	70	1
39012	35	1
39013	84	1
39014	102	1
39015	70	1
39016	6	1
39017	70	1
39018	38	1
39019	146	1
39020	33	1
39021	82	1
39022	19	1
39023	46	1
39024	46	1
39025	158	1
39026	4	1
39027	55	1
39028	43	1
39029	43	1
39030	53	1
39031	103	1
39032	30	1
39033	8	1
39034	1	1
39035	76	1
39036	7	1
39037	4	1
39038	118	1
39039	73	1
39040	17	1
39041	4	1
39042	35	1
39043	70	1
39044	35	1
39045	6	1
39046	12	1
39047	84	1
39048	11	1
39049	46	1
39050	35	1
39051	6	1
39052	6	1
39053	135	1
39054	6	1
39055	17	1
39056	64	1
39057	70	1
39058	46	1
39059	92	1
39060	172	1
39061	79	1
39062	77	1
39063	55	1
39064	79	1
39065	79	1
39066	129	1
39067	0	1
39068	102	1
39069	33	1
39070	18	1
39071	33	1
39072	6	1
39073	6	1
39074	35	1
39075	33	1
39076	8	1
39077	46	1
39078	46	1
39079	16	1
39080	35	1
39081	38	1
39082	11	1
39083	12	1
39084	31	1
39085	84	1
39086	92	1
39087	40	1
39088	106	1
39089	77	1
39090	82	1
39091	14	1
39092	4	1
39093	31	1
39094	60	1
39095	47	1
39096	4	1
39097	54	1
39098	6	1
39099	68	1
39100	6	1
39101	33	1
39102	88	1
39103	54	1
39104	55	1
39105	102	1
39106	6	1
39107	4	1
39108	43	1
39109	43	1
39110	43	1
39111	6	1
39112	137	1
39113	88	1
39114	28	1
39115	40	1
39116	68	1
39117	22	1
39118	45	1
39119	45	1
39120	68	1
39121	19	1
39122	1	1
39123	35	1
39124	87	1
39125	73	1
39126	38	1
39127	114	1
39128	114	1
39129	85	1
39130	84	1
39131	0	1
39132	83	1
39133	84	1
39134	6	1
39135	84	1
39136	55	1
39137	35	1
39138	19	1
39139	103	1
39140	82	1
39141	55	1
39142	76	1
39143	1	1
39144	84	1
39145	0	1
39146	25	1
39147	104	1
39148	2	1
39149	0	1
39150	8	1
39151	103	1
39152	96	1
39153	131	1
39154	18	1
39155	19	1
39156	151	1
39157	6	1
39158	7	1
39159	140	1
39160	65	1
39161	24	1
39162	57	1
39163	4	1
39164	121	1
39165	52	1
39166	82	1
39167	121	1
39168	63	1
39169	121	1
39170	84	1
39171	6	1
39172	12	1
39173	77	1
39174	11	1
39175	70	1
39176	6	1
39177	124	1
39178	33	1
39179	104	1
39180	124	1
39181	18	1
39182	34	1
39183	124	1
39184	6	1
39185	66	1
39186	11	1
39187	6	1
39188	61	1
39189	4	1
39190	0	1
39191	8	1
39192	104	1
39193	18	1
39194	61	1
39195	144	1
39196	117	1
39197	34	1
39198	11	1
39199	85	1
39200	33	1
39201	0	1
39202	103	1
39203	70	1
39204	3	1
39205	93	1
39206	11	1
39207	5	1
39208	49	1
39209	83	1
39210	93	1
39211	84	1
39212	5	1
39213	11	1
39214	55	1
39215	46	1
39216	55	1
39217	6	1
39218	18	1
39219	70	1
39220	11	1
39221	2	1
39222	90	1
39223	79	1
39224	19	1
39225	93	1
39226	6	1
39227	33	1
39228	33	1
39229	6	1
39230	98	1
39231	18	1
39232	46	1
39233	31	1
39234	103	1
39235	38	1
39236	55	1
39237	139	1
39238	11	1
39239	11	1
39240	13	1
39241	11	1
39242	84	1
39243	11	1
39244	92	1
39245	78	1
39246	6	1
39247	32	1
39248	45	1
39249	4	1
39250	6	1
39251	22	1
39252	17	1
39253	78	1
39254	54	1
39255	38	1
39256	55	1
39257	31	1
39258	74	1
39259	74	1
39260	22	1
39261	70	1
39262	34	1
39263	34	1
39264	93	1
39265	114	1
39266	124	1
39267	6	1
39268	6	1
39269	83	1
39270	47	1
39271	83	1
39272	62	1
39273	17	1
39274	8	1
39275	84	1
39276	114	1
39277	84	1
39278	84	1
39279	37	1
39280	36	1
39281	15	1
39282	19	1
39283	4	1
39284	12	1
39285	93	1
39286	47	1
39287	85	1
39288	36	1
39289	30	1
39290	84	1
39291	11	1
39292	25	1
39293	0	1
39294	32	1
39295	1	1
39296	18	1
39297	13	1
39298	3	1
39299	16	1
39300	56	1
39301	35	1
39302	118	1
39303	35	1
39304	115	1
39305	83	1
39306	103	1
39307	22	1
39308	33	1
39309	98	1
39310	33	1
39311	33	1
39312	52	1
39313	33	1
39314	33	1
39315	52	1
39316	42	1
39317	34	1
39318	115	1
39319	103	1
39320	82	1
39321	70	1
39322	6	1
39323	69	1
39324	70	1
39325	17	1
39326	55	1
39327	33	1
39328	30	1
39329	34	1
39330	19	1
39331	47	1
39332	49	1
39333	46	1
39334	46	1
39335	35	1
39336	11	1
39337	13	1
39338	6	1
39339	17	1
39340	12	1
39341	35	1
39342	118	1
39343	34	1
39344	100	1
39345	31	1
39346	26	1
39347	139	1
39348	46	1
39349	18	1
39350	6	1
39351	18	1
39352	6	1
39353	19	1
39354	70	1
39355	11	1
39356	84	1
39357	84	1
39358	54	1
39359	92	1
39360	41	1
39361	6	1
39362	35	1
39363	46	1
39364	92	1
39365	18	1
39366	92	1
39367	11	1
39368	96	1
39369	103	1
39370	77	1
39371	71	1
39372	40	1
39373	158	1
39374	33	1
39375	33	1
39376	0	1
39377	19	1
39378	22	1
39379	18	1
39380	34	1
39381	33	1
39382	46	1
39383	12	1
39384	38	1
39385	38	1
39386	102	1
39387	74	1
39388	18	1
39389	55	1
39390	64	1
39391	84	1
39392	64	1
39393	1	1
39394	35	1
39395	114	1
39396	68	1
39397	84	1
39398	6	1
39399	76	1
39400	64	1
39401	64	1
39402	74	1
39403	35	1
39404	76	1
39405	32	1
39406	38	1
39407	56	1
39408	66	1
39409	84	1
39410	88	1
39411	26	1
39412	84	1
39413	68	1
39414	68	1
39415	68	1
39416	148	1
39417	114	1
39418	35	1
39419	35	1
39420	72	1
39421	76	1
39422	76	1
39423	103	1
39424	17	1
39425	121	1
39426	43	1
39427	19	1
39428	34	1
39429	4	1
39430	25	1
39431	117	1
39432	77	1
39433	33	1
39434	6	1
39435	19	1
39436	84	1
39437	1	1
39438	12	1
39439	93	1
39440	19	1
39441	82	1
39442	73	1
39443	8	1
39444	16	1
39445	34	1
39446	88	1
39447	135	1
39448	60	1
39449	4	1
39450	146	1
39451	103	1
39452	70	1
39453	41	1
39454	0	1
39455	85	1
39456	11	1
39457	124	1
39458	19	1
39459	77	1
39460	11	1
39461	46	1
39462	92	1
39463	92	1
39464	73	1
39465	8	1
39466	135	1
39467	96	1
39468	64	1
39469	18	1
39470	45	1
39471	68	1
39472	114	1
39473	71	1
39474	11	1
39475	133	1
39476	55	1
39477	34	1
39478	35	1
39479	18	1
39480	6	1
39481	4	1
39482	82	1
39483	11	1
39484	88	1
39485	84	1
39486	124	1
39487	26	1
39488	6	1
39489	31	1
39490	77	1
39491	103	1
39492	98	1
39493	46	1
39494	46	1
39495	6	1
39496	33	1
39497	6	1
39498	78	1
39499	6	1
39500	13	1
39501	61	1
39502	60	1
39503	46	1
39504	38	1
39505	64	1
39506	3	1
39507	13	1
39508	47	1
39509	60	1
39510	64	1
39511	68	1
39512	68	1
39513	13	1
39514	60	1
39515	82	1
39516	79	1
39517	137	1
39518	57	1
39519	30	1
39520	35	1
39521	22	1
39522	55	1
39523	44	1
39524	17	1
39525	52	1
39526	4	1
39527	137	1
39528	29	1
39529	29	1
39530	68	1
39531	1	1
39532	33	1
39533	50	1
39534	55	1
39535	55	1
39536	8	1
39537	46	1
39538	114	1
39539	84	1
39540	45	1
39541	22	1
39542	44	1
39543	37	1
39544	27	1
39545	4	1
39546	118	1
39547	84	1
39548	44	1
39549	32	1
39550	135	1
39551	1	1
39552	84	1
39553	30	1
39554	4	1
39555	6	1
39556	0	1
39557	118	1
39558	5	1
39559	77	1
39560	66	1
39561	4	1
39562	34	1
39563	121	1
39564	3	1
39565	73	1
39566	33	1
39567	33	1
39568	158	1
39569	33	1
39570	118	1
39571	1	1
39572	6	1
39573	18	1
39574	4	1
39575	36	1
39576	88	1
39577	70	1
39578	122	1
39579	70	1
39580	118	1
39581	0	1
39582	70	1
39583	17	1
39584	34	1
39585	103	1
39586	103	1
39587	6	1
39588	41	1
39589	6	1
39590	103	1
39591	33	1
39592	121	1
39593	70	1
39594	78	1
39595	35	1
39596	21	1
39597	68	1
39598	68	1
39599	2	1
39600	54	1
39601	93	1
39602	8	1
39603	61	1
39604	46	1
39605	121	1
39606	45	1
39607	62	1
39608	37	1
39609	174	1
39610	103	1
39611	85	1
39612	11	1
39613	82	1
39614	29	1
39615	84	1
39616	6	1
39617	6	1
39618	12	1
39619	25	1
39620	103	1
39621	70	1
39622	92	1
39623	92	1
39624	70	1
39625	12	1
39626	12	1
39627	8	1
39628	79	1
39629	79	1
39630	90	1
39631	55	1
39632	19	1
39633	6	1
39634	18	1
39635	6	1
39636	18	1
39637	13	1
39638	35	1
39639	46	1
39640	46	1
39641	22	1
39642	11	1
39643	11	1
39644	139	1
39645	38	1
39646	11	1
39647	8	1
39648	79	1
39649	38	1
39650	45	1
39651	31	1
39652	83	1
39653	93	1
39654	26	1
39655	13	1
39656	70	1
39657	44	1
39658	11	1
39659	114	1
39660	6	1
39661	70	1
39662	76	1
39663	38	1
39664	63	1
39665	38	1
39666	18	1
39667	102	1
39668	35	1
39669	82	1
39670	37	1
39671	12	1
39672	45	1
39673	83	1
39674	60	1
39675	134	1
39676	103	1
39677	40	1
39678	124	1
39679	68	1
39680	172	1
39681	85	1
39682	19	1
39683	68	1
39684	26	1
39685	19	1
39686	31	1
39687	61	1
39688	117	1
39689	13	1
39690	37	1
39691	36	1
39692	68	1
39693	102	1
39694	84	1
39695	85	1
39696	118	1
39697	103	1
39698	82	1
39699	90	1
39700	82	1
39701	6	1
39702	77	1
39703	11	1
39704	3	1
39705	29	1
39706	71	1
39707	106	1
39708	2	1
39709	30	1
39710	73	1
39711	1	1
39712	121	1
39713	139	1
39714	12	1
39715	4	1
39716	63	1
39717	60	1
39718	82	1
39719	71	1
39720	33	1
39721	52	1
39722	98	1
39723	43	1
39724	5	1
39725	56	1
39726	13	1
39727	82	1
39728	60	1
39729	17	1
39730	18	1
39731	33	1
39732	103	1
39733	19	1
39734	74	1
39735	12	1
39736	68	1
39737	43	1
39738	63	1
39739	6	1
39740	8	1
39741	90	1
39742	121	1
39743	6	1
39744	30	1
39745	151	1
39746	151	1
39747	103	1
39748	45	1
39749	11	1
39750	11	1
39751	49	1
39752	14	1
39753	55	1
39754	6	1
39755	60	1
39756	77	1
39757	82	1
39758	6	1
39759	70	1
39760	117	1
39761	46	1
39762	150	1
39763	12	1
39764	103	1
39765	93	1
39766	79	1
39767	104	1
39768	35	1
39769	70	1
39770	18	1
39771	18	1
39772	45	1
39773	0	1
39774	17	1
39775	25	1
39776	17	1
39777	102	1
39778	46	1
39779	12	1
39780	103	1
39781	38	1
39782	102	1
39783	29	1
39784	11	1
39785	11	1
39786	68	1
39787	74	1
39788	68	1
39789	64	1
39790	74	1
39791	17	1
39792	74	1
39793	38	1
39794	18	1
39795	38	1
39796	47	1
39797	83	1
39798	35	1
39799	22	1
39800	6	1
39801	71	1
39802	137	1
39803	121	1
39804	82	1
39805	6	1
39806	60	1
39807	90	1
39808	31	1
39809	88	1
39810	84	1
39811	68	1
39812	61	1
39813	41	1
39814	92	1
39815	70	1
39816	0	1
39817	17	1
39818	93	1
39819	64	1
39820	57	1
39821	26	1
39822	93	1
39823	0	1
39824	69	1
39825	93	1
39826	84	1
39827	103	1
39828	8	1
39829	97	1
39830	0	1
39831	19	1
39832	19	1
39833	98	1
39834	4	1
39835	4	1
39836	21	1
39837	93	1
39838	85	1
39839	71	1
39840	93	1
39841	79	1
39842	4	1
39843	122	1
39844	17	1
39845	4	1
39846	6	1
39847	106	1
39848	33	1
39849	17	1
39850	39	1
39851	102	1
39852	78	1
39853	35	1
39854	84	1
39855	4	1
39856	11	1
39857	118	1
39858	85	1
39859	103	1
39860	34	1
39861	146	1
39862	124	1
39863	6	1
39864	158	1
39865	8	1
39866	27	1
39867	77	1
39868	36	1
39869	27	1
39870	35	1
39871	17	1
39872	2	1
39873	73	1
39874	43	1
39875	54	1
39876	64	1
39877	103	1
39878	19	1
39879	36	1
39880	98	1
39881	34	1
39882	118	1
39883	11	1
39884	103	1
39885	129	1
39886	124	1
39887	70	1
39888	70	1
39889	4	1
39890	103	1
39891	4	1
39892	84	1
39893	6	1
39894	73	1
39895	102	1
39896	6	1
39897	63	1
39898	135	1
39899	17	1
39900	32	1
39901	96	1
39902	12	1
39903	6	1
39904	60	1
39905	41	1
39906	33	1
39907	6	1
39908	45	1
39909	18	1
39910	46	1
39911	46	1
39912	36	1
39913	64	1
39914	38	1
39915	33	1
39916	36	1
39917	121	1
39918	6	1
39919	102	1
39920	115	1
39921	84	1
39922	64	1
39923	68	1
39924	93	1
39925	38	1
39926	54	1
39927	96	1
39928	17	1
39929	82	1
39930	77	1
39931	76	1
39932	6	1
39933	60	1
39934	38	1
39935	40	1
39936	68	1
39937	68	1
39938	54	1
39939	56	1
39940	63	1
39941	38	1
39942	19	1
39943	30	1
39944	16	1
39945	84	1
39946	50	1
39947	4	1
39948	62	1
39949	33	1
39950	68	1
39951	45	1
39952	39	1
39953	17	1
39954	15	1
39955	45	1
39956	86	1
39957	85	1
39958	84	1
39959	45	1
39960	37	1
39961	114	1
39962	22	1
39963	38	1
39964	43	1
39965	85	1
39966	135	1
39967	74	1
39968	12	1
39969	82	1
39970	98	1
39971	12	1
39972	74	1
39973	93	1
39974	38	1
39975	123	1
39976	0	1
39977	4	1
39978	35	1
39979	33	1
39980	36	1
39981	18	1
39982	43	1
39983	4	1
39984	22	1
39985	121	1
39986	6	1
39987	127	1
39988	33	1
39989	79	1
39990	34	1
39991	121	1
39992	6	1
39993	96	1
39994	82	1
39995	118	1
39996	70	1
39997	25	1
39998	25	1
39999	124	1
40000	41	1
40001	41	1
40002	34	1
40003	6	1
40004	77	1
40005	31	1
40006	78	1
40007	43	1
40008	19	1
40009	61	1
40010	96	1
40011	21	1
40012	121	1
40013	43	1
40014	19	1
40015	43	1
40016	54	1
40017	22	1
40018	50	1
40019	114	1
40020	83	1
40021	103	1
40022	103	1
40023	84	1
40024	1	1
40025	46	1
40026	46	1
40027	6	1
40028	124	1
40029	33	1
40030	33	1
40031	137	1
40032	6	1
40033	6	1
40034	31	1
40035	18	1
40036	47	1
40037	6	1
40038	12	1
40039	19	1
40040	6	1
40041	18	1
40042	0	1
40043	18	1
40044	17	1
40045	45	1
40046	33	1
40047	8	1
40048	63	1
40049	33	1
40050	33	1
40051	114	1
40052	44	1
40053	50	1
40054	18	1
40055	33	1
40056	0	1
40057	36	1
40058	57	1
40059	38	1
40060	11	1
40061	114	1
40062	84	1
40063	1	1
40064	68	1
40065	84	1
40066	106	1
40067	68	1
40068	79	1
40069	40	1
40070	60	1
40071	29	1
40072	18	1
40073	33	1
40074	54	1
40075	3	1
40076	35	1
40077	4	1
40078	82	1
40079	15	1
40080	148	1
40081	100	1
40082	37	1
40083	8	1
40084	83	1
40085	117	1
40086	93	1
40087	47	1
40088	117	1
40089	117	1
40090	79	1
40091	93	1
40092	1	1
40093	1	1
40094	79	1
40095	84	1
40096	73	1
40097	45	1
40098	135	1
40099	84	1
40100	18	1
40101	35	1
40102	55	1
40103	46	1
40104	19	1
40105	6	1
40106	2	1
40107	33	1
40108	4	1
40109	93	1
40110	62	1
40111	106	1
40112	122	1
40113	6	1
40114	33	1
40115	22	1
40116	67	1
40117	103	1
40118	103	1
40119	34	1
40120	103	1
40121	103	1
40122	17	1
40123	118	1
40124	36	1
40125	82	1
40126	46	1
40127	46	1
40128	46	1
40129	77	1
40130	36	1
40131	74	1
40132	43	1
40133	12	1
40134	32	1
40135	54	1
40136	11	1
40137	55	1
40138	77	1
40139	35	1
40140	4	1
40141	82	1
40142	40	1
40143	82	1
40144	6	1
40145	135	1
40146	83	1
40147	129	1
40148	6	1
40149	3	1
40150	104	1
40151	35	1
40152	15	1
40153	84	1
40154	6	1
40155	18	1
40156	70	1
40157	40	1
40158	90	1
40159	49	1
40160	27	1
40161	6	1
40162	33	1
40163	33	1
40164	18	1
40165	6	1
40166	92	1
40167	33	1
40168	8	1
40169	6	1
40170	33	1
40171	60	1
40172	102	1
40173	11	1
40174	11	1
40175	38	1
40176	68	1
40177	92	1
40178	68	1
40179	55	1
40180	55	1
40181	4	1
40182	106	1
40183	38	1
40184	37	1
40185	35	1
40186	54	1
40187	139	1
40188	5	1
40189	70	1
40190	4	1
40191	45	1
40192	105	1
40193	26	1
40194	5	1
40195	29	1
40196	90	1
40197	45	1
40198	68	1
40199	90	1
40200	1	1
40201	68	1
40202	45	1
40203	29	1
40204	90	1
40205	70	1
40206	68	1
40207	118	1
40208	54	1
40209	65	1
40210	135	1
40211	44	1
40212	37	1
40213	6	1
40214	6	1
40215	25	1
40216	106	1
40217	25	1
40218	1	1
40219	84	1
40220	4	1
40221	6	1
40222	43	1
40223	39	1
40224	137	1
40225	8	1
40226	4	1
40227	4	1
40228	71	1
40229	17	1
40230	52	1
40231	104	1
40232	0	1
40233	43	1
40234	4	1
40235	33	1
40236	2	1
40237	4	1
40238	46	1
40239	46	1
40240	121	1
40241	8	1
40242	40	1
40243	0	1
40244	45	1
40245	60	1
40246	93	1
40247	54	1
40248	1	1
40249	38	1
40250	61	1
40251	55	1
40252	75	1
40253	46	1
40254	11	1
40255	11	1
40256	45	1
40257	106	1
40258	6	1
40259	76	1
40260	6	1
40261	157	1
40262	4	1
40263	6	1
40264	12	1
40265	79	1
40266	79	1
40267	54	1
40268	90	1
40269	18	1
40270	92	1
40271	18	1
40272	6	1
40273	139	1
40274	33	1
40275	46	1
40276	46	1
40277	98	1
40278	76	1
40279	38	1
40280	32	1
40281	35	1
40282	29	1
40283	36	1
40284	33	1
40285	45	1
40286	6	1
40287	45	1
40288	68	1
40289	84	1
40290	172	1
40291	4	1
40292	60	1
40293	11	1
40294	32	1
40295	25	1
40296	57	1
40297	35	1
40298	54	1
40299	102	1
40300	6	1
40301	45	1
40302	6	1
40303	115	1
40304	114	1
40305	48	1
40306	68	1
40307	90	1
40308	18	1
40309	68	1
40310	70	1
40311	76	1
40312	83	1
40313	19	1
40314	3	1
40315	79	1
40316	63	1
40317	103	1
40318	46	1
40319	4	1
40320	55	1
40321	62	1
40322	19	1
40323	12	1
40324	17	1
40325	11	1
40326	4	1
40327	8	1
40328	4	1
40329	11	1
40330	158	1
40331	71	1
40332	33	1
40333	121	1
40334	4	1
40335	37	1
40336	103	1
40337	11	1
40338	93	1
40339	6	1
40340	118	1
40341	103	1
40342	36	1
40343	82	1
40344	2	1
40345	6	1
40346	46	1
40347	49	1
40348	27	1
40349	103	1
40350	70	1
40351	1	1
40352	33	1
40353	43	1
40354	43	1
40355	103	1
40356	8	1
40357	8	1
40358	96	1
40359	34	1
40360	114	1
40361	35	1
40362	33	1
40363	28	1
40364	18	1
40365	103	1
40366	102	1
40367	103	1
40368	144	1
40369	137	1
40370	82	1
40371	70	1
40372	83	1
40373	84	1
40374	41	1
40375	124	1
40376	103	1
40377	6	1
40378	15	1
40379	2	1
40380	79	1
40381	79	1
40382	79	1
40383	6	1
40384	17	1
40385	6	1
40386	12	1
40387	0	1
40388	0	1
40389	6	1
40390	33	1
40391	18	1
40392	33	1
40393	33	1
40394	70	1
40395	92	1
40396	0	1
40397	13	1
40398	4	1
40399	3	1
40400	38	1
40401	102	1
40402	38	1
40403	1	1
40404	68	1
40405	84	1
40406	93	1
40407	31	1
40408	33	1
40409	41	1
40410	11	1
40411	6	1
40412	33	1
40413	38	1
40414	184	1
40415	33	1
40416	6	1
40417	82	1
40418	29	1
40419	137	1
40420	84	1
40421	33	1
40422	84	1
40423	93	1
40424	8	1
40425	1	1
40426	79	1
40427	27	1
40428	76	1
40429	12	1
40430	85	1
40431	68	1
40432	118	1
40433	4	1
40434	54	1
40435	84	1
40436	84	1
40437	135	1
40438	43	1
40439	84	1
40440	18	1
40441	56	1
40442	73	1
40443	31	1
40444	33	1
40445	16	1
40446	137	1
40447	93	1
40448	70	1
40449	118	1
40450	103	1
40451	30	1
40452	6	1
40453	46	1
40454	46	1
40455	46	1
40456	25	1
40457	36	1
40458	35	1
40459	0	1
40460	73	1
40461	38	1
40462	46	1
40463	72	1
40464	60	1
40465	118	1
40466	70	1
40467	26	1
40468	35	1
40469	103	1
40470	31	1
40471	92	1
40472	31	1
40473	56	1
40474	0	1
40475	33	1
40476	54	1
40477	137	1
40478	98	1
40479	139	1
40480	13	1
40481	102	1
40482	6	1
40483	18	1
40484	88	1
40485	79	1
40486	6	1
40487	33	1
40488	102	1
40489	33	1
40490	63	1
40491	18	1
40492	33	1
40493	46	1
40494	46	1
40495	38	1
40496	84	1
40497	139	1
40498	40	1
40499	17	1
40500	33	1
40501	4	1
40502	35	1
40503	84	1
40504	92	1
40505	96	1
40506	68	1
40507	54	1
40508	32	1
40509	37	1
40510	31	1
40511	6	1
40512	33	1
40513	18	1
40514	93	1
40515	25	1
40516	54	1
40517	93	1
40518	46	1
40519	48	1
40520	79	1
40521	35	1
40522	17	1
40523	68	1
40524	90	1
40525	68	1
40526	22	1
40527	22	1
40528	4	1
40529	37	1
40530	33	1
40531	29	1
40532	68	1
40533	71	1
40534	30	1
40535	36	1
40536	45	1
40537	83	1
40538	84	1
40539	79	1
40540	38	1
40541	18	1
40542	12	1
40543	57	1
40544	61	1
40545	27	1
40546	30	1
40547	84	1
40548	33	1
40549	82	1
40550	3	1
40551	19	1
40552	6	1
40553	43	1
40554	4	1
40555	3	1
40556	75	1
40557	41	1
40558	46	1
40559	13	1
40560	118	1
40561	84	1
40562	70	1
40563	103	1
40564	28	1
40565	46	1
40566	77	1
40567	43	1
40568	11	1
40569	45	1
40570	33	1
40571	88	1
40572	96	1
40573	96	1
40574	19	1
40575	121	1
40576	55	1
40577	106	1
40578	17	1
40579	182	1
40580	6	1
40581	93	1
40582	61	1
40583	102	1
40584	26	1
40585	33	1
40586	6	1
40587	6	1
40588	34	1
40589	29	1
40590	93	1
40591	6	1
40592	6	1
40593	82	1
40594	84	1
40595	46	1
40596	6	1
40597	70	1
40598	6	1
40599	46	1
40600	171	1
40601	93	1
40602	35	1
40603	18	1
40604	33	1
40605	76	1
40606	33	1
40607	6	1
40608	33	1
40609	18	1
40610	63	1
40611	18	1
40612	6	1
40613	78	1
40614	60	1
40615	7	1
40616	33	1
40617	36	1
40618	22	1
40619	33	1
40620	85	1
40621	32	1
40622	121	1
40623	38	1
40624	11	1
40625	92	1
40626	82	1
40627	68	1
40628	4	1
40629	18	1
40630	79	1
40631	56	1
40632	84	1
40633	40	1
40634	45	1
40635	90	1
40636	137	1
40637	73	1
40638	6	1
40639	22	1
40640	50	1
40641	139	1
40642	77	1
40643	45	1
40644	84	1
40645	85	1
40646	68	1
40647	114	1
40648	114	1
40649	114	1
40650	68	1
40651	0	1
40652	133	1
40653	85	1
40654	19	1
40655	103	1
40656	19	1
40657	79	1
40658	4	1
40659	13	1
40660	8	1
40661	135	1
40662	121	1
40663	153	1
40664	84	1
40665	4	1
40666	103	1
40667	19	1
40668	82	1
40669	84	1
40670	45	1
40671	0	1
40672	57	1
40673	74	1
40674	6	1
40675	70	1
40676	19	1
40677	60	1
40678	53	1
40679	17	1
40680	148	1
40681	46	1
40682	102	1
40683	52	1
40684	33	1
40685	6	1
40686	46	1
40687	18	1
40688	70	1
40689	70	1
40690	60	1
40691	146	1
40692	17	1
40693	19	1
40694	110	1
40695	93	1
40696	46	1
40697	43	1
40698	75	1
40699	3	1
40700	4	1
40701	61	1
40702	71	1
40703	34	1
40704	77	1
40705	82	1
40706	93	1
40707	45	1
40708	139	1
40709	70	1
40710	33	1
40711	35	1
40712	114	1
40713	84	1
40714	137	1
40715	150	1
40716	22	1
40717	104	1
40718	4	1
40719	6	1
40720	6	1
40721	6	1
40722	82	1
40723	103	1
40724	45	1
40725	90	1
40726	35	1
40727	77	1
40728	49	1
40729	6	1
40730	33	1
40731	53	1
40732	6	1
40733	26	1
40734	33	1
40735	33	1
40736	33	1
40737	3	1
40738	45	1
40739	84	1
40740	84	1
40741	68	1
40742	68	1
40743	92	1
40744	84	1
40745	15	1
40746	36	1
40747	79	1
40748	18	1
40749	38	1
40750	93	1
40751	6	1
40752	43	1
40753	68	1
40754	114	1
40755	22	1
40756	34	1
40757	62	1
40758	30	1
40759	44	1
40760	35	1
40761	2	1
40762	68	1
40763	103	1
40764	79	1
40765	84	1
40766	54	1
40767	45	1
40768	153	1
40769	29	1
40770	50	1
40771	0	1
40772	6	1
40773	84	1
40774	71	1
40775	4	1
40776	55	1
40777	33	1
40778	64	1
40779	12	1
40780	70	1
40781	52	1
40782	4	1
40783	103	1
40784	34	1
40785	50	1
40786	43	1
40787	170	1
40788	0	1
40789	124	1
40790	33	1
40791	144	1
40792	6	1
40793	19	1
40794	40	1
40795	46	1
40796	60	1
40797	96	1
40798	6	1
40799	61	1
40800	45	1
40801	26	1
40802	61	1
40803	4	1
40804	61	1
40805	30	1
40806	117	1
40807	98	1
40808	70	1
40809	35	1
40810	13	1
40811	93	1
40812	4	1
40813	11	1
40814	41	1
40815	3	1
40816	46	1
40817	150	1
40818	35	1
40819	84	1
40820	110	1
40821	121	1
40822	43	1
40823	12	1
40824	46	1
40825	25	1
40826	106	1
40827	92	1
40828	12	1
40829	4	1
40830	109	1
40831	70	1
40832	85	1
40833	4	1
40834	33	1
40835	63	1
40836	139	1
40837	45	1
40838	33	1
40839	45	1
40840	70	1
40841	46	1
40842	6	1
40843	33	1
40844	11	1
40845	31	1
40846	84	1
40847	11	1
40848	55	1
40849	6	1
40850	38	1
40851	83	1
40852	84	1
40853	77	1
40854	82	1
40855	13	1
40856	12	1
40857	84	1
40858	44	1
40859	38	1
40860	94	1
40861	68	1
40862	114	1
40863	62	1
40864	84	1
40865	68	1
40866	62	1
40867	70	1
40868	68	1
40869	83	1
40870	26	1
40871	37	1
40872	6	1
40873	84	1
40874	25	1
40875	25	1
40876	19	1
40877	6	1
40878	6	1
40879	150	1
40880	39	1
40881	30	1
40882	93	1
40883	93	1
40884	31	1
40885	31	1
40886	93	1
40887	3	1
40888	4	1
40889	25	1
40890	4	1
40891	18	1
40892	22	1
40893	121	1
40894	102	1
40895	46	1
40896	43	1
40897	115	1
40898	4	1
40899	104	1
40900	70	1
40901	0	1
40902	52	1
40903	124	1
40904	103	1
40905	11	1
40906	100	1
40907	1	1
40908	121	1
40909	19	1
40910	54	1
40911	29	1
40912	85	1
40913	0	1
40914	45	1
40915	54	1
40916	103	1
40917	103	1
40918	33	1
40919	39	1
40920	6	1
40921	17	1
40922	13	1
40923	33	1
40924	125	1
40925	10	1
40926	41	1
40927	74	1
40928	172	1
40929	33	1
40930	84	1
40931	137	1
40932	68	1
40933	6	1
40934	102	1
40935	46	1
40936	41	1
40937	135	1
40938	79	1
40939	33	1
40940	33	1
40941	103	1
40942	33	1
40943	46	1
40944	35	1
40945	2	1
40946	121	1
40947	33	1
40948	11	1
40949	11	1
40950	11	1
40951	84	1
40952	137	1
40953	82	1
40954	93	1
40955	68	1
40956	70	1
40957	37	1
40958	45	1
40959	82	1
40960	45	1
40961	68	1
40962	34	1
40963	84	1
40964	137	1
40965	22	1
40966	1	1
40967	109	1
40968	42	1
40969	62	1
40970	84	1
40971	60	1
40972	93	1
40973	33	1
40974	83	1
40975	69	1
40976	45	1
40977	124	1
40978	45	1
40979	62	1
40980	6	1
40981	32	1
40982	29	1
40983	0	1
40984	0	1
40985	6	1
40986	1	1
40987	53	1
40988	52	1
40989	135	1
40990	27	1
40991	4	1
40992	25	1
40993	62	1
40994	103	1
40995	46	1
40996	78	1
40997	62	1
40998	110	1
40999	6	1
41000	82	1
41001	0	1
41002	0	1
41003	118	1
41004	5	1
41005	34	1
41006	124	1
41007	172	1
41008	77	1
41009	22	1
41010	61	1
41011	8	1
41012	103	1
41013	4	1
41014	18	1
41015	139	1
41016	31	1
41017	139	1
41018	135	1
41019	70	1
41020	75	1
41021	2	1
41022	35	1
41023	46	1
41024	33	1
41025	25	1
41026	54	1
41027	33	1
41028	6	1
41029	173	1
41030	47	1
41031	41	1
41032	31	1
41033	96	1
41034	79	1
41035	79	1
41036	79	1
41037	6	1
41038	31	1
41039	6	1
41040	6	1
41041	6	1
41042	33	1
41043	17	1
41044	35	1
41045	0	1
41046	46	1
41047	29	1
41048	38	1
41049	63	1
41050	60	1
41051	109	1
41052	17	1
41053	50	1
41054	68	1
41055	97	1
41056	25	1
41057	38	1
41058	92	1
41059	76	1
41060	54	1
41061	84	1
41062	68	1
41063	43	1
41064	84	1
41065	172	1
41066	103	1
41067	68	1
41068	68	1
41069	22	1
41070	30	1
41071	19	1
41072	133	1
41073	68	1
41074	85	1
41075	29	1
41076	27	1
41077	37	1
41078	33	1
41079	84	1
41080	130	1
41081	12	1
41082	32	1
41083	75	1
41084	19	1
41085	6	1
41086	18	1
41087	45	1
41088	30	1
41089	30	1
41090	0	1
41091	54	1
41092	93	1
41093	6	1
41094	3	1
41095	4	1
41096	33	1
41097	135	1
41098	33	1
41099	121	1
41100	31	1
41101	82	1
41102	104	1
41103	46	1
41104	1	1
41105	11	1
41106	33	1
41107	45	1
41108	12	1
41109	82	1
41110	70	1
41111	18	1
41112	4	1
41113	6	1
41114	34	1
41115	34	1
41116	103	1
41117	82	1
41118	117	1
41119	4	1
41120	33	1
41121	88	1
41122	83	1
41123	33	1
41124	103	1
41125	182	1
41126	92	1
41127	116	1
41128	12	1
41129	47	1
41130	96	1
41131	96	1
41132	79	1
41133	103	1
41134	30	1
41135	45	1
41136	6	1
41137	7	1
41138	35	1
41139	68	1
41140	68	1
41141	68	1
41142	64	1
41143	3	1
41144	117	1
41145	76	1
41146	90	1
41147	84	1
41148	35	1
41149	45	1
41150	115	1
41151	35	1
41152	40	1
41153	40	1
41154	74	1
41155	88	1
41156	79	1
41157	14	1
41158	114	1
41159	74	1
41160	103	1
41161	84	1
41162	92	1
41163	72	1
41164	114	1
41165	33	1
41166	83	1
41167	93	1
41168	83	1
41169	6	1
41170	114	1
41171	84	1
41172	114	1
41173	45	1
41174	13	1
41175	82	1
41176	54	1
41177	46	1
41178	19	1
41179	4	1
41180	82	1
41181	6	1
41182	14	1
41183	12	1
41184	84	1
41185	25	1
41186	25	1
41187	41	1
41188	6	1
41189	6	1
41190	43	1
41191	56	1
41192	17	1
41193	8	1
41194	56	1
41195	33	1
41196	52	1
41197	115	1
41198	4	1
41199	4	1
41200	124	1
41201	11	1
41202	84	1
41203	103	1
41204	36	1
41205	172	1
41206	104	1
41207	98	1
41208	46	1
41209	17	1
41210	11	1
41211	84	1
41212	70	1
41213	35	1
41214	79	1
41215	17	1
41216	22	1
41217	90	1
41218	13	1
41219	47	1
41220	34	1
41221	27	1
41222	35	1
41223	70	1
41224	93	1
41225	83	1
41226	18	1
41227	93	1
41228	11	1
41229	83	1
41230	83	1
41231	75	1
41232	55	1
41233	98	1
41234	98	1
41235	36	1
41236	45	1
41237	6	1
41238	46	1
41239	70	1
41240	41	1
41241	33	1
41242	98	1
41243	33	1
41244	18	1
41245	20	1
41246	33	1
41247	63	1
41248	139	1
41249	0	1
41250	33	1
41251	46	1
41252	18	1
41253	32	1
41254	11	1
41255	45	1
41256	70	1
41257	84	1
41258	68	1
41259	30	1
41260	84	1
41261	4	1
41262	45	1
41263	84	1
41264	84	1
41265	79	1
41266	11	1
41267	70	1
41268	57	1
41269	44	1
41270	54	1
41271	84	1
41272	21	1
41273	68	1
41274	172	1
41275	19	1
41276	68	1
41277	68	1
41278	135	1
41279	26	1
41280	35	1
41281	90	1
41282	40	1
41283	1	1
41284	83	1
41285	85	1
41286	84	1
41287	22	1
41288	6	1
41289	32	1
41290	118	1
41291	61	1
41292	21	1
41293	69	1
41294	44	1
41295	88	1
41296	6	1
41297	6	1
41298	29	1
41299	29	1
41300	38	1
41301	29	1
41302	4	1
41303	42	1
41304	78	1
41305	37	1
41306	137	1
41307	1	1
41308	69	1
41309	69	1
41310	118	1
41311	118	1
41312	85	1
41313	25	1
41314	25	1
41315	98	1
41316	17	1
41317	17	1
41318	75	1
41319	19	1
41320	77	1
41321	74	1
41322	92	1
41323	26	1
41324	60	1
41325	19	1
41326	103	1
41327	46	1
41328	19	1
41329	121	1
41330	29	1
41331	45	1
41332	6	1
41333	6	1
41334	84	1
41335	46	1
41336	137	1
41337	83	1
41338	33	1
41339	106	1
41340	43	1
41341	6	1
41342	47	1
41343	84	1
41344	41	1
41345	18	1
41346	33	1
41347	102	1
41348	33	1
41349	33	1
41350	46	1
41351	12	1
41352	64	1
41353	6	1
41354	83	1
41355	47	1
41356	31	1
41357	40	1
41358	139	1
41359	54	1
41360	35	1
41361	64	1
41362	40	1
41363	82	1
41364	68	1
41365	17	1
41366	84	1
41367	46	1
41368	1	1
41369	56	1
41370	3	1
41371	3	1
41372	55	1
41373	93	1
41374	35	1
41375	93	1
41376	31	1
41377	4	1
41378	17	1
41379	46	1
41380	4	1
41381	65	1
41382	33	1
41383	4	1
41384	4	1
41385	11	1
41386	127	1
41387	3	1
41388	35	1
41389	38	1
41390	0	1
41391	118	1
41392	82	1
41393	124	1
41394	103	1
41395	103	1
41396	29	1
41397	172	1
41398	45	1
41399	45	1
41400	36	1
41401	47	1
41402	61	1
41403	88	1
41404	8	1
41405	54	1
41406	93	1
41407	6	1
41408	18	1
41409	38	1
41410	82	1
41411	11	1
41412	33	1
41413	4	1
41414	124	1
41415	6	1
41416	33	1
41417	17	1
41418	82	1
41419	102	1
41420	18	1
41421	36	1
41422	19	1
41423	121	1
41424	93	1
41425	96	1
41426	109	1
41427	60	1
41428	88	1
41429	33	1
41430	31	1
41431	6	1
41432	6	1
41433	33	1
41434	34	1
41435	18	1
41436	46	1
41437	139	1
41438	35	1
41439	8	1
41440	33	1
41441	46	1
41442	40	1
41443	36	1
41444	38	1
41445	32	1
41446	121	1
41447	29	1
41448	33	1
41449	29	1
41450	93	1
41451	40	1
41452	76	1
41453	6	1
41454	11	1
41455	11	1
41456	11	1
41457	70	1
41458	33	1
41459	93	1
41460	6	1
41461	96	1
41462	76	1
41463	33	1
41464	82	1
41465	55	1
41466	103	1
41467	100	1
41468	72	1
41469	118	1
41470	34	1
41471	83	1
41472	54	1
41473	6	1
41474	12	1
41475	54	1
41476	114	1
41477	10	1
41478	45	1
41479	153	1
41480	60	1
41481	4	1
41482	56	1
41483	85	1
41484	19	1
41485	6	1
41486	34	1
41487	61	1
41488	11	1
41489	4	1
41490	0	1
41491	82	1
41492	53	1
41493	98	1
41494	135	1
41495	41	1
41496	33	1
41497	33	1
41498	137	1
41499	127	1
41500	78	1
41501	1	1
41502	110	1
41503	115	1
41504	118	1
41505	33	1
41506	19	1
41507	84	1
41508	19	1
41509	46	1
41510	98	1
41511	82	1
41512	92	1
41513	54	1
41514	35	1
41515	1	1
41516	128	1
41517	11	1
41518	11	1
41519	103	1
41520	117	1
41521	33	1
41522	27	1
41523	4	1
41524	13	1
41525	35	1
41526	137	1
41527	34	1
41528	6	1
41529	49	1
41530	33	1
41531	106	1
41532	6	1
41533	182	1
41534	33	1
41535	18	1
41536	70	1
41537	106	1
41538	17	1
41539	27	1
41540	6	1
41541	92	1
41542	56	1
41543	55	1
41544	82	1
41545	60	1
41546	103	1
41547	33	1
41548	0	1
41549	6	1
41550	33	1
41551	92	1
41552	33	1
41553	114	1
41554	46	1
41555	13	1
41556	35	1
41557	38	1
41558	31	1
41559	144	1
41560	109	1
41561	23	1
41562	55	1
41563	11	1
41564	144	1
41565	44	1
41566	68	1
41567	82	1
41568	58	1
41569	64	1
41570	84	1
41571	68	1
41572	114	1
41573	45	1
41574	84	1
41575	8	1
41576	22	1
41577	62	1
41578	84	1
41579	56	1
41580	114	1
41581	84	1
41582	84	1
41583	69	1
41584	135	1
41585	19	1
41586	1	1
41587	82	1
41588	74	1
41589	27	1
41590	96	1
41591	6	1
41592	106	1
41593	36	1
41594	4	1
41595	73	1
41596	4	1
41597	33	1
41598	6	1
41599	0	1
41600	144	1
41601	172	1
41602	103	1
41603	146	1
41604	36	1
41605	46	1
41606	8	1
41607	8	1
41608	131	1
41609	11	1
41610	61	1
41611	60	1
41612	121	1
41613	22	1
41614	84	1
41615	114	1
41616	114	1
41617	61	1
41618	93	1
41619	36	1
41620	0	1
41621	102	1
41622	25	1
41623	46	1
41624	103	1
41625	46	1
41626	18	1
41627	82	1
41628	33	1
41629	98	1
41630	104	1
41631	71	1
41632	88	1
41633	18	1
41634	96	1
41635	93	1
41636	43	1
41637	39	1
41638	103	1
41639	33	1
41640	33	1
41641	18	1
41642	33	1
41643	35	1
41644	57	1
41645	92	1
41646	70	1
41647	45	1
41648	93	1
41649	68	1
41650	82	1
41651	40	1
41652	115	1
41653	57	1
41654	117	1
41655	54	1
41656	139	1
41657	6	1
41658	67	1
41659	45	1
41660	36	1
41661	43	1
41662	43	1
41663	30	1
41664	83	1
41665	84	1
41666	19	1
41667	84	1
41668	68	1
41669	45	1
41670	6	1
41671	6	1
41672	6	1
41673	27	1
41674	114	1
41675	4	1
41676	25	1
41677	1	1
41678	19	1
41679	98	1
41680	61	1
41681	35	1
41682	6	1
41683	6	1
41684	135	1
41685	0	1
41686	103	1
41687	62	1
41688	18	1
41689	22	1
41690	106	1
41691	17	1
41692	166	1
41693	82	1
41694	70	1
41695	84	1
41696	85	1
41697	82	1
41698	82	1
41699	102	1
41700	17	1
41701	4	1
41702	142	1
41703	19	1
41704	8	1
41705	17	1
41706	61	1
41707	85	1
41708	35	1
41709	82	1
41710	84	1
41711	46	1
41712	6	1
41713	143	1
41714	6	1
41715	103	1
41716	70	1
41717	18	1
41718	45	1
41719	32	1
41720	18	1
41721	150	1
41722	79	1
41723	93	1
41724	65	1
41725	6	1
41726	18	1
41727	33	1
41728	0	1
41729	6	1
41730	33	1
41731	63	1
41732	6	1
41733	33	1
41734	33	1
41735	6	1
41736	6	1
41737	0	1
41738	46	1
41739	46	1
41740	46	1
41741	46	1
41742	0	1
41743	71	1
41744	38	1
41745	33	1
41746	11	1
41747	38	1
41748	38	1
41749	68	1
41750	68	1
41751	68	1
41752	73	1
41753	44	1
41754	41	1
41755	84	1
41756	83	1
41757	61	1
41758	6	1
41759	70	1
41760	17	1
41761	93	1
41762	70	1
41763	34	1
41764	22	1
41765	103	1
41766	8	1
41767	133	1
41768	62	1
41769	33	1
41770	33	1
41771	92	1
41772	70	1
41773	84	1
41774	13	1
41775	146	1
41776	55	1
41777	32	1
41778	4	1
41779	1	1
41780	93	1
41781	12	1
41782	27	1
41783	19	1
41784	93	1
41785	103	1
41786	158	1
41787	27	1
41788	29	1
41789	70	1
41790	11	1
41791	11	1
41792	84	1
41793	36	1
41794	170	1
41795	6	1
41796	38	1
41797	137	1
41798	49	1
41799	33	1
41800	4	1
41801	75	1
41802	121	1
41803	10	1
41804	17	1
41805	96	1
41806	46	1
41807	46	1
41808	19	1
41809	18	1
41810	45	1
41811	4	1
41812	6	1
41813	45	1
41814	78	1
41815	7	1
41816	92	1
41817	67	1
41818	17	1
41819	33	1
41820	151	1
41821	37	1
41822	19	1
41823	84	1
41824	4	1
41825	137	1
41826	70	1
41827	40	1
41828	19	1
41829	93	1
41830	54	1
41831	79	1
41832	70	1
41833	6	1
41834	33	1
41835	63	1
41836	6	1
41837	34	1
41838	46	1
41839	46	1
41840	82	1
41841	16	1
41842	6	1
41843	11	1
41844	26	1
41845	114	1
41846	68	1
41847	73	1
41848	68	1
41849	64	1
41850	41	1
41851	92	1
41852	58	1
41853	57	1
41854	45	1
41855	6	1
41856	93	1
41857	54	1
41858	54	1
41859	40	1
41860	55	1
41861	30	1
41862	29	1
41863	11	1
41864	68	1
41865	34	1
41866	46	1
41867	148	1
41868	148	1
41869	100	1
41870	72	1
41871	85	1
41872	18	1
41873	45	1
41874	92	1
41875	54	1
41876	6	1
41877	46	1
41878	83	1
41879	0	1
41880	85	1
41881	70	1
41882	55	1
41883	84	1
41884	47	1
41885	19	1
41886	19	1
41887	6	1
41888	49	1
41889	56	1
41890	61	1
41891	66	1
41892	11	1
41893	0	1
41894	32	1
41895	6	1
41896	6	1
41897	3	1
41898	0	1
41899	38	1
41900	4	1
41901	4	1
41902	18	1
41903	96	1
41904	3	1
41905	8	1
41906	70	1
41907	158	1
41908	4	1
41909	67	1
41910	103	1
41911	78	1
41912	82	1
41913	118	1
41914	6	1
41915	137	1
41916	85	1
41917	82	1
41918	34	1
41919	19	1
41920	43	1
41921	46	1
41922	8	1
41923	77	1
41924	46	1
41925	11	1
41926	11	1
41927	79	1
41928	12	1
41929	45	1
41930	124	1
41931	137	1
41932	103	1
41933	84	1
41934	11	1
41935	86	1
41936	25	1
41937	72	1
41938	18	1
41939	102	1
41940	18	1
41941	103	1
41942	11	1
41943	31	1
41944	83	1
41945	102	1
41946	61	1
41947	6	1
41948	18	1
41949	70	1
41950	18	1
41951	45	1
41952	26	1
41953	0	1
41954	29	1
41955	6	1
41956	92	1
41957	18	1
41958	35	1
41959	33	1
41960	33	1
41961	92	1
41962	40	1
41963	6	1
41964	60	1
41965	5	1
41966	82	1
41967	40	1
41968	74	1
41969	35	1
41970	77	1
41971	79	1
41972	54	1
41973	114	1
41974	35	1
41975	139	1
41976	32	1
41977	4	1
41978	17	1
41979	37	1
41980	70	1
41981	41	1
41982	34	1
41983	34	1
41984	68	1
41985	114	1
41986	4	1
41987	92	1
41988	84	1
41989	3	1
41990	79	1
41991	17	1
41992	114	1
41993	37	1
41994	37	1
41995	64	1
41996	0	1
41997	37	1
41998	77	1
41999	19	1
42000	19	1
42001	13	1
42002	98	1
42003	62	1
42004	31	1
42005	21	1
42006	92	1
42007	6	1
42008	19	1
42009	33	1
42010	103	1
42011	73	1
42012	74	1
42013	67	1
42014	67	1
42015	94	1
42016	67	1
42017	79	1
42018	103	1
42019	33	1
42020	18	1
42021	35	1
42022	37	1
42023	96	1
42024	137	1
42025	0	1
42026	33	1
42027	46	1
42028	17	1
42029	60	1
42030	25	1
42031	64	1
42032	54	1
42033	35	1
42034	34	1
42035	22	1
42036	103	1
42037	127	1
42038	11	1
42039	36	1
42040	6	1
42041	74	1
42042	98	1
42043	82	1
42044	79	1
42045	79	1
42046	79	1
42047	96	1
42048	74	1
42049	33	1
42050	139	1
42051	46	1
42052	45	1
42053	4	1
42054	4	1
42055	11	1
42056	29	1
42057	12	1
42058	74	1
42059	68	1
42060	15	1
42061	137	1
42062	35	1
42063	115	1
42064	88	1
42065	135	1
42066	92	1
42067	114	1
42068	19	1
42069	148	1
42070	45	1
42071	79	1
42072	45	1
42073	8	1
42074	29	1
42075	19	1
42076	19	1
42077	4	1
42078	84	1
42079	56	1
42080	8	1
42081	4	1
42082	0	1
42083	53	1
42084	67	1
42085	30	1
42086	27	1
42087	4	1
42088	11	1
42089	11	1
42090	37	1
42091	70	1
42092	77	1
42093	85	1
42094	85	1
42095	103	1
42096	124	1
42097	75	1
42098	83	1
42099	45	1
42100	54	1
42101	84	1
42102	68	1
42103	30	1
42104	165	1
42105	77	1
42106	35	1
42107	45	1
42108	11	1
42109	75	1
42110	83	1
42111	33	1
42112	3	1
42113	46	1
42114	98	1
42115	31	1
42116	22	1
42117	41	1
42118	18	1
42119	18	1
42120	79	1
42121	44	1
42122	93	1
42123	40	1
42124	6	1
42125	6	1
42126	102	1
42127	12	1
42128	74	1
42129	6	1
42130	45	1
42131	93	1
42132	70	1
42133	68	1
42134	71	1
42135	117	1
42136	26	1
42137	96	1
42138	115	1
42139	31	1
42140	32	1
42141	90	1
42142	76	1
42143	77	1
42144	6	1
42145	38	1
42146	18	1
42147	68	1
42148	84	1
42149	6	1
42150	54	1
42151	82	1
42152	38	1
42153	84	1
42154	74	1
42155	74	1
42156	45	1
42157	46	1
42158	19	1
42159	19	1
42160	83	1
42161	8	1
42162	84	1
42163	84	1
42164	29	1
42165	118	1
42166	70	1
42167	45	1
42168	45	1
42169	92	1
42170	6	1
42171	33	1
42172	93	1
42173	64	1
42174	27	1
42175	6	1
42176	56	1
42177	6	1
42178	54	1
42179	88	1
42180	22	1
42181	33	1
42182	4	1
42183	8	1
42184	146	1
42185	46	1
42186	11	1
42187	0	1
42188	25	1
42189	4	1
42190	46	1
42191	46	1
42192	46	1
42193	11	1
42194	43	1
42195	43	1
42196	73	1
42197	143	1
42198	135	1
42199	35	1
42200	25	1
42201	11	1
42202	34	1
42203	103	1
42204	17	1
42205	11	1
42206	6	1
42207	44	1
42208	6	1
42209	14	1
42210	98	1
42211	33	1
42212	46	1
42213	13	1
42214	6	1
42215	43	1
42216	6	1
42217	33	1
42218	102	1
42219	45	1
42220	33	1
42221	6	1
42222	18	1
42223	33	1
42224	46	1
42225	3	1
42226	130	1
42227	6	1
42228	84	1
42229	11	1
42230	26	1
42231	68	1
42232	84	1
42233	82	1
42234	102	1
42235	21	1
42236	19	1
42237	68	1
42238	103	1
42239	48	1
42240	70	1
42241	12	1
42242	31	1
42243	45	1
42244	85	1
42245	45	1
42246	19	1
42247	19	1
42248	118	1
42249	82	1
42250	84	1
42251	34	1
42252	6	1
42253	56	1
42254	6	1
42255	17	1
42256	78	1
42257	121	1
42258	50	1
42259	4	1
42260	118	1
42261	93	1
42262	6	1
42263	70	1
42264	137	1
42265	25	1
42266	135	1
42267	43	1
42268	46	1
42269	27	1
42270	36	1
42271	96	1
42272	43	1
42273	45	1
42274	43	1
42275	35	1
42276	82	1
42277	35	1
42278	35	1
42279	137	1
42280	124	1
42281	121	1
42282	6	1
42283	46	1
42284	78	1
42285	25	1
42286	41	1
42287	19	1
42288	70	1
42289	116	1
42290	54	1
42291	70	1
42292	15	1
42293	57	1
42294	6	1
42295	33	1
42296	3	1
42297	18	1
42298	46	1
42299	46	1
42300	35	1
42301	55	1
42302	144	1
42303	68	1
42304	33	1
42305	83	1
42306	84	1
42307	60	1
42308	54	1
42309	6	1
42310	54	1
42311	54	1
42312	6	1
42313	33	1
42314	34	1
42315	103	1
42316	68	1
42317	64	1
42318	22	1
42319	62	1
42320	48	1
42321	50	1
42322	95	1
42323	118	1
42324	95	1
42325	45	1
42326	31	1
42327	77	1
42328	68	1
42329	19	1
42330	6	1
42331	6	1
42332	4	1
42333	61	1
42334	70	1
42335	77	1
42336	6	1
42337	19	1
42338	13	1
42339	18	1
42340	41	1
42341	103	1
42342	52	1
42343	33	1
42344	135	1
42345	37	1
42346	84	1
42347	2	1
42348	103	1
42349	19	1
42350	117	1
42351	46	1
42352	100	1
42353	19	1
42354	12	1
42355	90	1
42356	103	1
42357	103	1
42358	114	1
42359	85	1
42360	17	1
42361	3	1
42362	33	1
42363	61	1
42364	36	1
42365	33	1
42366	103	1
42367	22	1
42368	41	1
42369	158	1
42370	45	1
42371	93	1
42372	3	1
42373	6	1
42374	12	1
42375	38	1
42376	11	1
42377	11	1
42378	11	1
42379	40	1
42380	12	1
42381	93	1
42382	45	1
42383	92	1
42384	36	1
42385	45	1
42386	60	1
42387	88	1
42388	68	1
42389	18	1
42390	92	1
42391	114	1
42392	4	1
42393	29	1
42394	114	1
42395	104	1
42396	121	1
42397	79	1
42398	38	1
42399	43	1
42400	32	1
42401	55	1
42402	98	1
42403	6	1
42404	22	1
42405	20	1
42406	0	1
42407	4	1
42408	73	1
42409	33	1
42410	106	1
42411	4	1
42412	4	1
42413	57	1
42414	70	1
42415	69	1
42416	19	1
42417	8	1
42418	27	1
42419	43	1
42420	19	1
42421	60	1
42422	8	1
42423	103	1
42424	1	1
42425	1	1
42426	31	1
42427	55	1
42428	61	1
42429	33	1
42430	92	1
42431	104	1
42432	100	1
42433	46	1
42434	109	1
42435	93	1
42436	0	1
42437	6	1
42438	6	1
42439	114	1
42440	30	1
42441	6	1
42442	139	1
42443	98	1
42444	33	1
42445	92	1
42446	139	1
42447	64	1
42448	11	1
42449	98	1
42450	84	1
42451	17	1
42452	76	1
42453	29	1
42454	60	1
42455	96	1
42456	60	1
42457	35	1
42458	6	1
42459	33	1
42460	76	1
42461	13	1
42462	114	1
42463	73	1
42464	68	1
42465	1	1
42466	70	1
42467	146	1
42468	6	1
42469	70	1
42470	79	1
42471	76	1
42472	85	1
42473	45	1
42474	114	1
42475	83	1
42476	6	1
42477	70	1
42478	12	1
42479	92	1
42480	106	1
42481	3	1
42482	0	1
42483	27	1
42484	60	1
42485	34	1
42486	35	1
42487	70	1
42488	1	1
42489	104	1
42490	104	1
42491	30	1
42492	27	1
42493	82	1
42494	110	1
42495	46	1
42496	43	1
42497	43	1
42498	88	1
42499	61	1
42500	61	1
42501	4	1
42502	129	1
42503	19	1
42504	6	1
42505	11	1
42506	88	1
42507	79	1
42508	137	1
42509	33	1
42510	70	1
42511	70	1
42512	55	1
42513	12	1
42514	28	1
42515	84	1
42516	70	1
42517	33	1
42518	46	1
42519	103	1
42520	38	1
42521	41	1
42522	93	1
42523	68	1
42524	68	1
42525	64	1
42526	32	1
42527	82	1
42528	31	1
42529	68	1
42530	6	1
42531	33	1
42532	3	1
42533	84	1
42534	103	1
42535	133	1
42536	2	1
42537	41	1
42538	135	1
42539	114	1
42540	84	1
42541	16	1
42542	4	1
42543	35	1
42544	25	1
42545	55	1
42546	43	1
42547	1	1
42548	55	1
42549	18	1
42550	35	1
42551	4	1
42552	4	1
42553	78	1
42554	4	1
42555	135	1
42556	25	1
42557	103	1
42558	3	1
42559	46	1
42560	146	1
42561	37	1
42562	3	1
42563	118	1
42564	34	1
42565	0	1
42566	46	1
42567	103	1
42568	19	1
42569	11	1
42570	84	1
42571	40	1
42572	83	1
42573	82	1
42574	104	1
42575	43	1
42576	73	1
42577	55	1
42578	18	1
42579	158	1
42580	33	1
42581	6	1
42582	70	1
42583	33	1
42584	33	1
42585	139	1
42586	92	1
42587	33	1
42588	15	1
42589	37	1
42590	79	1
42591	11	1
42592	82	1
42593	84	1
42594	114	1
42595	35	1
42596	35	1
42597	71	1
42598	45	1
42599	114	1
42600	76	1
42601	30	1
42602	1	1
42603	35	1
42604	35	1
42605	3	1
42606	53	1
42607	84	1
42608	142	1
42609	22	1
42610	83	1
42611	84	1
42612	12	1
42613	4	1
42614	4	1
42615	103	1
42616	12	1
42617	84	1
42618	70	1
42619	25	1
42620	67	1
42621	53	1
42622	33	1
42623	52	1
42624	103	1
42625	33	1
42626	84	1
42627	4	1
42628	11	1
42629	102	1
42630	82	1
42631	124	1
42632	92	1
42633	43	1
42634	4	1
42635	26	1
42636	17	1
42637	32	1
42638	35	1
42639	19	1
42640	92	1
42641	70	1
42642	10	1
42643	17	1
42644	158	1
42645	41	1
42646	13	1
42647	12	1
42648	35	1
42649	63	1
42650	22	1
42651	46	1
42652	35	1
42653	33	1
42654	25	1
42655	32	1
42656	114	1
42657	40	1
42658	92	1
42659	77	1
42660	115	1
42661	68	1
42662	68	1
42663	54	1
42664	6	1
42665	81	1
42666	73	1
42667	11	1
42668	172	1
42669	158	1
42670	114	1
42671	68	1
42672	30	1
42673	33	1
42674	92	1
42675	114	1
42676	37	1
42677	0	1
42678	68	1
42679	85	1
42680	6	1
42681	19	1
42682	4	1
42683	4	1
42684	84	1
42685	27	1
42686	70	1
42687	6	1
42688	33	1
42689	60	1
42690	5	1
42691	144	1
42692	9	1
42693	19	1
42694	46	1
42695	30	1
42696	6	1
42697	8	1
42698	33	1
42699	92	1
42700	35	1
42701	36	1
42702	77	1
42703	98	1
42704	3	1
42705	1	1
42706	18	1
42707	33	1
42708	18	1
42709	49	1
42710	31	1
42711	44	1
42712	6	1
42713	68	1
42714	139	1
42715	6	1
42716	68	1
42717	114	1
42718	68	1
42719	40	1
42720	35	1
42721	1	1
42722	54	1
42723	64	1
42724	47	1
42725	102	1
42726	70	1
42727	68	1
42728	30	1
42729	85	1
42730	55	1
42731	84	1
42732	0	1
42733	6	1
42734	25	1
42735	19	1
42736	35	1
42737	35	1
42738	84	1
42739	55	1
42740	4	1
42741	1	1
42742	36	1
42743	33	1
42744	69	1
42745	70	1
42746	5	1
42747	103	1
42748	77	1
42749	31	1
42750	31	1
42751	18	1
42752	19	1
42753	45	1
42754	121	1
42755	93	1
42756	34	1
42757	62	1
42758	34	1
42759	18	1
42760	11	1
42761	82	1
42762	11	1
42763	92	1
42764	83	1
42765	8	1
42766	82	1
42767	79	1
42768	18	1
42769	70	1
42770	6	1
42771	6	1
42772	33	1
42773	6	1
42774	55	1
42775	27	1
42776	46	1
42777	46	1
42778	46	1
42779	102	1
42780	55	1
42781	139	1
42782	31	1
42783	84	1
42784	84	1
42785	47	1
42786	93	1
42787	68	1
42788	56	1
42789	32	1
42790	17	1
42791	121	1
42792	92	1
42793	114	1
42794	41	1
42795	70	1
42796	124	1
42797	78	1
42798	104	1
42799	33	1
42800	103	1
42801	188	1
42802	22	1
42803	68	1
42804	26	1
42805	33	1
42806	26	1
42807	118	1
42808	45	1
42809	84	1
42810	55	1
42811	35	1
42812	35	1
42813	11	1
42814	6	1
42815	4	1
42816	146	1
42817	4	1
42818	4	1
42819	34	1
42820	6	1
42821	6	1
42822	45	1
42823	60	1
42824	33	1
42825	44	1
42826	103	1
42827	33	1
42828	46	1
42829	32	1
42830	46	1
42831	73	1
42832	43	1
42833	93	1
42834	84	1
42835	33	1
42836	33	1
42837	139	1
42838	45	1
42839	0	1
42840	17	1
42841	27	1
42842	6	1
42843	64	1
42844	78	1
42845	31	1
42846	40	1
42847	16	1
42848	36	1
42849	92	1
42850	54	1
42851	57	1
42852	17	1
42853	54	1
42854	5	1
42855	4	1
42856	35	1
42857	60	1
42858	22	1
42859	100	1
42860	35	1
42861	68	1
42862	38	1
42863	2	1
42864	46	1
42865	83	1
42866	45	1
42867	84	1
42868	2	1
42869	135	1
42870	84	1
42871	4	1
42872	25	1
42873	29	1
42874	122	1
42875	168	1
42876	172	1
42877	1	1
42878	37	1
42879	69	1
42880	17	1
42881	69	1
42882	46	1
42883	43	1
42884	60	1
42885	39	1
42886	3	1
42887	93	1
42888	46	1
42889	98	1
42890	124	1
42891	158	1
42892	150	1
42893	106	1
42894	53	1
42895	84	1
42896	84	1
42897	55	1
42898	103	1
42899	92	1
42900	40	1
42901	50	1
42902	57	1
42903	33	1
42904	0	1
42905	6	1
42906	34	1
42907	33	1
42908	33	1
42909	70	1
42910	93	1
42911	60	1
42912	83	1
42913	68	1
42914	60	1
42915	79	1
42916	54	1
42917	143	1
42918	103	1
42919	139	1
42920	35	1
42921	35	1
42922	103	1
42923	16	1
42924	90	1
42925	68	1
42926	50	1
42927	1	1
42928	79	1
42929	45	1
42930	6	1
42931	12	1
42932	135	1
42933	1	1
42934	61	1
42935	53	1
42936	4	1
42937	54	1
42938	11	1
42939	88	1
42940	69	1
42941	0	1
42942	85	1
42943	85	1
42944	33	1
42945	146	1
42946	17	1
42947	34	1
42948	46	1
42949	17	1
42950	82	1
42951	8	1
42952	43	1
42953	54	1
42954	62	1
42955	36	1
42956	60	1
42957	34	1
42958	103	1
42959	70	1
42960	3	1
42961	33	1
42962	18	1
42963	61	1
42964	6	1
42965	70	1
42966	70	1
42967	61	1
42968	116	1
42969	84	1
42970	12	1
42971	50	1
42972	18	1
42973	6	1
42974	63	1
42975	63	1
42976	82	1
42977	139	1
42978	68	1
42979	11	1
42980	84	1
42981	84	1
42982	22	1
42983	54	1
42984	33	1
42985	25	1
42986	31	1
42987	73	1
42988	34	1
42989	46	1
42990	68	1
42991	114	1
42992	103	1
42993	45	1
42994	11	1
42995	12	1
42996	146	1
42997	85	1
42998	114	1
42999	69	1
43000	83	1
43001	75	1
43002	4	1
43003	84	1
43004	84	1
43005	6	1
43006	1	1
43007	13	1
43008	4	1
43009	30	1
43010	8	1
43011	33	1
43012	4	1
43013	4	1
43014	70	1
43015	1	1
43016	4	1
43017	104	1
43018	158	1
43019	77	1
43020	61	1
43021	12	1
43022	61	1
43023	114	1
43024	47	1
43025	135	1
43026	102	1
43027	34	1
43028	33	1
43029	6	1
43030	135	1
43031	8	1
43032	68	1
43033	6	1
43034	46	1
43035	103	1
43036	96	1
43037	121	1
43038	6	1
43039	8	1
43040	84	1
43041	33	1
43042	41	1
43043	32	1
43044	12	1
43045	18	1
43046	93	1
43047	84	1
43048	92	1
43049	31	1
43050	52	1
43051	45	1
43052	84	1
43053	114	1
43054	33	1
43055	53	1
43056	126	1
43057	69	1
43058	55	1
43059	37	1
43060	8	1
43061	18	1
43062	10	1
43063	33	1
43064	60	1
43065	103	1
43066	62	1
43067	88	1
43068	103	1
43069	33	1
43070	104	1
43071	19	1
43072	54	1
43073	46	1
43074	124	1
43075	30	1
43076	35	1
43077	104	1
43078	19	1
43079	84	1
43080	6	1
43081	6	1
43082	46	1
43083	55	1
43084	40	1
43085	116	1
43086	70	1
43087	70	1
43088	33	1
43089	33	1
43090	110	1
43091	47	1
43092	57	1
43093	11	1
43094	45	1
43095	92	1
43096	33	1
43097	115	1
43098	45	1
43099	82	1
43100	137	1
43101	84	1
43102	32	1
43103	139	1
43104	93	1
43105	55	1
43106	28	1
43107	95	1
43108	103	1
43109	50	1
43110	1	1
43111	84	1
43112	104	1
43113	22	1
43114	12	1
43115	0	1
43116	84	1
43117	84	1
43118	121	1
43119	6	1
43120	1	1
43121	21	1
43122	73	1
43123	4	1
43124	6	1
43125	170	1
43126	4	1
43127	22	1
43128	33	1
43129	3	1
43130	70	1
43131	70	1
43132	104	1
43133	17	1
43134	46	1
43135	77	1
43136	103	1
43137	11	1
43138	54	1
43139	46	1
43140	4	1
43141	35	1
43142	5	1
43143	6	1
43144	70	1
43145	4	1
43146	84	1
43147	44	1
43148	84	1
43149	68	1
43150	64	1
43151	0	1
43152	117	1
43153	79	1
43154	96	1
43155	66	1
43156	92	1
43157	33	1
43158	33	1
43159	93	1
43160	6	1
43161	11	1
43162	84	1
43163	26	1
43164	33	1
43165	38	1
43166	4	1
43167	16	1
43168	64	1
43169	68	1
43170	68	1
43171	88	1
43172	105	1
43173	11	1
43174	103	1
43175	4	1
43176	68	1
43177	61	1
43178	103	1
43179	68	1
43180	42	1
43181	30	1
43182	92	1
43183	151	1
43184	68	1
43185	38	1
43186	114	1
43187	45	1
43188	103	1
43189	38	1
43190	5	1
43191	82	1
43192	84	1
43193	98	1
43194	84	1
43195	77	1
43196	55	1
43197	148	1
43198	2	1
43199	103	1
43200	170	1
43201	6	1
43202	33	1
43203	93	1
43204	70	1
43205	43	1
43206	61	1
43207	46	1
43208	25	1
43209	43	1
43210	43	1
43211	46	1
43212	54	1
43213	6	1
43214	46	1
43215	48	1
43216	34	1
43217	158	1
43218	6	1
43219	46	1
43220	150	1
43221	6	1
43222	77	1
43223	6	1
43224	27	1
43225	31	1
43226	79	1
43227	18	1
43228	6	1
43229	33	1
43230	33	1
43231	1	1
43232	139	1
43233	19	1
43234	0	1
43235	92	1
43236	38	1
43237	83	1
43238	68	1
43239	68	1
43240	16	1
43241	54	1
43242	139	1
43243	84	1
43244	92	1
43245	19	1
43246	70	1
43247	46	1
43248	50	1
43249	84	1
43250	37	1
43251	85	1
43252	70	1
43253	12	1
43254	46	1
43255	106	1
43256	106	1
43257	6	1
43258	64	1
43259	4	1
43260	114	1
43261	43	1
43262	56	1
43263	6	1
43264	82	1
43265	33	1
43266	1	1
43267	3	1
43268	0	1
43269	5	1
43270	8	1
43271	62	1
43272	93	1
43273	45	1
43274	75	1
43275	54	1
43276	28	1
43277	92	1
43278	35	1
43279	104	1
43280	62	1
43281	84	1
43282	4	1
43283	103	1
43284	79	1
43285	77	1
43286	18	1
43287	35	1
43288	92	1
43289	102	1
43290	31	1
43291	11	1
43292	68	1
43293	61	1
43294	32	1
43295	18	1
43296	77	1
43297	6	1
43298	88	1
43299	143	1
43300	63	1
43301	84	1
43302	68	1
43303	68	1
43304	146	1
43305	61	1
43306	48	1
43307	10	1
43308	79	1
43309	45	1
43310	82	1
43311	61	1
43312	4	1
43313	84	1
43314	4	1
43315	11	1
43316	103	1
43317	18	1
43318	4	1
43319	4	1
43320	84	1
43321	55	1
43322	11	1
43323	146	1
43324	124	1
43325	30	1
43326	46	1
43327	8	1
43328	54	1
43329	35	1
43330	35	1
43331	11	1
43332	31	1
43333	18	1
43334	33	1
43335	46	1
43336	150	1
43337	6	1
43338	6	1
43339	6	1
43340	90	1
43341	85	1
43342	33	1
43343	33	1
43344	4	1
43345	139	1
43346	46	1
43347	46	1
43348	60	1
43349	33	1
43350	23	1
43351	1	1
43352	81	1
43353	92	1
43354	6	1
43355	68	1
43356	68	1
43357	61	1
43358	139	1
43359	83	1
43360	165	1
43361	70	1
43362	18	1
43363	35	1
43364	29	1
43365	68	1
43366	36	1
43367	77	1
43368	74	1
43369	44	1
43370	85	1
43371	30	1
43372	19	1
43373	0	1
43374	4	1
43375	62	1
43376	30	1
43377	4	1
43378	129	1
43379	35	1
43380	158	1
43381	4	1
43382	33	1
43383	38	1
43384	70	1
43385	0	1
43386	82	1
43387	29	1
43388	103	1
43389	40	1
43390	143	1
43391	43	1
43392	43	1
43393	3	1
43394	150	1
43395	77	1
43396	49	1
43397	32	1
43398	135	1
43399	32	1
43400	6	1
43401	102	1
43402	106	1
43403	104	1
43404	6	1
43405	61	1
43406	44	1
43407	79	1
43408	18	1
43409	33	1
43410	35	1
43411	46	1
43412	33	1
43413	64	1
43414	60	1
43415	54	1
43416	84	1
43417	40	1
43418	6	1
43419	139	1
43420	60	1
43421	93	1
43422	93	1
43423	62	1
43424	70	1
43425	34	1
43426	57	1
43427	96	1
43428	103	1
43429	90	1
43430	37	1
43431	135	1
43432	19	1
43433	22	1
43434	19	1
43435	11	1
43436	82	1
43437	103	1
43438	46	1
43439	43	1
43440	104	1
43441	189	1
43442	35	1
43443	48	1
43444	103	1
43445	31	1
43446	11	1
43447	33	1
43448	73	1
43449	45	1
43450	6	1
43451	96	1
43452	18	1
43453	6	1
43454	30	1
43455	46	1
43456	106	1
43457	11	1
43458	84	1
43459	11	1
43460	137	1
43461	68	1
43462	172	1
43463	84	1
43464	22	1
43465	31	1
43466	60	1
43467	6	1
43468	6	1
43469	6	1
43470	23	1
43471	68	1
43472	73	1
43473	84	1
43474	1	1
43475	124	1
43476	118	1
43477	68	1
43478	6	1
43479	45	1
43480	33	1
43481	70	1
43482	139	1
43483	6	1
43484	118	1
43485	1	1
43486	6	1
43487	30	1
43488	0	1
43489	62	1
43490	4	1
43491	18	1
43492	22	1
43493	121	1
43494	29	1
43495	37	1
43496	19	1
43497	6	1
43498	114	1
43499	1	1
43500	40	1
43501	82	1
43502	15	1
43503	103	1
43504	103	1
43505	3	1
43506	33	1
43507	88	1
43508	92	1
43509	50	1
43510	26	1
43511	14	1
43512	98	1
43513	6	1
43514	106	1
43515	36	1
43516	92	1
43517	92	1
43518	12	1
43519	79	1
43520	64	1
43521	57	1
43522	103	1
43523	33	1
43524	6	1
43525	63	1
43526	33	1
43527	46	1
43528	71	1
43529	41	1
43530	4	1
43531	102	1
43532	45	1
43533	35	1
43534	114	1
43535	82	1
43536	184	1
43537	43	1
43538	73	1
43539	15	1
43540	114	1
43541	68	1
43542	83	1
43543	30	1
43544	37	1
43545	92	1
43546	90	1
43547	54	1
43548	3	1
43549	85	1
43550	64	1
43551	25	1
43552	84	1
43553	35	1
43554	11	1
43555	30	1
43556	93	1
43557	1	1
43558	73	1
43559	4	1
43560	1	1
43561	36	1
43562	33	1
43563	4	1
43564	18	1
43565	115	1
43566	46	1
43567	25	1
43568	117	1
43569	38	1
43570	57	1
43571	6	1
43572	36	1
43573	33	1
43574	82	1
43575	103	1
43576	33	1
43577	6	1
43578	35	1
43579	70	1
43580	55	1
43581	124	1
43582	61	1
43583	40	1
43584	0	1
43585	41	1
43586	36	1
43587	114	1
43588	83	1
43589	68	1
43590	68	1
43591	94	1
43592	71	1
43593	96	1
43594	54	1
43595	54	1
43596	4	1
43597	104	1
43598	46	1
43599	68	1
43600	68	1
43601	90	1
43602	150	1
43603	114	1
43604	69	1
43605	12	1
43606	30	1
43607	84	1
43608	12	1
43609	12	1
43610	54	1
43611	20	1
43612	38	1
43613	3	1
43614	30	1
43615	103	1
43616	70	1
43617	4	1
43618	43	1
43619	46	1
43620	158	1
43621	46	1
43622	46	1
43623	8	1
43624	35	1
43625	35	1
43626	82	1
43627	73	1
43628	46	1
43629	33	1
43630	18	1
43631	6	1
43632	6	1
43633	195	1
43634	40	1
43635	33	1
43636	33	1
43637	33	1
43638	63	1
43639	68	1
43640	35	1
43641	46	1
43642	50	1
43643	38	1
43644	38	1
43645	38	1
43646	11	1
43647	61	1
43648	45	1
43649	31	1
43650	68	1
43651	102	1
43652	35	1
43653	92	1
43654	45	1
43655	11	1
43656	4	1
43657	84	1
43658	68	1
43659	84	1
43660	57	1
43661	92	1
43662	6	1
43663	0	1
43664	24	1
43665	88	1
43666	29	1
43667	17	1
43668	54	1
43669	123	1
43670	137	1
43671	6	1
43672	0	1
43673	53	1
43674	54	1
43675	56	1
43676	43	1
43677	4	1
43678	3	1
43679	103	1
43680	43	1
43681	34	1
43682	82	1
43683	46	1
43684	43	1
43685	124	1
43686	45	1
43687	0	1
43688	74	1
43689	96	1
43690	114	1
43691	85	1
43692	33	1
43693	11	1
43694	11	1
43695	70	1
43696	135	1
43697	6	1
43698	82	1
43699	6	1
43700	33	1
43701	63	1
43702	33	1
43703	92	1
43704	33	1
43705	17	1
43706	139	1
43707	36	1
43708	38	1
43709	40	1
43710	6	1
43711	66	1
43712	143	1
43713	60	1
43714	88	1
43715	92	1
43716	35	1
43717	22	1
43718	35	1
43719	53	1
43720	70	1
43721	41	1
43722	82	1
43723	62	1
43724	118	1
43725	103	1
43726	6	1
43727	93	1
43728	4	1
43729	103	1
43730	73	1
43731	52	1
43732	135	1
43733	37	1
43734	36	1
43735	36	1
43736	39	1
43737	77	1
43738	46	1
43739	96	1
43740	92	1
43741	45	1
43742	54	1
43743	34	1
43744	84	1
43745	73	1
43746	40	1
43747	84	1
43748	68	1
43749	37	1
43750	150	1
43751	124	1
43752	79	1
43753	96	1
43754	33	1
43755	29	1
43756	103	1
43757	6	1
43758	78	1
43759	45	1
43760	18	1
43761	38	1
43762	11	1
43763	83	1
43764	172	1
43765	82	1
43766	54	1
43767	54	1
43768	4	1
43769	114	1
43770	45	1
43771	19	1
43772	158	1
43773	0	1
43774	12	1
43775	69	1
43776	19	1
43777	55	1
43778	12	1
43779	6	1
43780	82	1
43781	29	1
43782	33	1
43783	38	1
43784	57	1
43785	29	1
43786	103	1
43787	33	1
43788	33	1
43789	19	1
43790	17	1
43791	46	1
43792	143	1
43793	109	1
43794	6	1
43795	43	1
43796	25	1
43797	25	1
43798	31	1
43799	23	1
43800	84	1
43801	82	1
43802	60	1
43803	4	1
43804	49	1
43805	6	1
43806	183	1
43807	36	1
43808	70	1
43809	3	1
43810	55	1
43811	6	1
43812	4	1
43813	26	1
43814	33	1
43815	46	1
43816	46	1
43817	103	1
43818	46	1
43819	92	1
43820	64	1
43821	31	1
43822	68	1
43823	68	1
43824	82	1
43825	56	1
43826	6	1
43827	106	1
43828	68	1
43829	6	1
43830	46	1
43831	6	1
43832	4	1
43833	114	1
43834	90	1
43835	60	1
43836	68	1
43837	146	1
43838	85	1
43839	42	1
43840	25	1
43841	90	1
43842	70	1
43843	79	1
43844	6	1
43845	70	1
43846	93	1
43847	0	1
43848	129	1
43849	88	1
43850	3	1
43851	1	1
43852	78	1
43853	19	1
43854	33	1
43855	43	1
43856	36	1
43857	70	1
43858	33	1
43859	172	1
43860	17	1
43861	45	1
43862	60	1
43863	92	1
43864	19	1
43865	93	1
43866	103	1
43867	71	1
43868	61	1
43869	18	1
43870	45	1
43871	11	1
43872	82	1
43873	92	1
43874	36	1
43875	137	1
43876	33	1
43877	46	1
43878	35	1
43879	82	1
43880	70	1
43881	33	1
43882	33	1
43883	46	1
43884	33	1
43885	11	1
43886	38	1
43887	60	1
43888	68	1
43889	35	1
43890	4	1
43891	35	1
43892	4	1
43893	68	1
43894	83	1
43895	114	1
43896	61	1
43897	70	1
43898	35	1
43899	33	1
43900	68	1
43901	3	1
43902	92	1
43903	92	1
43904	19	1
43905	19	1
43906	103	1
43907	60	1
43908	172	1
43909	3	1
43910	31	1
43911	139	1
43912	63	1
43913	19	1
43914	25	1
43915	11	1
43916	19	1
43917	25	1
43918	33	1
43919	25	1
43920	73	1
43921	19	1
43922	8	1
43923	128	1
43924	82	1
43925	26	1
43926	103	1
43927	44	1
43928	35	1
43929	35	1
43930	70	1
43931	18	1
43932	79	1
43933	126	1
43934	79	1
43935	19	1
43936	46	1
43937	139	1
43938	55	1
43939	35	1
43940	35	1
43941	68	1
43942	45	1
43943	18	1
43944	96	1
43945	139	1
43946	92	1
43947	90	1
43948	26	1
43949	103	1
43950	11	1
43951	73	1
43952	93	1
43953	11	1
43954	104	1
43955	19	1
43956	43	1
43957	103	1
43958	19	1
43959	37	1
43960	172	1
43961	60	1
43962	96	1
43963	19	1
43964	77	1
43965	96	1
43966	15	1
43967	135	1
43968	11	1
43969	82	1
43970	70	1
43971	124	1
43972	6	1
43973	121	1
43974	54	1
43975	33	1
43976	33	1
43977	77	1
43978	61	1
43979	6	1
43980	103	1
43981	35	1
43982	79	1
43983	84	1
43984	68	1
43985	54	1
43986	11	1
43987	68	1
43988	40	1
43989	6	1
43990	4	1
43991	92	1
43992	74	1
43993	92	1
43994	26	1
43995	68	1
43996	37	1
43997	4	1
43998	2	1
43999	102	1
44000	77	1
44001	82	1
44002	84	1
44003	84	1
44004	69	1
44005	30	1
44006	0	1
44007	135	1
44008	4	1
44009	83	1
44010	6	1
44011	103	1
44012	70	1
44013	27	1
44014	82	1
44015	93	1
44016	121	1
44017	34	1
44018	77	1
44019	96	1
44020	77	1
44021	70	1
44022	35	1
44023	54	1
44024	29	1
44025	35	1
44026	139	1
44027	84	1
44028	18	1
44029	103	1
44030	193	1
44031	116	1
44032	55	1
44033	90	1
44034	6	1
44035	18	1
44036	45	1
44037	6	1
44038	8	1
44039	38	1
44040	76	1
44041	6	1
44042	71	1
44043	38	1
44044	93	1
44045	144	1
44046	29	1
44047	3	1
44048	25	1
44049	50	1
44050	18	1
44051	90	1
44052	68	1
44053	79	1
44054	83	1
44055	96	1
44056	6	1
44057	69	1
44058	43	1
44059	6	1
44060	90	1
44061	37	1
44062	19	1
44063	62	1
44064	1	1
44065	60	1
44066	70	1
44067	0	1
44068	118	1
44069	33	1
44070	61	1
44071	158	1
44072	90	1
44073	19	1
44074	34	1
44075	123	1
44076	75	1
44077	11	1
44078	98	1
44079	71	1
44080	38	1
44081	103	1
44082	98	1
44083	158	1
44084	18	1
44085	27	1
44086	46	1
44087	139	1
44088	1	1
44089	55	1
44090	83	1
44091	32	1
44092	33	1
44093	4	1
44094	61	1
44095	92	1
44096	70	1
44097	33	1
44098	70	1
44099	70	1
44100	83	1
44101	0	1
44102	6	1
44103	93	1
44104	17	1
44105	96	1
44106	104	1
44107	172	1
44108	4	1
44109	38	1
44110	121	1
44111	6	1
44112	93	1
44113	35	1
44114	1	1
44115	46	1
44116	8	1
44117	27	1
44118	54	1
44119	103	1
44120	103	1
44121	45	1
44122	84	1
44123	46	1
44124	124	1
44125	11	1
44126	31	1
44127	11	1
44128	84	1
44129	46	1
44130	18	1
44131	12	1
44132	103	1
44133	85	1
44134	45	1
44135	6	1
44136	46	1
44137	6	1
44138	64	1
44139	92	1
44140	38	1
44141	32	1
44142	45	1
44143	46	1
44144	74	1
44145	6	1
44146	43	1
44147	68	1
44148	84	1
44149	92	1
44150	42	1
44151	90	1
44152	57	1
44153	83	1
44154	30	1
44155	69	1
44156	32	1
44157	146	1
44158	0	1
44159	93	1
44160	61	1
44161	3	1
44162	103	1
44163	54	1
44164	1	1
44165	109	1
44166	4	1
44167	103	1
44168	85	1
44169	103	1
44170	46	1
44171	121	1
44172	45	1
44173	54	1
44174	93	1
44175	18	1
44176	70	1
44177	19	1
44178	2	1
44179	88	1
44180	82	1
44181	8	1
44182	18	1
44183	11	1
44184	12	1
44185	33	1
44186	33	1
44187	33	1
44188	33	1
44189	6	1
44190	11	1
44191	38	1
44192	63	1
44193	68	1
44194	68	1
44195	40	1
44196	47	1
44197	83	1
44198	11	1
44199	6	1
44200	68	1
44201	65	1
44202	96	1
44203	6	1
44204	40	1
44205	43	1
44206	60	1
44207	61	1
44208	68	1
44209	68	1
44210	118	1
44211	6	1
44212	135	1
44213	166	1
44214	16	1
44215	103	1
44216	1	1
44217	25	1
44218	27	1
44219	4	1
44220	93	1
44221	70	1
44222	6	1
44223	93	1
44224	103	1
44225	4	1
44226	17	1
44227	150	1
44228	4	1
44229	11	1
44230	60	1
44231	35	1
44232	85	1
44233	0	1
44234	11	1
44235	5	1
44236	137	1
44237	54	1
44238	93	1
44239	129	1
44240	18	1
44241	82	1
44242	82	1
44243	12	1
44244	158	1
44245	33	1
44246	19	1
44247	13	1
44248	144	1
44249	38	1
44250	68	1
44251	32	1
44252	6	1
44253	55	1
44254	84	1
44255	96	1
44256	60	1
44257	148	1
44258	30	1
44259	136	1
44260	70	1
44261	33	1
44262	43	1
44263	104	1
44264	0	1
44265	85	1
44266	85	1
44267	158	1
44268	62	1
44269	129	1
44270	82	1
44271	4	1
44272	78	1
44273	0	1
44274	36	1
44275	33	1
44276	103	1
44277	103	1
44278	6	1
44279	36	1
44280	1	1
44281	8	1
44282	127	1
44283	96	1
44284	4	1
44285	59	1
44286	82	1
44287	88	1
44288	25	1
44289	106	1
44290	61	1
44291	45	1
44292	30	1
44293	6	1
44294	46	1
44295	54	1
44296	55	1
44297	31	1
44298	35	1
44299	0	1
44300	70	1
44301	33	1
44302	102	1
44303	33	1
44304	63	1
44305	46	1
44306	35	1
44307	84	1
44308	31	1
44309	68	1
44310	103	1
44311	76	1
44312	45	1
44313	54	1
44314	143	1
44315	114	1
44316	57	1
44317	22	1
44318	50	1
44319	62	1
44320	53	1
44321	61	1
44322	83	1
44323	19	1
44324	1	1
44325	4	1
44326	33	1
44327	4	1
44328	33	1
44329	29	1
44330	6	1
44331	103	1
44332	33	1
44333	104	1
44334	69	1
44335	25	1
44336	19	1
44337	45	1
44338	73	1
44339	63	1
44340	114	1
44341	65	1
44342	29	1
44343	4	1
44344	4	1
44345	33	1
44346	11	1
44347	11	1
44348	22	1
44349	124	1
44350	124	1
44351	6	1
44352	35	1
44353	70	1
44354	6	1
44355	18	1
44356	46	1
44357	103	1
44358	33	1
44359	33	1
44360	46	1
44361	12	1
44362	33	1
44363	45	1
44364	33	1
44365	92	1
44366	92	1
44367	2	1
44368	6	1
44369	33	1
44370	143	1
44371	172	1
44372	46	1
44373	41	1
44374	103	1
44375	165	1
44376	158	1
44377	64	1
44378	79	1
44379	83	1
44380	0	1
44381	85	1
44382	44	1
44383	96	1
44384	93	1
44385	19	1
44386	19	1
44387	30	1
44388	0	1
44389	103	1
44390	103	1
44391	78	1
44392	36	1
44393	25	1
44394	34	1
44395	77	1
44396	6	1
44397	11	1
44398	30	1
44399	73	1
44400	12	1
44401	11	1
44402	103	1
44403	18	1
44404	18	1
44405	83	1
44406	137	1
44407	102	1
44408	64	1
44409	55	1
44410	0	1
44411	41	1
44412	6	1
44413	70	1
44414	68	1
44415	46	1
44416	33	1
44417	36	1
44418	77	1
44419	32	1
44420	6	1
44421	139	1
44422	93	1
44423	137	1
44424	6	1
44425	102	1
44426	68	1
44427	35	1
44428	109	1
44429	22	1
44430	124	1
44431	92	1
44432	0	1
44433	12	1
44434	61	1
44435	61	1
44436	33	1
44437	45	1
44438	4	1
44439	6	1
44440	18	1
44441	11	1
44442	118	1
44443	172	1
44444	103	1
44445	17	1
44446	96	1
44447	8	1
44448	103	1
44449	18	1
44450	92	1
44451	36	1
44452	103	1
44453	30	1
44454	36	1
44455	90	1
44456	103	1
44457	33	1
44458	33	1
44459	33	1
44460	33	1
44461	63	1
44462	2	1
44463	93	1
44464	38	1
44465	64	1
44466	11	1
44467	137	1
44468	29	1
44469	38	1
44470	15	1
44471	68	1
44472	93	1
44473	0	1
44474	3	1
44475	0	1
44476	19	1
44477	84	1
44478	0	1
44479	2	1
44480	172	1
44481	103	1
44482	84	1
44483	72	1
44484	103	1
44485	103	1
44486	17	1
44487	46	1
44488	11	1
44489	61	1
44490	46	1
44491	61	1
44492	75	1
44493	135	1
44494	8	1
44495	150	1
44496	25	1
44497	61	1
44498	92	1
44499	33	1
44500	3	1
44501	46	1
44502	46	1
44503	46	1
44504	4	1
44505	25	1
44506	47	1
44507	45	1
44508	84	1
44509	68	1
44510	62	1
44511	100	1
44512	137	1
44513	19	1
44514	68	1
44515	118	1
44516	45	1
44517	70	1
44518	6	1
44519	68	1
44520	68	1
44521	150	1
44522	93	1
44523	92	1
44524	25	1
44525	85	1
44526	84	1
44527	19	1
44528	25	1
44529	25	1
44530	103	1
44531	33	1
44532	33	1
44533	33	1
44534	118	1
44535	46	1
44536	70	1
44537	70	1
44538	4	1
44539	15	1
44540	68	1
44541	33	1
44542	121	1
44543	106	1
44544	29	1
44545	84	1
44546	35	1
44547	33	1
44548	33	1
44549	33	1
44550	27	1
44551	33	1
44552	46	1
44553	106	1
44554	54	1
44555	4	1
44556	41	1
44557	68	1
44558	60	1
44559	92	1
44560	22	1
44561	57	1
44562	83	1
44563	17	1
44564	70	1
44565	19	1
44566	19	1
44567	93	1
44568	33	1
44569	96	1
44570	18	1
44571	83	1
44572	6	1
44573	12	1
44574	55	1
44575	4	1
44576	70	1
44577	69	1
44578	19	1
44579	96	1
44580	17	1
44581	1	1
44582	36	1
44583	2	1
44584	46	1
44585	82	1
44586	98	1
44587	69	1
44588	18	1
44589	41	1
44590	18	1
44591	79	1
44592	6	1
44593	33	1
44594	33	1
44595	38	1
44596	173	1
44597	143	1
44598	68	1
44599	1	1
44600	93	1
44601	57	1
44602	92	1
44603	61	1
44604	68	1
44605	83	1
44606	118	1
44607	83	1
44608	96	1
44609	84	1
44610	93	1
44611	38	1
44612	153	1
44613	33	1
44614	6	1
44615	67	1
44616	1	1
44617	84	1
44618	4	1
44619	19	1
44620	6	1
44621	19	1
44622	17	1
44623	46	1
44624	46	1
44625	77	1
44626	104	1
44627	3	1
44628	92	1
44629	6	1
44630	18	1
44631	17	1
44632	36	1
44633	92	1
44634	33	1
44635	6	1
44636	6	1
44637	33	1
44638	18	1
44639	139	1
44640	68	1
44641	46	1
44642	35	1
44643	11	1
44644	92	1
44645	98	1
44646	68	1
44647	6	1
44648	60	1
44649	6	1
44650	33	1
44651	100	1
44652	4	1
44653	133	1
44654	118	1
44655	68	1
44656	84	1
44657	75	1
44658	96	1
44659	12	1
44660	0	1
44661	85	1
44662	114	1
44663	12	1
44664	13	1
44665	35	1
44666	93	1
44667	46	1
44668	33	1
44669	85	1
44670	124	1
44671	19	1
44672	5	1
44673	103	1
44674	103	1
44675	40	1
44676	70	1
44677	60	1
44678	77	1
44679	103	1
44680	22	1
44681	104	1
44682	150	1
44683	38	1
44684	70	1
44685	3	1
44686	79	1
44687	54	1
44688	79	1
44689	103	1
44690	6	1
44691	139	1
44692	46	1
44693	46	1
44694	46	1
44695	6	1
44696	73	1
44697	83	1
44698	92	1
44699	68	1
44700	84	1
44701	40	1
44702	6	1
44703	18	1
44704	68	1
44705	6	1
44706	96	1
44707	4	1
44708	12	1
44709	68	1
44710	31	1
44711	68	1
44712	35	1
44713	118	1
44714	64	1
44715	114	1
44716	37	1
44717	37	1
44718	106	1
44719	103	1
44720	29	1
44721	61	1
44722	47	1
44723	118	1
44724	103	1
44725	46	1
44726	17	1
44727	50	1
44728	17	1
44729	46	1
44730	45	1
44731	174	1
44732	54	1
44733	103	1
44734	34	1
44735	18	1
44736	70	1
44737	8	1
44738	13	1
44739	11	1
44740	33	1
44741	43	1
44742	103	1
44743	35	1
44744	33	1
44745	29	1
44746	33	1
44747	33	1
44748	46	1
44749	32	1
44750	92	1
44751	11	1
44752	44	1
44753	31	1
44754	54	1
44755	25	1
44756	68	1
44757	62	1
44758	18	1
44759	79	1
44760	33	1
44761	37	1
44762	92	1
44763	85	1
44764	71	1
44765	0	1
44766	11	1
44767	6	1
44768	25	1
44769	70	1
44770	19	1
44771	46	1
44772	104	1
44773	34	1
44774	35	1
44775	36	1
44776	84	1
44777	46	1
44778	6	1
44779	6	1
44780	46	1
44781	18	1
44782	103	1
44783	18	1
44784	1	1
44785	139	1
44786	63	1
44787	139	1
44788	68	1
44789	144	1
44790	92	1
44791	77	1
44792	54	1
44793	139	1
44794	54	1
44795	70	1
44796	68	1
44797	6	1
44798	35	1
44799	188	1
44800	135	1
44801	22	1
44802	166	1
44803	29	1
44804	19	1
44805	36	1
44806	30	1
44807	6	1
44808	56	1
44809	73	1
44810	139	1
44811	44	1
44812	135	1
44813	19	1
44814	13	1
44815	93	1
44816	70	1
44817	78	1
44818	124	1
44819	103	1
44820	46	1
44821	5	1
44822	105	1
44823	69	1
44824	38	1
44825	25	1
44826	54	1
44827	45	1
44828	103	1
44829	61	1
44830	83	1
44831	68	1
44832	6	1
44833	70	1
44834	79	1
44835	61	1
44836	6	1
44837	6	1
44838	46	1
44839	38	1
44840	38	1
44841	139	1
44842	92	1
44843	17	1
44844	137	1
44845	43	1
44846	33	1
44847	170	1
44848	100	1
44849	68	1
44850	118	1
44851	98	1
44852	90	1
44853	18	1
44854	17	1
44855	15	1
44856	69	1
44857	83	1
44858	0	1
44859	93	1
44860	46	1
44861	0	1
44862	19	1
44863	4	1
44864	6	1
44865	6	1
44866	30	1
44867	103	1
44868	104	1
44869	135	1
44870	19	1
44871	124	1
44872	19	1
44873	46	1
44874	50	1
44875	78	1
44876	102	1
44877	19	1
44878	65	1
44879	103	1
44880	46	1
44881	33	1
44882	45	1
44883	79	1
44884	45	1
44885	45	1
44886	42	1
44887	46	1
44888	50	1
44889	37	1
44890	6	1
44891	88	1
44892	36	1
44893	92	1
44894	54	1
44895	137	1
44896	57	1
44897	6	1
44898	68	1
44899	54	1
44900	83	1
44901	30	1
44902	68	1
44903	19	1
44904	39	1
44905	1	1
44906	33	1
44907	54	1
44908	47	1
44909	22	1
44910	33	1
44911	3	1
44912	36	1
44913	78	1
44914	0	1
44915	11	1
44916	19	1
44917	45	1
44918	45	1
44919	43	1
44920	103	1
44921	93	1
44922	103	1
44923	12	1
44924	70	1
44925	92	1
44926	18	1
44927	83	1
44928	83	1
44929	6	1
44930	79	1
44931	6	1
44932	25	1
44933	63	1
44934	139	1
44935	92	1
44936	6	1
44937	83	1
44938	83	1
44939	18	1
44940	139	1
44941	162	1
44942	76	1
44943	25	1
44944	45	1
44945	170	1
44946	124	1
44947	144	1
44948	17	1
44949	85	1
44950	32	1
44951	33	1
44952	0	1
44953	85	1
44954	19	1
44955	30	1
44956	82	1
44957	4	1
44958	56	1
44959	22	1
44960	46	1
44961	82	1
44962	4	1
44963	83	1
44964	93	1
44965	3	1
44966	68	1
44967	54	1
44968	45	1
44969	18	1
44970	158	1
44971	46	1
44972	35	1
44973	58	1
44974	32	1
44975	92	1
44976	36	1
44977	54	1
44978	102	1
44979	83	1
44980	83	1
44981	19	1
44982	92	1
44983	133	1
44984	2	1
44985	29	1
44986	15	1
44987	118	1
44988	61	1
44989	6	1
44990	3	1
44991	18	1
44992	103	1
44993	46	1
44994	33	1
44995	57	1
44996	33	1
44997	33	1
44998	11	1
44999	78	1
45000	4	1
45001	85	1
45002	118	1
45003	22	1
45004	57	1
45005	103	1
45006	82	1
45007	11	1
45008	98	1
45009	6	1
45010	79	1
45011	45	1
45012	139	1
45013	33	1
45014	63	1
45015	35	1
45016	3	1
45017	11	1
45018	6	1
45019	77	1
45020	40	1
45021	34	1
45022	39	1
45023	79	1
45024	35	1
45025	88	1
45026	82	1
45027	4	1
45028	93	1
45029	62	1
45030	55	1
45031	148	1
45032	103	1
45033	14	1
45034	4	1
45035	0	1
45036	93	1
45037	82	1
45038	19	1
45039	19	1
45040	3	1
45041	125	1
45042	73	1
45043	33	1
45044	33	1
45045	6	1
45046	18	1
45047	40	1
45048	10	1
45049	139	1
45050	45	1
45051	92	1
45052	46	1
45053	1	1
45054	68	1
45055	68	1
45056	45	1
45057	55	1
45058	68	1
45059	92	1
45060	38	1
45061	32	1
45062	74	1
45063	68	1
45064	46	1
45065	30	1
45066	1	1
45067	103	1
45068	6	1
45069	45	1
45070	114	1
45071	68	1
45072	55	1
45073	33	1
45074	4	1
45075	85	1
45076	82	1
45077	38	1
45078	61	1
45079	12	1
45080	43	1
45081	92	1
45082	114	1
45083	38	1
45084	34	1
45085	82	1
45086	11	1
45087	44	1
45088	82	1
45089	83	1
45090	70	1
45091	6	1
45092	79	1
45093	65	1
45094	27	1
45095	63	1
45096	33	1
45097	0	1
45098	35	1
45099	68	1
45100	68	1
45101	82	1
45102	68	1
45103	4	1
45104	60	1
45105	55	1
45106	19	1
45107	19	1
45108	34	1
45109	85	1
45110	68	1
45111	148	1
45112	103	1
45113	33	1
45114	83	1
45115	151	1
45116	68	1
45117	68	1
45118	68	1
45119	12	1
45120	19	1
45121	19	1
45122	18	1
45123	22	1
45124	50	1
45125	4	1
45126	103	1
45127	124	1
45128	93	1
45129	70	1
45130	85	1
45131	33	1
45132	19	1
45133	54	1
45134	48	1
45135	33	1
45136	18	1
45137	104	1
45138	6	1
45139	111	1
45140	84	1
45141	46	1
45142	58	1
45143	31	1
45144	68	1
45145	84	1
45146	96	1
45147	68	1
45148	6	1
45149	38	1
45150	22	1
45151	62	1
45152	19	1
45153	0	1
45154	72	1
45155	90	1
45156	70	1
45157	153	1
45158	0	1
45159	85	1
45160	118	1
45161	93	1
45162	106	1
45163	61	1
45164	104	1
45165	3	1
45166	65	1
45167	4	1
45168	135	1
45169	69	1
45170	46	1
45171	35	1
45172	54	1
45173	43	1
45174	92	1
45175	150	1
45176	103	1
45177	98	1
45178	70	1
45179	46	1
45180	6	1
45181	6	1
45182	116	1
45183	45	1
45184	150	1
45185	90	1
45186	90	1
45187	6	1
45188	17	1
45189	7	1
45190	46	1
45191	46	1
45192	106	1
45193	18	1
45194	68	1
45195	50	1
45196	118	1
45197	78	1
45198	18	1
45199	33	1
45200	79	1
45201	79	1
45202	6	1
45203	29	1
45204	31	1
45205	103	1
45206	114	1
45207	3	1
45208	4	1
45209	6	1
45210	3	1
45211	172	1
45212	103	1
45213	62	1
45214	78	1
45215	78	1
45216	68	1
45217	0	1
45218	61	1
45219	100	1
45220	4	1
45221	43	1
45222	0	1
45223	25	1
45224	18	1
45225	104	1
45226	70	1
45227	83	1
45228	150	1
45229	68	1
45230	6	1
45231	96	1
45232	135	1
45233	4	1
45234	139	1
45235	35	1
45236	33	1
45237	68	1
45238	76	1
45239	60	1
45240	73	1
45241	82	1
45242	6	1
45243	102	1
45244	45	1
45245	114	1
45246	19	1
45247	70	1
45248	170	1
45249	72	1
45250	45	1
45251	33	1
45252	103	1
45253	68	1
45254	13	1
45255	6	1
45256	45	1
45257	82	1
45258	1	1
45259	8	1
45260	103	1
45261	194	1
45262	33	1
45263	106	1
45264	19	1
45265	78	1
45266	4	1
45267	103	1
45268	69	1
45269	103	1
45270	137	1
45271	73	1
45272	43	1
45273	26	1
45274	66	1
45275	11	1
45276	84	1
45277	84	1
45278	36	1
45279	77	1
45280	6	1
45281	137	1
45282	79	1
45283	103	1
45284	93	1
45285	68	1
45286	96	1
45287	83	1
45288	103	1
45289	3	1
45290	37	1
45291	45	1
45292	37	1
45293	37	1
45294	158	1
45295	52	1
45296	70	1
45297	0	1
45298	78	1
45299	46	1
45300	32	1
45301	137	1
45302	31	1
45303	92	1
45304	84	1
45305	70	1
45306	74	1
45307	70	1
45308	126	1
45309	139	1
45310	12	1
45311	33	1
45312	66	1
45313	83	1
45314	45	1
45315	8	1
45316	68	1
45317	19	1
45318	8	1
45319	68	1
45320	33	1
45321	34	1
45322	79	1
45323	6	1
45324	103	1
45325	49	1
45326	0	1
45327	68	1
45328	35	1
45329	85	1
45330	103	1
45331	33	1
45332	72	1
45333	36	1
45334	46	1
45335	19	1
45336	6	1
45337	70	1
45338	33	1
45339	33	1
45340	2	1
45341	33	1
45342	10	1
45343	6	1
45344	54	1
45345	35	1
45346	58	1
45347	4	1
45348	45	1
45349	68	1
45350	31	1
45351	46	1
45352	11	1
45353	0	1
45354	68	1
45355	62	1
45356	72	1
45357	70	1
45358	18	1
45359	68	1
45360	150	1
45361	61	1
45362	29	1
45363	84	1
45364	32	1
45365	33	1
45366	82	1
45367	84	1
45368	34	1
45369	84	1
45370	68	1
45371	1	1
45372	96	1
45373	103	1
45374	93	1
45375	1	1
45376	6	1
45377	18	1
45378	12	1
45379	43	1
45380	70	1
45381	31	1
45382	124	1
45383	33	1
45384	31	1
45385	70	1
45386	116	1
45387	96	1
45388	0	1
45389	33	1
45390	144	1
45391	66	1
45392	78	1
45393	1	1
45394	23	1
45395	92	1
45396	83	1
45397	96	1
45398	82	1
45399	32	1
45400	68	1
45401	25	1
45402	66	1
45403	29	1
45404	37	1
45405	70	1
45406	70	1
45407	79	1
45408	79	1
45409	0	1
45410	30	1
45411	69	1
45412	77	1
45413	1	1
45414	33	1
45415	33	1
45416	3	1
45417	70	1
45418	45	1
45419	45	1
45420	70	1
45421	135	1
45422	70	1
45423	46	1
45424	25	1
45425	93	1
45426	7	1
45427	63	1
45428	33	1
45429	68	1
45430	60	1
45431	25	1
45432	90	1
45433	148	1
45434	148	1
45435	62	1
45436	33	1
45437	33	1
45438	22	1
45439	84	1
45440	71	1
45441	68	1
45442	32	1
45443	104	1
45444	60	1
45445	135	1
45446	30	1
45447	18	1
45448	103	1
45449	103	1
45450	103	1
45451	69	1
45452	103	1
45453	40	1
45454	46	1
45455	4	1
45456	43	1
45457	19	1
45458	34	1
45459	36	1
45460	18	1
45461	12	1
45462	46	1
45463	6	1
45464	38	1
45465	36	1
45466	6	1
45467	68	1
45468	40	1
45469	68	1
45470	11	1
45471	6	1
45472	6	1
45473	35	1
45474	4	1
45475	45	1
45476	43	1
45477	93	1
45478	94	1
45479	48	1
45480	103	1
45481	3	1
45482	135	1
45483	84	1
45484	46	1
45485	135	1
45486	45	1
45487	22	1
45488	37	1
45489	69	1
45490	0	1
45491	33	1
45492	103	1
45493	45	1
45494	54	1
45495	52	1
45496	35	1
45497	35	1
45498	18	1
45499	35	1
45500	6	1
45501	92	1
45502	45	1
45503	33	1
45504	3	1
45505	73	1
45506	12	1
45507	6	1
45508	45	1
45509	68	1
45510	93	1
45511	6	1
45512	36	1
45513	92	1
45514	84	1
45515	68	1
45516	92	1
45517	90	1
45518	62	1
45519	48	1
45520	37	1
45521	29	1
45522	3	1
45523	68	1
45524	118	1
45525	118	1
45526	124	1
45527	172	1
45528	19	1
45529	11	1
45530	31	1
45531	77	1
45532	19	1
45533	60	1
45534	96	1
45535	70	1
45536	63	1
45537	18	1
45538	6	1
45539	45	1
45540	45	1
45541	33	1
45542	6	1
45543	46	1
45544	137	1
45545	6	1
45546	68	1
45547	22	1
45548	11	1
45549	6	1
45550	6	1
45551	68	1
45552	18	1
45553	118	1
45554	57	1
45555	70	1
45556	68	1
45557	74	1
45558	46	1
45559	68	1
45560	19	1
45561	0	1
45562	0	1
45563	6	1
45564	103	1
45565	98	1
45566	82	1
45567	103	1
45568	3	1
45569	70	1
45570	19	1
45571	70	1
45572	42	1
45573	10	1
45574	6	1
45575	12	1
45576	96	1
45577	17	1
45578	33	1
45579	33	1
45580	33	1
45581	70	1
45582	12	1
45583	93	1
45584	96	1
45585	93	1
45586	45	1
45587	144	1
45588	30	1
45589	19	1
45590	35	1
45591	33	1
45592	8	1
45593	3	1
45594	68	1
45595	38	1
45596	114	1
45597	118	1
45598	13	1
45599	1	1
45600	98	1
45601	4	1
45602	114	1
45603	18	1
45604	6	1
45605	1	1
45606	6	1
45607	60	1
45608	82	1
45609	4	1
45610	84	1
45611	82	1
45612	82	1
45613	46	1
45614	8	1
45615	118	1
45616	43	1
45617	54	1
45618	103	1
45619	137	1
45620	96	1
45621	70	1
45622	82	1
45623	150	1
45624	33	1
45625	43	1
45626	137	1
45627	0	1
45628	6	1
45629	103	1
45630	65	1
45631	6	1
45632	33	1
45633	82	1
45634	68	1
45635	68	1
45636	68	1
45637	47	1
45638	78	1
45639	4	1
45640	69	1
45641	137	1
45642	41	1
45643	19	1
45644	118	1
45645	34	1
45646	35	1
45647	83	1
45648	6	1
45649	93	1
45650	11	1
45651	70	1
45652	4	1
45653	103	1
45654	19	1
45655	68	1
45656	33	1
45657	98	1
45658	6	1
45659	116	1
45660	30	1
45661	13	1
45662	115	1
45663	41	1
45664	31	1
45665	35	1
45666	0	1
45667	158	1
45668	53	1
45669	45	1
45670	44	1
45671	84	1
45672	103	1
45673	35	1
45674	84	1
45675	136	1
45676	103	1
45677	19	1
45678	54	1
45679	84	1
45680	92	1
45681	12	1
45682	13	1
45683	33	1
45684	46	1
45685	45	1
45686	68	1
45687	84	1
45688	84	1
45689	105	1
45690	35	1
45691	45	1
45692	144	1
45693	6	1
45694	148	1
45695	95	1
45696	85	1
45697	19	1
45698	96	1
45699	47	1
45700	33	1
45701	60	1
45702	50	1
45703	103	1
45704	96	1
45705	25	1
45706	96	1
45707	61	1
45708	33	1
45709	70	1
45710	11	1
45711	73	1
45712	84	1
45713	41	1
45714	17	1
45715	103	1
45716	73	1
45717	137	1
45718	6	1
45719	45	1
45720	68	1
45721	93	1
45722	1	1
45723	121	1
45724	169	1
45725	72	1
45726	98	1
45727	53	1
45728	68	1
45729	11	1
45730	79	1
45731	19	1
45732	46	1
45733	0	1
45734	19	1
45735	23	1
45736	104	1
45737	55	1
45738	4	1
45739	33	1
45740	103	1
45741	77	1
45742	17	1
45743	73	1
45744	54	1
45745	124	1
45746	124	1
45747	6	1
45748	6	1
45749	79	1
45750	29	1
45751	18	1
45752	6	1
45753	68	1
45754	33	1
45755	38	1
45756	139	1
45757	68	1
45758	92	1
45759	137	1
45760	96	1
45761	45	1
45762	22	1
45763	103	1
45764	45	1
45765	158	1
45766	69	1
45767	1	1
45768	6	1
45769	18	1
45770	96	1
45771	29	1
45772	118	1
45773	118	1
45774	137	1
45775	172	1
45776	172	1
45777	72	1
45778	144	1
45779	19	1
45780	36	1
45781	190	1
45782	11	1
45783	31	1
45784	98	1
45785	45	1
45786	6	1
45787	116	1
45788	90	1
45789	33	1
45790	6	1
45791	41	1
45792	33	1
45793	68	1
45794	25	1
45795	18	1
45796	6	1
45797	16	1
45798	40	1
45799	4	1
45800	46	1
45801	68	1
45802	1	1
45803	31	1
45804	93	1
45805	45	1
45806	45	1
45807	45	1
45808	45	1
45809	6	1
45810	0	1
45811	43	1
45812	22	1
45813	103	1
45814	84	1
45815	88	1
45816	0	1
45817	13	1
45818	124	1
45819	90	1
45820	18	1
45821	137	1
45822	68	1
45823	82	1
45824	93	1
45825	90	1
45826	39	1
45827	139	1
45828	33	1
45829	46	1
45830	27	1
45831	68	1
45832	92	1
45833	68	1
45834	83	1
45835	6	1
45836	61	1
45837	70	1
45838	33	1
45839	44	1
45840	1	1
45841	6	1
45842	30	1
45843	22	1
45844	11	1
45845	69	1
45846	124	1
45847	46	1
45848	54	1
45849	92	1
45850	43	1
45851	96	1
45852	106	1
45853	11	1
45854	83	1
45855	150	1
45856	31	1
45857	88	1
45858	63	1
45859	77	1
45860	33	1
45861	6	1
45862	36	1
45863	41	1
45864	54	1
45865	63	1
45866	53	1
45867	53	1
45868	68	1
45869	118	1
45870	93	1
45871	25	1
45872	12	1
45873	77	1
45874	54	1
45875	54	1
45876	60	1
45877	6	1
45878	35	1
45879	33	1
45880	29	1
45881	146	1
45882	103	1
45883	124	1
45884	1	1
45885	62	1
45886	93	1
45887	103	1
45888	88	1
45889	92	1
45890	31	1
45891	70	1
45892	70	1
45893	103	1
45894	92	1
45895	6	1
45896	33	1
45897	55	1
45898	13	1
45899	45	1
45900	114	1
45901	60	1
45902	60	1
45903	6	1
45904	137	1
45905	45	1
45906	79	1
45907	118	1
45908	82	1
45909	103	1
45910	84	1
45911	6	1
45912	78	1
45913	0	1
45914	103	1
45915	103	1
45916	103	1
45917	54	1
45918	143	1
45919	104	1
45920	25	1
45921	52	1
45922	83	1
45923	46	1
45924	43	1
45925	98	1
45926	70	1
45927	6	1
45928	70	1
45929	46	1
45930	46	1
45931	71	1
45932	68	1
45933	36	1
45934	6	1
45935	6	1
45936	33	1
45937	130	1
45938	79	1
45939	37	1
45940	33	1
45941	6	1
45942	3	1
45943	36	1
45944	0	1
45945	103	1
45946	103	1
45947	137	1
45948	124	1
45949	19	1
45950	68	1
45951	31	1
45952	143	1
45953	33	1
45954	33	1
45955	33	1
45956	46	1
45957	92	1
45958	83	1
45959	92	1
45960	82	1
45961	114	1
45962	32	1
45963	137	1
45964	68	1
45965	68	1
45966	68	1
45967	70	1
45968	2	1
45969	79	1
45970	85	1
45971	47	1
45972	8	1
45973	78	1
45974	85	1
45975	1	1
45976	124	1
45977	6	1
45978	6	1
45979	22	1
45980	98	1
45981	84	1
45982	98	1
45983	6	1
45984	45	1
45985	33	1
45986	46	1
45987	74	1
45988	46	1
45989	137	1
45990	31	1
45991	68	1
45992	144	1
45993	68	1
45994	6	1
45995	60	1
45996	121	1
45997	62	1
45998	100	1
45999	33	1
46000	85	1
46001	33	1
46002	6	1
46003	19	1
46004	33	1
46005	100	1
46006	35	1
46007	33	1
46008	79	1
46009	35	1
46010	23	1
46011	79	1
46012	45	1
46013	43	1
46014	83	1
46015	68	1
46016	62	1
46017	78	1
46018	3	1
46019	68	1
46020	37	1
46021	6	1
46022	19	1
46023	12	1
46024	60	1
46025	44	1
46026	33	1
46027	103	1
46028	60	1
46029	103	1
46030	1	1
46031	2	1
46032	70	1
46033	4	1
46034	93	1
46035	6	1
46036	6	1
46037	26	1
46038	139	1
46039	68	1
46040	68	1
46041	32	1
46042	68	1
46043	6	1
46044	46	1
46045	68	1
46046	96	1
46047	93	1
46048	19	1
46049	60	1
46050	72	1
46051	33	1
46052	40	1
46053	46	1
46054	45	1
46055	12	1
46056	6	1
46057	92	1
46058	6	1
46059	33	1
46060	45	1
46061	68	1
46062	6	1
46063	6	1
46064	158	1
46065	45	1
46066	4	1
46067	33	1
46068	92	1
46069	118	1
46070	33	1
46071	4	1
46072	29	1
46073	55	1
46074	6	1
46075	103	1
46076	103	1
46077	17	1
46078	36	1
46079	33	1
46080	79	1
46081	78	1
46082	6	1
46083	92	1
46084	45	1
46085	35	1
46086	92	1
46087	68	1
46088	100	1
46089	68	1
46090	6	1
46091	79	1
46092	46	1
46093	79	1
46094	93	1
46095	37	1
46096	85	1
46097	69	1
46098	38	1
46099	6	1
46100	77	1
46101	27	1
46102	135	1
46103	33	1
46104	69	1
46105	69	1
46106	0	1
46107	103	1
46108	54	1
46109	54	1
46110	33	1
46111	33	1
46112	68	1
46113	35	1
46114	68	1
46115	165	1
46116	31	1
46117	70	1
46118	33	1
46119	53	1
46120	54	1
46121	18	1
46122	30	1
46123	3	1
46124	136	1
46125	22	1
46126	37	1
46127	37	1
46128	17	1
46129	94	1
46130	29	1
46131	33	1
46132	73	1
46133	12	1
46134	54	1
46135	11	1
46136	137	1
46137	158	1
46138	55	1
46139	77	1
46140	33	1
46141	33	1
46142	96	1
46143	18	1
46144	68	1
46145	11	1
46146	18	1
46147	38	1
46148	6	1
46149	90	1
46150	19	1
46151	77	1
46152	0	1
46153	3	1
46154	33	1
46155	82	1
46156	4	1
46157	69	1
46158	4	1
46159	114	1
46160	3	1
46161	82	1
46162	31	1
46163	98	1
46164	68	1
46165	62	1
46166	92	1
46167	139	1
46168	137	1
46169	92	1
46170	68	1
46171	23	1
46172	144	1
46173	15	1
46174	68	1
46175	96	1
46176	6	1
46177	114	1
46178	68	1
46179	64	1
46180	0	1
46181	37	1
46182	84	1
46183	19	1
46184	103	1
46185	93	1
46186	70	1
46187	103	1
46188	46	1
46189	17	1
46190	92	1
46191	53	1
46192	77	1
46193	37	1
46194	92	1
46195	70	1
46196	68	1
46197	78	1
46198	6	1
46199	68	1
46200	6	1
46201	54	1
46202	77	1
46203	13	1
46204	68	1
46205	62	1
46206	3	1
46207	35	1
46208	85	1
46209	70	1
46210	118	1
46211	103	1
46212	0	1
46213	103	1
46214	0	1
46215	0	1
46216	69	1
46217	5	1
46218	3	1
46219	60	1
46220	96	1
46221	6	1
46222	11	1
46223	68	1
46224	82	1
46225	93	1
46226	22	1
46227	90	1
46228	68	1
46229	78	1
46230	48	1
46231	33	1
46232	8	1
46233	90	1
46234	71	1
46235	46	1
46236	19	1
46237	17	1
46238	1	1
46239	46	1
46240	33	1
46241	94	1
46242	33	1
46243	61	1
46244	135	1
46245	61	1
46246	125	1
46247	73	1
46248	92	1
46249	17	1
46250	84	1
46251	49	1
46252	6	1
46253	12	1
46254	68	1
46255	54	1
46256	144	1
46257	143	1
46258	103	1
46259	73	1
46260	103	1
46261	69	1
46262	33	1
46263	37	1
46264	36	1
46265	70	1
46266	146	1
46267	61	1
46268	53	1
46269	124	1
46270	166	1
46271	3	1
46272	98	1
46273	6	1
46274	45	1
46275	45	1
46276	6	1
46277	36	1
46278	68	1
46279	84	1
46280	84	1
46281	96	1
46282	40	1
46283	18	1
46284	43	1
46285	92	1
46286	30	1
46287	6	1
46288	45	1
46289	92	1
46290	68	1
46291	38	1
46292	82	1
46293	31	1
46294	37	1
46295	50	1
46296	0	1
46297	118	1
46298	5	1
46299	33	1
46300	72	1
46301	40	1
46302	77	1
46303	61	1
46304	92	1
46305	4	1
46306	11	1
46307	70	1
46308	35	1
46309	57	1
46310	46	1
46311	46	1
46312	33	1
46313	144	1
46314	32	1
46315	68	1
46316	35	1
46317	83	1
46318	6	1
46319	55	1
46320	85	1
46321	144	1
46322	8	1
46323	7	1
46324	61	1
46325	92	1
46326	33	1
46327	34	1
46328	70	1
46329	70	1
46330	93	1
46331	33	1
46332	33	1
46333	46	1
46334	68	1
46335	63	1
46336	61	1
46337	45	1
46338	70	1
46339	14	1
46340	135	1
46341	19	1
46342	6	1
46343	1	1
46344	33	1
46345	70	1
46346	58	1
46347	85	1
46348	136	1
46349	103	1
46350	32	1
46351	19	1
46352	33	1
46353	33	1
46354	60	1
46355	172	1
46356	84	1
46357	70	1
46358	90	1
46359	42	1
46360	103	1
46361	84	1
46362	121	1
46363	68	1
46364	68	1
46365	92	1
46366	62	1
46367	110	1
46368	42	1
46369	45	1
46370	90	1
46371	3	1
46372	6	1
46373	102	1
46374	30	1
46375	45	1
46376	6	1
46377	6	1
46378	77	1
46379	45	1
46380	8	1
46381	96	1
46382	11	1
46383	102	1
46384	33	1
46385	6	1
46386	171	1
46387	6	1
46388	33	1
46389	68	1
46390	4	1
46391	4	1
46392	83	1
46393	70	1
46394	88	1
46395	6	1
46396	50	1
46397	1	1
46398	124	1
46399	93	1
46400	6	1
46401	1	1
46402	17	1
46403	150	1
46404	2	1
46405	71	1
46406	6	1
46407	103	1
46408	124	1
46409	5	1
46410	4	1
46411	54	1
46412	38	1
46413	33	1
46414	135	1
46415	6	1
46416	46	1
46417	79	1
46418	103	1
46419	70	1
46420	68	1
46421	33	1
46422	68	1
46423	11	1
46424	143	1
46425	1	1
46426	85	1
46427	18	1
46428	53	1
46429	1	1
46430	68	1
46431	73	1
46432	38	1
46433	103	1
46434	13	1
46435	103	1
46436	103	1
46437	31	1
46438	96	1
46439	96	1
46440	68	1
46441	103	1
46442	193	1
46443	193	1
46444	63	1
46445	46	1
46446	150	1
46447	82	1
46448	84	1
46449	6	1
46450	83	1
46451	68	1
46452	68	1
46453	148	1
46454	35	1
46455	103	1
46456	70	1
46457	68	1
46458	31	1
46459	36	1
46460	85	1
46461	3	1
46462	23	1
46463	30	1
46464	92	1
46465	4	1
46466	70	1
46467	1	1
46468	103	1
46469	46	1
46470	103	1
46471	92	1
46472	171	1
46473	177	1
46474	103	1
46475	92	1
46476	78	1
46477	55	1
46478	35	1
46479	46	1
46480	12	1
46481	45	1
46482	92	1
46483	0	1
46484	42	1
46485	33	1
46486	68	1
46487	4	1
46488	62	1
46489	0	1
46490	69	1
46491	45	1
46492	103	1
46493	4	1
46494	103	1
46495	11	1
46496	98	1
46497	70	1
46498	103	1
46499	18	1
46500	6	1
46501	0	1
46502	103	1
46503	46	1
46504	78	1
46505	31	1
46506	68	1
46507	174	1
46508	144	1
46509	4	1
46510	18	1
46511	25	1
46512	45	1
46513	45	1
46514	68	1
46515	114	1
46516	61	1
46517	22	1
46518	135	1
46519	11	1
46520	82	1
46521	38	1
46522	172	1
46523	45	1
46524	92	1
46525	98	1
46526	60	1
46527	46	1
46528	96	1
46529	96	1
46530	63	1
46531	33	1
46532	68	1
46533	92	1
46534	68	1
46535	68	1
46536	70	1
46537	4	1
46538	84	1
46539	57	1
46540	19	1
46541	19	1
46542	31	1
46543	4	1
46544	6	1
46545	0	1
46546	69	1
46547	0	1
46548	46	1
46549	45	1
46550	22	1
46551	70	1
46552	139	1
46553	45	1
46554	137	1
46555	33	1
46556	158	1
46557	92	1
46558	62	1
46559	68	1
46560	22	1
46561	6	1
46562	103	1
46563	6	1
46564	106	1
46565	69	1
46566	34	1
46567	32	1
46568	54	1
46569	38	1
46570	52	1
46571	84	1
46572	33	1
46573	49	1
46574	38	1
46575	3	1
46576	68	1
46577	137	1
46578	124	1
46579	92	1
46580	6	1
46581	93	1
46582	63	1
46583	68	1
46584	11	1
46585	6	1
46586	68	1
46587	4	1
46588	114	1
46589	92	1
46590	48	1
46591	37	1
46592	42	1
46593	92	1
46594	1	1
46595	6	1
46596	61	1
46597	6	1
46598	33	1
46599	29	1
46600	1	1
46601	73	1
46602	64	1
46603	61	1
46604	35	1
46605	45	1
46606	73	1
46607	36	1
46608	33	1
46609	92	1
46610	6	1
46611	38	1
46612	11	1
46613	29	1
46614	36	1
46615	32	1
46616	55	1
46617	139	1
46618	165	1
46619	35	1
46620	1	1
46621	83	1
46622	6	1
46623	40	1
46624	6	1
46625	22	1
46626	33	1
46627	45	1
46628	54	1
46629	31	1
46630	116	1
46631	103	1
46632	63	1
46633	33	1
46634	6	1
46635	68	1
46636	4	1
46637	92	1
46638	3	1
46639	100	1
46640	42	1
46641	103	1
46642	34	1
46643	70	1
46644	6	1
46645	54	1
46646	69	1
46647	103	1
46648	61	1
46649	135	1
46650	46	1
46651	25	1
46652	46	1
46653	33	1
46654	50	1
46655	6	1
46656	139	1
46657	68	1
46658	16	1
46659	114	1
46660	148	1
46661	33	1
46662	45	1
46663	74	1
46664	68	1
46665	79	1
46666	6	1
46667	84	1
46668	103	1
46669	1	1
46670	0	1
46671	46	1
46672	19	1
46673	50	1
46674	70	1
46675	33	1
46676	3	1
46677	45	1
46678	45	1
46679	33	1
46680	46	1
46681	6	1
46682	68	1
46683	125	1
46684	68	1
46685	6	1
46686	81	1
46687	0	1
46688	19	1
46689	96	1
46690	18	1
46691	70	1
46692	68	1
46693	77	1
46694	1	1
46695	0	1
46696	103	1
46697	100	1
46698	33	1
46699	92	1
46700	32	1
46701	98	1
46702	135	1
46703	103	1
46704	45	1
46705	18	1
46706	90	1
46707	82	1
46708	0	1
46709	33	1
46710	33	1
46711	139	1
46712	46	1
46713	46	1
46714	1	1
46715	60	1
46716	55	1
46717	68	1
46718	6	1
46719	45	1
46720	165	1
46721	62	1
46722	33	1
46723	38	1
46724	1	1
46725	0	1
46726	85	1
46727	4	1
46728	46	1
46729	70	1
46730	43	1
46731	82	1
46732	92	1
46733	93	1
46734	46	1
46735	46	1
46736	6	1
46737	33	1
46738	83	1
46739	68	1
46740	6	1
46741	68	1
46742	30	1
46743	129	1
46744	6	1
46745	45	1
46746	70	1
46747	70	1
46748	153	1
46749	68	1
46750	1	1
46751	85	1
46752	85	1
46753	90	1
46754	103	1
46755	139	1
46756	36	1
46757	6	1
46758	47	1
46759	63	1
46760	33	1
46761	103	1
46762	106	1
46763	63	1
46764	47	1
46765	54	1
46766	83	1
46767	68	1
46768	46	1
46769	6	1
46770	12	1
46771	92	1
46772	79	1
46773	0	1
46774	84	1
46775	6	1
46776	144	1
46777	78	1
46778	90	1
46779	63	1
46780	11	1
46781	57	1
46782	68	1
46783	103	1
46784	165	1
46785	33	1
46786	118	1
46787	1	1
46788	84	1
46789	11	1
46790	52	1
46791	69	1
46792	0	1
46793	6	1
46794	6	1
46795	33	1
46796	93	1
46797	18	1
46798	139	1
46799	36	1
46800	116	1
46801	35	1
46802	103	1
46803	57	1
46804	92	1
46805	6	1
46806	33	1
46807	131	1
46808	36	1
46809	17	1
46810	11	1
46811	6	1
46812	68	1
46813	92	1
46814	31	1
46815	95	1
46816	62	1
46817	68	1
46818	68	1
46819	19	1
46820	37	1
46821	70	1
46822	5	1
46823	124	1
46824	103	1
46825	70	1
46826	0	1
46827	36	1
46828	46	1
46829	50	1
46830	68	1
46831	60	1
46832	96	1
46833	90	1
46834	148	1
46835	85	1
46836	39	1
46837	70	1
46838	45	1
46839	53	1
46840	30	1
46841	69	1
46842	4	1
46843	29	1
46844	33	1
46845	31	1
46846	124	1
46847	85	1
46848	46	1
46849	25	1
46850	82	1
46851	98	1
46852	32	1
46853	158	1
46854	79	1
46855	46	1
46856	166	1
46857	31	1
46858	46	1
46859	68	1
46860	62	1
46861	103	1
46862	1	1
46863	150	1
46864	1	1
46865	25	1
46866	72	1
46867	43	1
46868	61	1
46869	11	1
46870	70	1
46871	121	1
46872	33	1
46873	68	1
46874	71	1
46875	50	1
46876	33	1
46877	61	1
46878	95	1
46879	22	1
46880	53	1
46881	79	1
46882	17	1
46883	30	1
46884	38	1
46885	13	1
46886	84	1
46887	69	1
46888	121	1
46889	84	1
46890	43	1
46891	103	1
46892	124	1
46893	6	1
46894	171	1
46895	84	1
46896	92	1
46897	103	1
46898	40	1
46899	18	1
46900	77	1
46901	73	1
46902	88	1
46903	100	1
46904	50	1
46905	118	1
46906	90	1
46907	2	1
46908	2	1
46909	2	1
46910	30	1
46911	103	1
46912	146	1
46913	33	1
46914	19	1
46915	114	1
46916	18	1
46917	11	1
46918	106	1
46919	6	1
46920	96	1
46921	92	1
46922	40	1
46923	6	1
46924	79	1
46925	6	1
46926	124	1
46927	6	1
46928	60	1
46929	6	1
46930	6	1
46931	68	1
46932	6	1
46933	100	1
46934	1	1
46935	124	1
46936	85	1
46937	18	1
46938	2	1
46939	84	1
46940	19	1
46941	1	1
46942	103	1
46943	4	1
46944	33	1
46945	4	1
46946	70	1
46947	70	1
46948	58	1
46949	96	1
46950	71	1
46951	103	1
46952	85	1
46953	82	1
46954	33	1
46955	98	1
46956	33	1
46957	90	1
46958	35	1
46959	92	1
46960	0	1
46961	36	1
46962	11	1
46963	6	1
46964	68	1
46965	6	1
46966	54	1
46967	4	1
46968	6	1
46969	114	1
46970	50	1
46971	35	1
46972	90	1
46973	33	1
46974	96	1
46975	30	1
46976	0	1
46977	13	1
46978	82	1
46979	103	1
46980	103	1
46981	60	1
46982	58	1
46983	43	1
46984	6	1
46985	35	1
46986	70	1
46987	49	1
46988	70	1
46989	79	1
46990	33	1
46991	29	1
46992	33	1
46993	46	1
46994	40	1
46995	31	1
46996	137	1
46997	118	1
46998	188	1
46999	77	1
47000	11	1
47001	6	1
47002	103	1
47003	33	1
47004	82	1
47005	78	1
47006	23	1
47007	72	1
47008	46	1
47009	46	1
47010	19	1
47011	25	1
47012	43	1
47013	35	1
47014	70	1
47015	32	1
47016	79	1
47017	55	1
47018	33	1
47019	6	1
47020	78	1
47021	33	1
47022	33	1
47023	68	1
47024	40	1
47025	68	1
47026	25	1
47027	82	1
47028	84	1
47029	68	1
47030	96	1
47031	100	1
47032	70	1
47033	33	1
47034	45	1
47035	29	1
47036	68	1
47037	6	1
47038	85	1
47039	32	1
47040	30	1
47041	29	1
47042	6	1
47043	78	1
47044	45	1
47045	84	1
47046	62	1
47047	45	1
47048	103	1
47049	93	1
47050	46	1
47051	38	1
47052	4	1
47053	92	1
47054	109	1
47055	18	1
47056	3	1
47057	12	1
47058	33	1
47059	68	1
47060	19	1
47061	82	1
47062	96	1
47063	22	1
47064	77	1
47065	137	1
47066	92	1
47067	2	1
47068	96	1
47069	40	1
47070	84	1
47071	68	1
47072	6	1
47073	103	1
47074	45	1
47075	38	1
47076	109	1
47077	68	1
47078	68	1
47079	54	1
47080	60	1
47081	62	1
47082	8	1
47083	1	1
47084	92	1
47085	48	1
47086	129	1
47087	78	1
47088	70	1
47089	35	1
47090	45	1
47091	77	1
47092	151	1
47093	29	1
47094	19	1
47095	69	1
47096	69	1
47097	103	1
47098	18	1
47099	54	1
47100	4	1
47101	70	1
47102	61	1
47103	8	1
47104	33	1
47105	46	1
47106	18	1
47107	92	1
47108	4	1
47109	94	1
47110	18	1
47111	85	1
47112	45	1
47113	45	1
47114	35	1
47115	69	1
47116	18	1
47117	74	1
47118	33	1
47119	60	1
47120	1	1
47121	85	1
47122	103	1
47123	103	1
47124	96	1
47125	92	1
47126	31	1
47127	150	1
47128	70	1
47129	46	1
47130	6	1
47131	63	1
47132	36	1
47133	32	1
47134	14	1
47135	54	1
47136	172	1
47137	79	1
47138	85	1
47139	93	1
47140	85	1
47141	6	1
47142	93	1
47143	4	1
47144	1	1
47145	70	1
47146	33	1
47147	92	1
47148	6	1
47149	116	1
47150	93	1
47151	33	1
47152	6	1
47153	102	1
47154	46	1
47155	31	1
47156	68	1
47157	150	1
47158	137	1
47159	68	1
47160	30	1
47161	19	1
47162	62	1
47163	68	1
47164	85	1
47165	150	1
47166	4	1
47167	103	1
47168	78	1
47169	43	1
47170	193	1
47171	19	1
47172	137	1
47173	35	1
47174	0	1
47175	36	1
47176	33	1
47177	33	1
47178	63	1
47179	139	1
47180	32	1
47181	38	1
47182	68	1
47183	90	1
47184	61	1
47185	53	1
47186	172	1
47187	45	1
47188	8	1
47189	106	1
47190	83	1
47191	103	1
47192	69	1
47193	33	1
47194	46	1
47195	46	1
47196	83	1
47197	3	1
47198	33	1
47199	98	1
47200	45	1
47201	116	1
47202	12	1
47203	6	1
47204	46	1
47205	55	1
47206	96	1
47207	92	1
47208	124	1
47209	114	1
47210	103	1
47211	118	1
47212	54	1
47213	19	1
47214	36	1
47215	6	1
47216	103	1
47217	46	1
47218	50	1
47219	43	1
47220	61	1
47221	70	1
47222	70	1
47223	83	1
47224	6	1
47225	50	1
47226	52	1
47227	172	1
47228	68	1
47229	11	1
47230	131	1
47231	68	1
47232	30	1
47233	1	1
47234	4	1
47235	25	1
47236	4	1
47237	43	1
47238	118	1
47239	19	1
47240	40	1
47241	36	1
47242	19	1
47243	30	1
47244	98	1
47245	30	1
47246	103	1
47247	6	1
47248	36	1
47249	96	1
47250	90	1
47251	6	1
47252	150	1
47253	103	1
47254	85	1
47255	38	1
47256	68	1
47257	68	1
47258	54	1
47259	92	1
47260	103	1
47261	22	1
47262	62	1
47263	104	1
47264	133	1
47265	6	1
47266	18	1
47267	68	1
47268	79	1
47269	2	1
47270	17	1
47271	70	1
47272	103	1
47273	19	1
47274	35	1
47275	11	1
47276	98	1
47277	6	1
47278	150	1
47279	45	1
47280	35	1
47281	22	1
47282	139	1
47283	38	1
47284	11	1
47285	68	1
47286	68	1
47287	1	1
47288	6	1
47289	35	1
47290	103	1
47291	118	1
47292	85	1
47293	46	1
47294	37	1
47295	77	1
47296	103	1
47297	6	1
47298	19	1
47299	11	1
47300	70	1
47301	0	1
47302	104	1
47303	73	1
47304	121	1
47305	139	1
47306	27	1
47307	46	1
47308	35	1
47309	36	1
47310	55	1
47311	131	1
47312	6	1
47313	103	1
47314	4	1
47315	18	1
47316	83	1
47317	158	1
47318	22	1
47319	1	1
47320	135	1
47321	43	1
47322	92	1
47323	187	1
47324	11	1
47325	150	1
47326	6	1
47327	116	1
47328	18	1
47329	6	1
47330	139	1
47331	46	1
47332	6	1
47333	6	1
47334	4	1
47335	22	1
47336	18	1
47337	172	1
47338	146	1
47339	85	1
47340	70	1
47341	92	1
47342	69	1
47343	6	1
47344	0	1
47345	150	1
47346	6	1
47347	6	1
47348	73	1
47349	109	1
47350	30	1
47351	18	1
47352	6	1
47353	92	1
47354	103	1
47355	6	1
47356	27	1
47357	33	1
47358	63	1
47359	144	1
47360	40	1
47361	12	1
47362	68	1
47363	57	1
47364	22	1
47365	19	1
47366	103	1
47367	79	1
47368	118	1
47369	90	1
47370	6	1
47371	69	1
47372	168	1
47373	52	1
47374	54	1
47375	45	1
47376	92	1
47377	96	1
47378	35	1
47379	31	1
47380	6	1
47381	4	1
47382	45	1
47383	48	1
47384	85	1
47385	34	1
47386	22	1
47387	72	1
47388	62	1
47389	191	1
47390	33	1
47391	169	1
47392	19	1
47393	62	1
47394	83	1
47395	46	1
47396	46	1
47397	46	1
47398	63	1
47399	139	1
47400	40	1
47401	82	1
47402	45	1
47403	46	1
47404	72	1
47405	34	1
47406	61	1
47407	103	1
47408	33	1
47409	17	1
47410	19	1
47411	6	1
47412	70	1
47413	6	1
47414	6	1
47415	6	1
47416	45	1
47417	33	1
47418	84	1
47419	0	1
47420	1	1
47421	118	1
47422	45	1
47423	34	1
47424	151	1
47425	0	1
47426	103	1
47427	40	1
47428	19	1
47429	36	1
47430	6	1
47431	87	1
47432	6	1
47433	139	1
47434	68	1
47435	82	1
47436	29	1
47437	46	1
47438	7	1
47439	57	1
47440	69	1
47441	6	1
47442	103	1
47443	103	1
47444	11	1
47445	43	1
47446	62	1
47447	61	1
47448	79	1
47449	79	1
47450	63	1
47451	35	1
47452	33	1
47453	6	1
47454	22	1
47455	70	1
47456	140	1
47457	85	1
47458	137	1
47459	19	1
47460	6	1
47461	31	1
47462	6	1
47463	150	1
47464	6	1
47465	46	1
47466	35	1
47467	82	1
47468	139	1
47469	45	1
47470	1	1
47471	33	1
47472	148	1
47473	62	1
47474	70	1
47475	83	1
47476	93	1
47477	135	1
47478	103	1
47479	1	1
47480	22	1
47481	19	1
47482	146	1
47483	92	1
47484	150	1
47485	98	1
47486	92	1
47487	61	1
47488	33	1
47489	33	1
47490	63	1
47491	33	1
47492	4	1
47493	83	1
47494	68	1
47495	35	1
47496	38	1
47497	33	1
47498	68	1
47499	1	1
47500	103	1
47501	37	1
47502	118	1
47503	60	1
47504	70	1
47505	85	1
47506	19	1
47507	1	1
47508	17	1
47509	92	1
47510	104	1
47511	47	1
47512	70	1
47513	90	1
47514	79	1
47515	79	1
47516	6	1
47517	70	1
47518	92	1
47519	33	1
47520	92	1
47521	7	1
47522	54	1
47523	143	1
47524	143	1
47525	54	1
47526	62	1
47527	118	1
47528	68	1
47529	90	1
47530	19	1
47531	84	1
47532	0	1
47533	3	1
47534	54	1
47535	13	1
47536	92	1
47537	92	1
47538	150	1
47539	92	1
47540	96	1
47541	144	1
47542	40	1
47543	100	1
47544	4	1
47545	121	1
47546	18	1
47547	36	1
47548	68	1
47549	18	1
47550	103	1
47551	85	1
47552	33	1
47553	42	1
47554	3	1
47555	6	1
47556	135	1
47557	96	1
47558	139	1
47559	35	1
47560	35	1
47561	46	1
47562	68	1
47563	100	1
47564	33	1
47565	188	1
47566	118	1
47567	32	1
47568	4	1
47569	118	1
47570	103	1
47571	83	1
47572	46	1
47573	6	1
47574	111	1
47575	35	1
47576	63	1
47577	33	1
47578	68	1
47579	92	1
47580	61	1
47581	124	1
47582	19	1
47583	95	1
47584	42	1
47585	62	1
47586	1	1
47587	129	1
47588	131	1
47589	103	1
47590	4	1
47591	103	1
47592	33	1
47593	103	1
47594	102	1
47595	23	1
47596	57	1
47597	42	1
47598	70	1
47599	19	1
47600	35	1
47601	103	1
47602	40	1
47603	19	1
47604	1	1
47605	3	1
47606	29	1
47607	118	1
47608	19	1
47609	1	1
47610	45	1
47611	135	1
47612	33	1
47613	4	1
47614	22	1
47615	118	1
47616	79	1
47617	84	1
47618	1	1
47619	103	1
47620	49	1
47621	45	1
47622	77	1
47623	31	1
47624	94	1
47625	6	1
47626	33	1
47627	96	1
47628	19	1
47629	6	1
47630	61	1
47631	17	1
47632	46	1
47633	46	1
47634	38	1
47635	6	1
47636	68	1
47637	4	1
47638	19	1
47639	103	1
47640	45	1
47641	45	1
47642	19	1
47643	40	1
47644	103	1
47645	19	1
47646	137	1
47647	83	1
47648	6	1
47649	6	1
47650	6	1
47651	103	1
47652	90	1
47653	46	1
47654	38	1
47655	68	1
47656	33	1
47657	68	1
47658	6	1
47659	144	1
47660	30	1
47661	18	1
47662	3	1
47663	8	1
47664	6	1
47665	12	1
47666	92	1
47667	10	1
47668	1	1
47669	17	1
47670	46	1
47671	191	1
47672	82	1
47673	124	1
47674	11	1
47675	11	1
47676	79	1
47677	17	1
47678	46	1
47679	38	1
47680	6	1
47681	36	1
47682	82	1
47683	106	1
47684	103	1
47685	33	1
47686	118	1
47687	45	1
47688	68	1
47689	37	1
47690	1	1
47691	19	1
47692	19	1
47693	1	1
47694	61	1
47695	36	1
47696	79	1
47697	68	1
47698	84	1
47699	6	1
47700	84	1
47701	22	1
47702	103	1
47703	30	1
47704	19	1
47705	4	1
47706	118	1
47707	73	1
47708	45	1
47709	114	1
47710	69	1
47711	4	1
47712	82	1
47713	19	1
47714	103	1
47715	46	1
47716	55	1
47717	78	1
47718	46	1
47719	144	1
47720	131	1
47721	6	1
47722	68	1
47723	33	1
47724	6	1
47725	49	1
47726	6	1
47727	30	1
47728	40	1
47729	46	1
47730	63	1
47731	42	1
47732	30	1
47733	36	1
47734	68	1
47735	6	1
47736	70	1
47737	41	1
47738	68	1
47739	68	1
47740	100	1
47741	53	1
47742	50	1
47743	33	1
47744	6	1
47745	46	1
47746	79	1
47747	62	1
47748	87	1
47749	68	1
47750	92	1
47751	22	1
47752	129	1
47753	33	1
47754	53	1
47755	85	1
47756	61	1
47757	37	1
47758	1	1
47759	103	1
47760	103	1
47761	54	1
47762	103	1
47763	103	1
47764	4	1
47765	17	1
47766	6	1
47767	45	1
47768	150	1
47769	68	1
47770	144	1
47771	55	1
47772	103	1
47773	90	1
47774	19	1
47775	70	1
47776	35	1
47777	34	1
47778	3	1
47779	78	1
47780	85	1
47781	19	1
47782	103	1
47783	92	1
47784	6	1
47785	92	1
47786	103	1
47787	33	1
47788	46	1
47789	190	1
47790	23	1
47791	137	1
47792	73	1
47793	146	1
47794	70	1
47795	81	1
47796	118	1
47797	32	1
47798	77	1
47799	103	1
47800	61	1
47801	6	1
47802	36	1
47803	61	1
47804	6	1
47805	144	1
47806	31	1
47807	6	1
47808	144	1
47809	6	1
47810	43	1
47811	68	1
47812	85	1
47813	68	1
47814	29	1
47815	140	1
47816	6	1
47817	93	1
47818	29	1
47819	1	1
47820	31	1
47821	35	1
47822	33	1
47823	45	1
47824	45	1
47825	137	1
47826	83	1
47827	92	1
47828	92	1
47829	0	1
47830	102	1
47831	46	1
47832	12	1
47833	32	1
47834	96	1
47835	70	1
47836	35	1
47837	144	1
47838	6	1
47839	41	1
47840	62	1
47841	70	1
47842	71	1
47843	6	1
47844	0	1
47845	166	1
47846	11	1
47847	83	1
47848	34	1
47849	150	1
47850	6	1
47851	33	1
47852	126	1
47853	30	1
47854	33	1
47855	46	1
47856	82	1
47857	6	1
47858	92	1
47859	87	1
47860	6	1
47861	103	1
47862	172	1
47863	6	1
47864	8	1
47865	22	1
47866	36	1
47867	172	1
47868	36	1
47869	33	1
47870	46	1
47871	6	1
47872	68	1
47873	60	1
47874	33	1
47875	4	1
47876	109	1
47877	50	1
47878	18	1
47879	19	1
47880	118	1
47881	103	1
47882	31	1
47883	6	1
47884	96	1
47885	114	1
47886	40	1
47887	90	1
47888	2	1
47889	166	1
47890	82	1
47891	19	1
47892	85	1
47893	29	1
47894	79	1
47895	6	1
47896	6	1
47897	70	1
47898	33	1
47899	103	1
47900	42	1
47901	82	1
47902	68	1
47903	6	1
47904	22	1
47905	100	1
47906	30	1
47907	85	1
47908	70	1
47909	64	1
47910	68	1
47911	152	1
47912	46	1
47913	18	1
47914	103	1
47915	124	1
47916	70	1
47917	25	1
47918	139	1
47919	150	1
47920	70	1
47921	36	1
47922	195	1
47923	79	1
47924	144	1
47925	68	1
47926	6	1
47927	4	1
47928	68	1
47929	148	1
47930	148	1
47931	18	1
47932	32	1
47933	140	1
47934	114	1
47935	35	1
47936	6	1
47937	11	1
47938	1	1
47939	6	1
47940	88	1
47941	6	1
47942	36	1
47943	13	1
47944	30	1
47945	6	1
47946	38	1
47947	45	1
47948	35	1
47949	35	1
47950	60	1
47951	38	1
47952	45	1
47953	38	1
47954	11	1
47955	6	1
47956	57	1
47957	148	1
47958	144	1
47959	4	1
47960	18	1
47961	46	1
47962	1	1
47963	79	1
47964	19	1
47965	0	1
47966	137	1
47967	0	1
47968	6	1
47969	46	1
47970	58	1
47971	68	1
47972	66	1
47973	52	1
47974	49	1
47975	4	1
47976	78	1
47977	70	1
47978	46	1
47979	84	1
47980	33	1
47981	70	1
47982	8	1
47983	63	1
47984	38	1
47985	92	1
47986	77	1
47987	45	1
47988	37	1
47989	129	1
47990	22	1
47991	95	1
47992	45	1
47993	68	1
47994	70	1
47995	82	1
47996	46	1
47997	0	1
47998	6	1
47999	106	1
48000	4	1
48001	118	1
48002	85	1
48003	33	1
48004	12	1
48005	70	1
48006	103	1
48007	6	1
48008	11	1
48009	54	1
48010	68	1
48011	45	1
48012	68	1
48013	95	1
48014	96	1
48015	30	1
48016	70	1
48017	68	1
48018	46	1
48019	71	1
48020	0	1
48021	40	1
48022	19	1
48023	118	1
48024	46	1
48025	6	1
48026	6	1
48027	35	1
48028	103	1
48029	68	1
48030	6	1
48031	143	1
48032	6	1
48033	43	1
48034	68	1
48035	62	1
48036	85	1
48037	35	1
48038	17	1
48039	1	1
48040	70	1
48041	36	1
48042	6	1
48043	77	1
48044	124	1
48045	33	1
48046	33	1
48047	92	1
48048	25	1
48049	93	1
48050	6	1
48051	37	1
48052	73	1
48053	68	1
48054	70	1
48055	3	1
48056	37	1
48057	45	1
48058	0	1
48059	1	1
48060	1	1
48061	37	1
48062	3	1
48063	118	1
48064	6	1
48065	139	1
48066	6	1
48067	17	1
48068	53	1
48069	38	1
48070	68	1
48071	68	1
48072	45	1
48073	4	1
48074	45	1
48075	0	1
48076	74	1
48077	82	1
48078	22	1
48079	61	1
48080	3	1
48081	139	1
48082	35	1
48083	84	1
48084	45	1
48085	68	1
48086	169	1
48087	148	1
48088	6	1
48089	1	1
48090	19	1
48091	84	1
48092	18	1
48093	135	1
48094	33	1
48095	46	1
48096	36	1
48097	43	1
48098	124	1
48099	129	1
48100	118	1
48101	140	1
48102	69	1
48103	93	1
48104	19	1
48105	11	1
48106	33	1
48107	70	1
48108	43	1
48109	6	1
48110	63	1
48111	46	1
48112	92	1
48113	70	1
48114	19	1
48115	70	1
48116	70	1
48117	53	1
48118	151	1
48119	85	1
48120	137	1
48121	33	1
48122	60	1
48123	3	1
48124	0	1
48125	6	1
48126	90	1
48127	35	1
48128	70	1
48129	33	1
48130	92	1
48131	45	1
48132	38	1
48133	36	1
48134	6	1
48135	68	1
48136	35	1
48137	33	1
48138	6	1
48139	18	1
48140	6	1
48141	103	1
48142	1	1
48143	70	1
48144	103	1
48145	92	1
48146	70	1
48147	31	1
48148	6	1
48149	61	1
48150	103	1
48151	11	1
48152	68	1
48153	32	1
48154	35	1
48155	68	1
48156	129	1
48157	19	1
48158	1	1
48159	95	1
48160	2	1
48161	29	1
48162	38	1
48163	19	1
48164	61	1
48165	85	1
48166	33	1
48167	144	1
48168	46	1
48169	137	1
48170	103	1
48171	46	1
48172	98	1
48173	98	1
48174	4	1
48175	46	1
48176	36	1
48177	45	1
48178	45	1
48179	23	1
48180	68	1
48181	38	1
48182	60	1
48183	19	1
48184	12	1
48185	62	1
48186	70	1
48187	19	1
48188	2	1
48189	0	1
48190	29	1
48191	139	1
48192	137	1
48193	68	1
48194	92	1
48195	19	1
48196	18	1
48197	29	1
48198	6	1
48199	3	1
48200	33	1
48201	37	1
48202	137	1
48203	43	1
48204	92	1
48205	46	1
48206	7	1
48207	166	1
48208	6	1
48209	19	1
48210	68	1
48211	33	1
48212	46	1
48213	1	1
48214	19	1
48215	19	1
48216	144	1
48217	104	1
48218	54	1
48219	35	1
48220	33	1
48221	70	1
48222	6	1
48223	68	1
48224	67	1
48225	45	1
48226	0	1
48227	172	1
48228	45	1
48229	79	1
48230	103	1
48231	69	1
48232	72	1
48233	77	1
48234	19	1
48235	103	1
48236	103	1
48237	33	1
48238	32	1
48239	68	1
48240	144	1
48241	92	1
48242	6	1
48243	139	1
48244	29	1
48245	68	1
48246	30	1
48247	135	1
48248	65	1
48249	19	1
48250	3	1
48251	103	1
48252	77	1
48253	22	1
48254	124	1
48255	92	1
48256	82	1
48257	16	1
48258	6	1
48259	68	1
48260	95	1
48261	133	1
48262	48	1
48263	158	1
48264	3	1
48265	4	1
48266	69	1
48267	46	1
48268	19	1
48269	116	1
48270	96	1
48271	6	1
48272	46	1
48273	36	1
48274	68	1
48275	68	1
48276	54	1
48277	64	1
48278	30	1
48279	19	1
48280	70	1
48281	19	1
48282	0	1
48283	70	1
48284	103	1
48285	19	1
48286	45	1
48287	96	1
48288	22	1
48289	6	1
48290	61	1
48291	137	1
48292	45	1
48293	124	1
48294	85	1
48295	19	1
48296	6	1
48297	82	1
48298	103	1
48299	103	1
48300	62	1
48301	92	1
48302	49	1
48303	6	1
48304	172	1
48305	45	1
48306	118	1
48307	33	1
48308	33	1
48309	3	1
48310	93	1
48311	30	1
48312	103	1
48313	0	1
48314	33	1
48315	70	1
48316	11	1
48317	6	1
48318	35	1
48319	104	1
48320	68	1
48321	61	1
48322	129	1
48323	33	1
48324	68	1
48325	3	1
48326	78	1
48327	103	1
48328	103	1
48329	54	1
48330	103	1
48331	47	1
48332	19	1
48333	98	1
48334	11	1
48335	33	1
48336	19	1
48337	18	1
48338	44	1
48339	150	1
48340	54	1
48341	50	1
48342	33	1
48343	139	1
48344	68	1
48345	46	1
48346	103	1
48347	137	1
48348	7	1
48349	33	1
48350	68	1
48351	32	1
48352	19	1
48353	103	1
48354	31	1
48355	98	1
48356	70	1
48357	68	1
48358	82	1
48359	165	1
48360	18	1
48361	37	1
48362	19	1
48363	103	1
48364	6	1
48365	103	1
48366	57	1
48367	54	1
48368	137	1
48369	68	1
48370	68	1
48371	40	1
48372	94	1
48373	48	1
48374	52	1
48375	33	1
48376	188	1
48377	90	1
48378	31	1
48379	79	1
48380	1	1
48381	150	1
48382	103	1
48383	114	1
48384	54	1
48385	33	1
48386	85	1
48387	144	1
48388	23	1
48389	6	1
48390	22	1
48391	124	1
48392	103	1
48393	118	1
48394	1	1
48395	165	1
48396	19	1
48397	1	1
48398	17	1
48399	36	1
48400	43	1
48401	6	1
48402	33	1
48403	96	1
48404	172	1
48405	68	1
48406	40	1
48407	68	1
48408	54	1
48409	92	1
48410	6	1
48411	68	1
48412	133	1
48413	6	1
48414	6	1
48415	46	1
48416	46	1
48417	6	1
48418	6	1
48419	68	1
48420	11	1
48421	11	1
48422	6	1
48423	137	1
48424	50	1
48425	136	1
48426	42	1
48427	52	1
48428	151	1
48429	68	1
48430	79	1
48431	6	1
48432	19	1
48433	43	1
48434	143	1
48435	14	1
48436	35	1
48437	35	1
48438	96	1
48439	98	1
48440	156	1
48441	32	1
48442	61	1
48443	148	1
48444	4	1
48445	70	1
48446	68	1
48447	50	1
48448	33	1
48449	78	1
48450	33	1
48451	18	1
48452	19	1
48453	54	1
48454	96	1
48455	70	1
48456	4	1
48457	83	1
48458	137	1
48459	68	1
48460	4	1
48461	158	1
48462	83	1
48463	3	1
48464	32	1
48465	19	1
48466	135	1
48467	6	1
48468	23	1
48469	60	1
48470	46	1
48471	35	1
48472	45	1
48473	70	1
48474	68	1
48475	61	1
48476	50	1
48477	83	1
48478	136	1
48479	6	1
48480	3	1
48481	144	1
48482	45	1
48483	96	1
48484	33	1
48485	46	1
48486	6	1
48487	40	1
48488	46	1
48489	45	1
48490	4	1
48491	18	1
48492	118	1
48493	68	1
48494	69	1
48495	103	1
48496	1	1
48497	103	1
48498	46	1
48499	6	1
48500	6	1
48501	6	1
48502	68	1
48503	68	1
48504	45	1
48505	83	1
48506	103	1
48507	103	1
48508	33	1
48509	83	1
48510	150	1
48511	79	1
48512	10	1
48513	33	1
48514	33	1
48515	46	1
48516	33	1
48517	43	1
48518	38	1
48519	2	1
48520	58	1
48521	133	1
48522	62	1
48523	1	1
48524	4	1
48525	118	1
48526	70	1
48527	33	1
48528	22	1
48529	62	1
48530	102	1
48531	139	1
48532	1	1
48533	137	1
48534	18	1
48535	46	1
48536	79	1
48537	172	1
48538	54	1
48539	60	1
48540	18	1
48541	118	1
48542	4	1
48543	103	1
48544	33	1
48545	68	1
48546	0	1
48547	103	1
48548	46	1
48549	92	1
48550	45	1
48551	6	1
48552	4	1
48553	118	1
48554	98	1
48555	68	1
48556	82	1
48557	82	1
48558	103	1
48559	103	1
48560	103	1
48561	0	1
48562	19	1
48563	79	1
48564	46	1
48565	46	1
48566	19	1
48567	46	1
48568	30	1
48569	1	1
48570	53	1
48571	32	1
48572	45	1
48573	34	1
48574	46	1
48575	19	1
48576	150	1
48577	25	1
48578	22	1
48579	11	1
48580	38	1
48581	172	1
48582	193	1
48583	152	1
48584	46	1
48585	46	1
48586	35	1
48587	6	1
48588	114	1
48589	22	1
48590	129	1
48591	70	1
48592	45	1
48593	5	1
48594	196	1
48595	136	1
48596	129	1
48597	19	1
48598	158	1
48599	61	1
48600	106	1
48601	137	1
48602	98	1
48603	62	1
48604	63	1
48605	63	1
48606	6	1
48607	68	1
48608	35	1
48609	169	1
48610	95	1
48611	0	1
48612	61	1
48613	35	1
48614	104	1
48615	31	1
48616	11	1
48617	6	1
48618	73	1
48619	6	1
48620	11	1
48621	78	1
48622	11	1
48623	70	1
48624	137	1
48625	6	1
48626	139	1
48627	144	1
48628	70	1
48629	19	1
48630	6	1
48631	52	1
48632	19	1
48633	38	1
48634	118	1
48635	2	1
48636	27	1
48637	3	1
48638	13	1
48639	36	1
48640	18	1
48641	49	1
48642	68	1
48643	19	1
48644	19	1
48645	55	1
48646	46	1
48647	65	1
48648	96	1
48649	85	1
48650	0	1
48651	6	1
48652	74	1
48653	17	1
48654	46	1
48655	0	1
48656	118	1
48657	45	1
48658	69	1
48659	118	1
48660	25	1
48661	6	1
48662	158	1
48663	30	1
48664	25	1
48665	49	1
48666	55	1
48667	82	1
48668	8	1
48669	6	1
48670	103	1
48671	68	1
48672	118	1
48673	33	1
48674	53	1
48675	96	1
48676	6	1
48677	69	1
48678	158	1
48679	98	1
48680	90	1
48681	103	1
48682	139	1
48683	38	1
48684	40	1
48685	92	1
48686	92	1
48687	92	1
48688	78	1
48689	22	1
48690	135	1
48691	6	1
48692	103	1
48693	72	1
48694	19	1
48695	61	1
48696	70	1
48697	131	1
48698	98	1
48699	98	1
48700	68	1
48701	6	1
48702	4	1
48703	33	1
48704	53	1
48705	6	1
48706	19	1
48707	11	1
48708	82	1
48709	103	1
48710	98	1
48711	38	1
48712	23	1
48713	45	1
48714	124	1
48715	19	1
48716	82	1
48717	66	1
48718	13	1
48719	69	1
48720	61	1
48721	11	1
48722	70	1
48723	139	1
48724	46	1
48725	158	1
48726	103	1
48727	82	1
48728	92	1
48729	137	1
48730	150	1
48731	41	1
48732	48	1
48733	50	1
48734	185	1
48735	95	1
48736	68	1
48737	61	1
48738	18	1
48739	1	1
48740	36	1
48741	90	1
48742	92	1
48743	62	1
48744	103	1
48745	54	1
48746	11	1
48747	33	1
48748	68	1
48749	23	1
48750	4	1
48751	68	1
48752	30	1
48753	68	1
48754	172	1
48755	90	1
48756	103	1
48757	85	1
48758	87	1
48759	63	1
48760	33	1
48761	33	1
48762	137	1
48763	68	1
48764	191	1
48765	68	1
48766	30	1
48767	1	1
48768	144	1
48769	85	1
48770	124	1
48771	45	1
48772	35	1
48773	102	1
48774	33	1
48775	62	1
48776	137	1
48777	42	1
48778	17	1
48779	85	1
48780	92	1
48781	37	1
48782	137	1
48783	96	1
48784	98	1
48785	93	1
48786	6	1
48787	103	1
48788	148	1
48789	30	1
48790	100	1
48791	77	1
48792	19	1
48793	30	1
48794	43	1
48795	150	1
48796	150	1
48797	7	1
48798	33	1
48799	68	1
48800	30	1
48801	1	1
48802	4	1
48803	118	1
48804	118	1
48805	70	1
48806	6	1
48807	19	1
48808	82	1
48809	118	1
48810	33	1
48811	33	1
48812	98	1
48813	63	1
48814	35	1
48815	0	1
48816	35	1
48817	4	1
48818	11	1
48819	191	1
48820	4	1
48821	68	1
48822	18	1
48823	6	1
48824	68	1
48825	136	1
48826	103	1
48827	98	1
48828	70	1
48829	8	1
48830	38	1
48831	103	1
48832	68	1
48833	19	1
48834	3	1
48835	66	1
48836	70	1
48837	103	1
48838	68	1
48839	31	1
48840	71	1
48841	33	1
48842	68	1
48843	92	1
48844	143	1
48845	95	1
48846	46	1
48847	92	1
48848	11	1
48849	98	1
48850	46	1
48851	92	1
48852	90	1
48853	30	1
48854	92	1
48855	75	1
48856	90	1
48857	46	1
48858	19	1
48859	17	1
48860	61	1
48861	103	1
48862	33	1
48863	139	1
48864	68	1
48865	62	1
48866	103	1
48867	139	1
48868	30	1
48869	124	1
48870	22	1
48871	140	1
48872	118	1
48873	37	1
48874	52	1
48875	6	1
48876	170	1
48877	46	1
48878	2	1
48879	139	1
48880	33	1
48881	33	1
48882	93	1
48883	4	1
48884	33	1
48885	62	1
48886	61	1
48887	103	1
48888	35	1
48889	69	1
48890	33	1
48891	103	1
48892	33	1
48893	33	1
48894	188	1
48895	79	1
48896	49	1
48897	6	1
48898	4	1
48899	33	1
48900	82	1
48901	43	1
48902	139	1
48903	139	1
48904	150	1
48905	68	1
48906	46	1
48907	23	1
48908	0	1
48909	69	1
48910	103	1
48911	19	1
48912	166	1
48913	6	1
48914	135	1
48915	35	1
48916	103	1
48917	6	1
48918	61	1
48919	31	1
48920	133	1
48921	98	1
48922	46	1
48923	92	1
48924	68	1
48925	68	1
48926	45	1
48927	62	1
48928	35	1
48929	70	1
48930	188	1
48931	140	1
48932	37	1
48933	37	1
48934	6	1
48935	79	1
48936	36	1
48937	61	1
48938	68	1
48939	92	1
48940	8	1
48941	103	1
48942	103	1
48943	62	1
48944	1	1
48945	129	1
48946	37	1
48947	150	1
48948	83	1
48949	0	1
48950	118	1
48951	172	1
48952	85	1
48953	1	1
48954	36	1
48955	6	1
48956	46	1
48957	46	1
48958	68	1
48959	45	1
48960	1	1
48961	124	1
48962	33	1
48963	61	1
48964	19	1
48965	6	1
48966	6	1
48967	78	1
48968	92	1
48969	26	1
48970	38	1
48971	4	1
48972	92	1
48973	32	1
48974	143	1
48975	1	1
48976	45	1
48977	2	1
48978	70	1
48979	62	1
48980	1	1
48981	118	1
48982	103	1
48983	19	1
48984	31	1
48985	33	1
48986	6	1
48987	193	1
48988	137	1
48989	8	1
48990	37	1
48991	69	1
48992	12	1
48993	1	1
48994	19	1
48995	62	1
48996	54	1
48997	0	1
48998	29	1
48999	23	1
49000	95	1
49001	68	1
49002	12	1
49003	4	1
49004	103	1
49005	1	1
49006	46	1
49007	96	1
49008	33	1
49009	4	1
49010	6	1
49011	33	1
49012	36	1
49013	165	1
49014	30	1
49015	30	1
49016	68	1
49017	79	1
49018	0	1
49019	19	1
49020	22	1
49021	0	1
49022	118	1
49023	36	1
49024	54	1
49025	6	1
49026	33	1
49027	6	1
49028	70	1
49029	6	1
49030	68	1
49031	68	1
49032	61	1
49033	118	1
49034	131	1
49035	150	1
49036	19	1
49037	137	1
49038	140	1
49039	61	1
49040	48	1
49041	37	1
49042	85	1
49043	19	1
49044	103	1
49045	22	1
49046	118	1
49047	33	1
49048	2	1
49049	33	1
49050	83	1
49051	68	1
49052	103	1
49053	103	1
49054	68	1
49055	124	1
49056	103	1
49057	2	1
49058	68	1
49059	6	1
49060	96	1
49061	82	1
49062	158	1
49063	158	1
49064	96	1
49065	158	1
49066	46	1
49067	23	1
49068	4	1
49069	158	1
49070	30	1
49071	4	1
49072	18	1
49073	78	1
49074	35	1
49075	35	1
49076	61	1
49077	23	1
49078	19	1
49079	166	1
49080	36	1
49081	57	1
49082	33	1
49083	90	1
49084	85	1
49085	34	1
49086	46	1
49087	30	1
49088	46	1
49089	41	1
49090	48	1
49091	103	1
49092	6	1
49093	40	1
49094	30	1
49095	35	1
49096	92	1
49097	6	1
49098	170	1
49099	103	1
49100	96	1
49101	144	1
49102	6	1
49103	92	1
49104	96	1
49105	137	1
49106	19	1
49107	1	1
49108	23	1
49109	6	1
49110	96	1
49111	139	1
49112	33	1
49113	45	1
49114	35	1
49115	83	1
49116	45	1
49117	29	1
49118	48	1
49119	70	1
49120	98	1
49121	92	1
49122	85	1
49123	118	1
49124	1	1
49125	45	1
49126	103	1
49127	103	1
49128	60	1
49129	0	1
49130	82	1
49131	4	1
49132	36	1
49133	68	1
49134	135	1
49135	4	1
49136	158	1
49137	52	1
49138	90	1
49139	79	1
49140	103	1
49141	35	1
49142	35	1
49143	35	1
49144	1	1
49145	19	1
49146	96	1
49147	96	1
49148	0	1
49149	57	1
49150	6	1
49151	78	1
49152	42	1
49153	35	1
49154	6	1
49155	33	1
49156	92	1
49157	11	1
49158	42	1
49159	17	1
49160	68	1
49161	23	1
49162	118	1
49163	32	1
49164	1	1
49165	22	1
49166	70	1
49167	70	1
49168	6	1
49169	79	1
49170	61	1
49171	109	1
49172	70	1
49173	70	1
49174	104	1
49175	70	1
49176	98	1
49177	33	1
49178	11	1
49179	6	1
49180	6	1
49181	46	1
49182	162	1
49183	4	1
49184	46	1
49185	109	1
49186	118	1
49187	38	1
49188	22	1
49189	33	1
49190	61	1
49191	8	1
49192	90	1
49193	194	1
49194	70	1
49195	33	1
49196	33	1
49197	60	1
49198	18	1
49199	6	1
49200	45	1
49201	19	1
49202	32	1
49203	19	1
49204	54	1
49205	103	1
49206	68	1
49207	165	1
49208	82	1
49209	4	1
49210	45	1
49211	124	1
49212	118	1
49213	33	1
49214	17	1
49215	19	1
49216	103	1
49217	158	1
49218	62	1
49219	11	1
49220	90	1
49221	103	1
49222	63	1
49223	103	1
49224	32	1
49225	68	1
49226	44	1
49227	4	1
49228	61	1
49229	100	1
49230	42	1
49231	70	1
49232	18	1
49233	33	1
49234	0	1
49235	78	1
49236	45	1
49237	63	1
49238	33	1
49239	70	1
49240	92	1
49241	38	1
49242	96	1
49243	98	1
49244	50	1
49245	50	1
49246	19	1
49247	50	1
49248	78	1
49249	19	1
49250	62	1
49251	36	1
49252	31	1
49253	103	1
49254	62	1
49255	52	1
49256	33	1
49257	38	1
49258	139	1
49259	4	1
49260	22	1
49261	100	1
49262	50	1
49263	100	1
49264	78	1
49265	2	1
49266	61	1
49267	69	1
49268	60	1
49269	17	1
49270	70	1
49271	103	1
49272	38	1
49273	95	1
49274	92	1
49275	62	1
49276	6	1
49277	22	1
49278	60	1
49279	78	1
49280	73	1
49281	38	1
49282	63	1
49283	4	1
49284	54	1
49285	124	1
49286	19	1
49287	150	1
49288	37	1
49289	6	1
49290	6	1
49291	61	1
49292	68	1
49293	1	1
49294	34	1
49295	19	1
49296	103	1
49297	69	1
49298	33	1
49299	92	1
49300	79	1
49301	35	1
49302	68	1
49303	68	1
49304	73	1
49305	19	1
49306	100	1
49307	57	1
49308	18	1
49309	35	1
49310	37	1
49311	19	1
49312	67	1
49313	103	1
49314	150	1
49315	33	1
49316	6	1
49317	6	1
49318	31	1
49319	57	1
49320	40	1
49321	70	1
49322	8	1
49323	68	1
49324	165	1
49325	1	1
49326	70	1
49327	53	1
49328	50	1
49329	2	1
49330	33	1
49331	6	1
49332	96	1
49333	18	1
49334	90	1
49335	35	1
49336	68	1
49337	106	1
49338	68	1
49339	68	1
49340	61	1
49341	98	1
49342	33	1
49343	70	1
49344	19	1
49345	0	1
49346	45	1
49347	6	1
49348	62	1
49349	40	1
49350	68	1
49351	33	1
49352	53	1
49353	92	1
49354	60	1
49355	137	1
49356	66	1
49357	6	1
49358	124	1
49359	68	1
49360	6	1
49361	100	1
49362	103	1
49363	3	1
49364	158	1
49365	135	1
49366	69	1
49367	62	1
49368	33	1
49369	150	1
49370	1	1
49371	4	1
49372	4	1
49373	98	1
49374	34	1
49375	37	1
49376	135	1
49377	103	1
49378	5	1
49379	103	1
49380	96	1
49381	2	1
49382	98	1
49383	126	1
49384	33	1
49385	69	1
49386	22	1
49387	62	1
49388	158	1
49389	48	1
49390	68	1
49391	79	1
49392	38	1
49393	103	1
49394	37	1
49395	105	1
49396	79	1
49397	96	1
49398	106	1
49399	6	1
49400	103	1
49401	63	1
49402	33	1
49403	35	1
49404	6	1
49405	6	1
49406	73	1
49407	61	1
49408	137	1
49409	124	1
49410	68	1
49411	69	1
49412	1	1
49413	19	1
49414	46	1
49415	139	1
49416	78	1
49417	6	1
49418	68	1
49419	68	1
49420	61	1
49421	0	1
49422	68	1
49423	35	1
49424	144	1
49425	29	1
49426	3	1
49427	68	1
49428	79	1
49429	30	1
49430	72	1
49431	61	1
49432	103	1
49433	33	1
49434	68	1
49435	19	1
49436	148	1
49437	124	1
49438	0	1
49439	70	1
49440	2	1
49441	35	1
49442	82	1
49443	32	1
49444	6	1
49445	139	1
49446	6	1
49447	68	1
49448	34	1
49449	61	1
49450	4	1
49451	68	1
49452	1	1
49453	6	1
49454	187	1
49455	92	1
49456	87	1
49457	68	1
49458	68	1
49459	22	1
49460	68	1
49461	4	1
49462	6	1
49463	92	1
49464	62	1
49465	6	1
49466	6	1
49467	57	1
49468	8	1
49469	103	1
49470	82	1
49471	136	1
49472	103	1
49473	12	1
49474	19	1
49475	150	1
49476	46	1
49477	8	1
49478	68	1
49479	36	1
49480	11	1
49481	130	1
49482	1	1
49483	79	1
49484	35	1
49485	1	1
49486	1	1
49487	62	1
49488	1	1
49489	85	1
49490	19	1
49491	92	1
49492	6	1
49493	22	1
49494	63	1
49495	45	1
49496	19	1
49497	172	1
49498	3	1
49499	90	1
49500	6	1
49501	139	1
49502	6	1
49503	6	1
49504	46	1
49505	46	1
49506	150	1
49507	139	1
49508	38	1
49509	68	1
49510	95	1
49511	45	1
49512	83	1
49513	86	1
49514	74	1
49515	18	1
49516	4	1
49517	82	1
49518	63	1
49519	96	1
49520	35	1
49521	13	1
49522	46	1
49523	1	1
49524	6	1
49525	33	1
49526	95	1
49527	29	1
49528	11	1
49529	40	1
49530	6	1
49531	116	1
49532	79	1
49533	6	1
49534	68	1
49535	68	1
49536	30	1
49537	53	1
49538	53	1
49539	6	1
49540	1	1
49541	85	1
49542	103	1
49543	36	1
49544	6	1
49545	96	1
49546	33	1
49547	63	1
49548	103	1
49549	7	1
49550	6	1
49551	95	1
49552	4	1
49553	45	1
49554	79	1
49555	6	1
49556	6	1
49557	103	1
49558	118	1
49559	96	1
49560	46	1
49561	103	1
49562	137	1
49563	38	1
49564	46	1
49565	46	1
49566	103	1
49567	8	1
49568	103	1
49569	1	1
49570	57	1
49571	6	1
49572	45	1
49573	6	1
49574	12	1
49575	57	1
49576	30	1
49577	19	1
49578	70	1
49579	29	1
49580	85	1
49581	6	1
49582	19	1
49583	12	1
49584	45	1
49585	37	1
49586	45	1
49587	139	1
49588	103	1
49589	46	1
49590	45	1
49591	1	1
49592	31	1
49593	18	1
49594	85	1
49595	158	1
49596	62	1
49597	118	1
49598	135	1
49599	62	1
49600	11	1
49601	0	1
49602	33	1
49603	68	1
49604	69	1
49605	19	1
49606	82	1
49607	103	1
49608	54	1
49609	116	1
49610	139	1
49611	46	1
49612	19	1
49613	70	1
49614	1	1
49615	40	1
49616	6	1
49617	174	1
49618	60	1
49619	18	1
49620	33	1
49621	85	1
49622	197	1
49623	6	1
49624	46	1
49625	46	1
49626	150	1
49627	90	1
49628	36	1
49629	19	1
49630	68	1
49631	0	1
49632	95	1
49633	124	1
49634	68	1
49635	158	1
49636	150	1
49637	32	1
49638	54	1
49639	124	1
49640	4	1
49641	3	1
49642	6	1
49643	35	1
49644	68	1
49645	17	1
49646	95	1
49647	19	1
49648	79	1
49649	106	1
49650	19	1
49651	1	1
49652	52	1
49653	68	1
49654	4	1
49655	69	1
49656	95	1
49657	57	1
49658	165	1
49659	129	1
49660	100	1
49661	135	1
49662	19	1
49663	55	1
49664	17	1
49665	139	1
49666	139	1
49667	45	1
49668	19	1
49669	158	1
49670	85	1
49671	70	1
49672	37	1
49673	104	1
49674	150	1
49675	63	1
49676	13	1
49677	6	1
49678	172	1
49679	42	1
49680	2	1
49681	68	1
49682	57	1
49683	37	1
49684	19	1
49685	19	1
49686	46	1
49687	103	1
49688	71	1
49689	68	1
49690	1	1
49691	103	1
49692	4	1
49693	2	1
49694	33	1
49695	103	1
49696	54	1
49697	6	1
49698	63	1
49699	35	1
49700	103	1
49701	92	1
49702	2	1
49703	22	1
49704	70	1
49705	70	1
49706	78	1
49707	172	1
49708	137	1
49709	45	1
49710	103	1
49711	85	1
49712	103	1
49713	35	1
49714	103	1
49715	92	1
49716	6	1
49717	4	1
49718	103	1
49719	70	1
49720	2	1
49721	146	1
49722	30	1
49723	45	1
49724	46	1
49725	11	1
49726	144	1
49727	17	1
49728	19	1
49729	33	1
49730	46	1
49731	63	1
49732	68	1
49733	131	1
49734	22	1
49735	136	1
49736	34	1
49737	1	1
49738	93	1
49739	146	1
49740	93	1
49741	85	1
49742	6	1
49743	103	1
49744	68	1
49745	68	1
49746	165	1
49747	124	1
49748	18	1
49749	82	1
49750	6	1
49751	137	1
49752	4	1
49753	60	1
49754	47	1
49755	103	1
49756	90	1
49757	137	1
49758	158	1
49759	133	1
49760	69	1
49761	31	1
49762	54	1
49763	82	1
49764	38	1
49765	139	1
49766	11	1
49767	89	1
49768	46	1
49769	35	1
49770	6	1
49771	18	1
49772	68	1
49773	82	1
49774	0	1
49775	33	1
49776	46	1
49777	92	1
49778	33	1
49779	92	1
49780	40	1
49781	1	1
49782	70	1
49783	79	1
49784	100	1
49785	83	1
49786	53	1
49787	43	1
49788	37	1
49789	29	1
49790	52	1
49791	69	1
49792	4	1
49793	6	1
49794	19	1
49795	68	1
49796	8	1
49797	103	1
49798	103	1
49799	62	1
49800	62	1
49801	70	1
49802	90	1
49803	45	1
49804	68	1
49805	4	1
49806	70	1
49807	70	1
49808	38	1
49809	68	1
49810	17	1
49811	61	1
49812	32	1
49813	45	1
49814	37	1
49815	129	1
49816	3	1
49817	103	1
49818	36	1
49819	82	1
49820	11	1
49821	63	1
49822	35	1
49823	6	1
49824	81	1
49825	151	1
49826	1	1
49827	68	1
49828	18	1
49829	33	1
49830	19	1
49831	50	1
49832	103	1
49833	36	1
49834	0	1
49835	193	1
49836	150	1
49837	35	1
49838	92	1
49839	144	1
49840	100	1
49841	100	1
49842	19	1
49843	1	1
49844	33	1
49845	70	1
49846	2	1
49847	57	1
49848	35	1
49849	118	1
49850	33	1
49851	4	1
49852	46	1
49853	62	1
49854	1	1
49855	61	1
49856	143	1
49857	148	1
49858	19	1
49859	30	1
49860	1	1
49861	37	1
49862	19	1
49863	0	1
49864	85	1
49865	103	1
49866	62	1
49867	62	1
49868	100	1
49869	118	1
49870	33	1
49871	37	1
49872	103	1
49873	1	1
49874	45	1
49875	55	1
49876	102	1
49877	131	1
49878	40	1
49879	4	1
49880	72	1
49881	137	1
49882	49	1
49883	194	1
49884	96	1
49885	106	1
49886	1	1
49887	82	1
49888	53	1
49889	6	1
49890	98	1
49891	45	1
49892	22	1
49893	135	1
49894	17	1
49895	46	1
49896	30	1
49897	151	1
49898	1	1
49899	63	1
49900	68	1
49901	4	1
49902	103	1
49903	103	1
49904	61	1
49905	22	1
49906	148	1
49907	35	1
49908	19	1
49909	83	1
49910	19	1
49911	53	1
49912	158	1
49913	0	1
49914	30	1
49915	4	1
49916	19	1
49917	19	1
49918	61	1
49919	98	1
49920	96	1
49921	103	1
49922	6	1
49923	33	1
49924	4	1
49925	36	1
49926	46	1
49927	50	1
49928	137	1
49929	172	1
49930	6	1
49931	22	1
49932	19	1
49933	103	1
49934	96	1
49935	46	1
49936	35	1
49937	69	1
49938	54	1
49939	61	1
49940	4	1
49941	144	1
49942	98	1
49943	103	1
49944	4	1
49945	18	1
49946	45	1
49947	79	1
49948	19	1
49949	153	1
49950	6	1
49951	150	1
49952	4	1
49953	33	1
49954	103	1
49955	45	1
49956	8	1
49957	8	1
49958	148	1
49959	4	1
49960	62	1
49961	103	1
49962	19	1
49963	143	1
49964	6	1
49965	94	1
49966	30	1
49967	96	1
49968	68	1
49969	46	1
49970	45	1
49971	0	1
49972	68	1
49973	5	1
49974	70	1
49975	35	1
49976	1	1
49977	4	1
49978	11	1
49979	103	1
49980	6	1
49981	103	1
49982	6	1
49983	22	1
49984	53	1
49985	17	1
49986	19	1
49987	33	1
49988	40	1
49989	6	1
49990	61	1
49991	96	1
49992	137	1
49993	8	1
49994	33	1
49995	38	1
49996	68	1
49997	23	1
49998	132	1
49999	68	1
50000	22	1
50001	62	1
50002	100	1
50003	19	1
50004	6	1
50005	6	1
50006	35	1
50007	77	1
50008	11	1
50009	6	1
50010	103	1
50011	0	1
50012	18	1
50013	33	1
50014	139	1
50015	46	1
50016	68	1
50017	63	1
50018	40	1
50019	50	1
50020	100	1
50021	62	1
50022	103	1
50023	17	1
50024	6	1
50025	46	1
50026	57	1
50027	19	1
50028	33	1
50029	68	1
50030	29	1
50031	92	1
50032	6	1
50033	6	1
50034	46	1
50035	43	1
50036	118	1
50037	4	1
50038	90	1
50039	62	1
50040	6	1
50041	6	1
50042	150	1
50043	40	1
50044	46	1
50045	2	1
50046	1	1
50047	70	1
50048	31	1
50049	92	1
50050	73	1
50051	70	1
50052	0	1
50053	98	1
50054	46	1
50055	29	1
50056	39	1
50057	78	1
50058	172	1
50059	30	1
50060	103	1
50061	70	1
50062	103	1
50063	4	1
50064	63	1
50065	45	1
50066	124	1
50067	95	1
50068	130	1
50069	35	1
50070	37	1
50071	19	1
50072	49	1
50073	150	1
50074	6	1
50075	105	1
50076	143	1
50077	38	1
50078	30	1
50079	124	1
50080	45	1
50081	12	1
50082	103	1
50083	6	1
50084	0	1
50085	96	1
50086	78	1
50087	62	1
50088	100	1
50089	0	1
50090	1	1
50091	19	1
50092	36	1
50093	63	1
50094	62	1
50095	77	1
50096	68	1
50097	148	1
50098	118	1
50099	70	1
50100	33	1
50101	103	1
50102	103	1
50103	36	1
50104	127	1
50105	103	1
50106	46	1
50107	25	1
50108	30	1
50109	95	1
50110	18	1
50111	19	1
50112	150	1
50113	33	1
50114	139	1
50115	103	1
50116	53	1
50117	19	1
50118	30	1
50119	11	1
50120	79	1
50121	54	1
50122	0	1
50123	22	1
50124	22	1
50125	62	1
50126	38	1
50127	6	1
50128	103	1
50129	46	1
50130	148	1
50131	75	1
50132	68	1
50133	70	1
50134	19	1
50135	61	1
50136	103	1
50137	6	1
50138	33	1
50139	46	1
50140	38	1
50141	144	1
50142	33	1
50143	22	1
50144	30	1
50145	144	1
50146	1	1
50147	98	1
50148	35	1
50149	144	1
50150	23	1
50151	148	1
50152	165	1
50153	33	1
50154	100	1
50155	33	1
50156	2	1
50157	35	1
50158	144	1
50159	11	1
50160	148	1
50161	30	1
50162	19	1
50163	36	1
50164	61	1
50165	98	1
50166	146	1
50167	70	1
50168	158	1
50169	18	1
50170	29	1
50171	68	1
50172	6	1
50173	158	1
50174	1	1
50175	61	1
50176	6	1
50177	96	1
50178	63	1
50179	144	1
50180	78	1
50181	103	1
50182	62	1
50183	70	1
50184	103	1
50185	12	1
50186	57	1
50187	1	1
50188	22	1
50189	32	1
50190	82	1
50191	46	1
50192	19	1
50193	103	1
50194	139	1
50195	139	1
50196	63	1
50197	0	1
50198	30	1
50199	78	1
50200	30	1
50201	16	1
50202	1	1
50203	19	1
50204	61	1
50205	137	1
50206	30	1
50207	103	1
50208	22	1
50209	148	1
50210	4	1
50211	146	1
50212	68	1
50213	1	1
50214	68	1
50215	69	1
50216	11	1
50217	4	1
50218	95	1
50219	4	1
50220	11	1
50221	6	1
50222	45	1
50223	69	1
50224	6	1
50225	103	1
50226	79	1
50227	74	1
50228	139	1
50229	92	1
50230	158	1
50231	104	1
50232	61	1
50233	3	1
50234	19	1
50235	103	1
50236	38	1
50237	68	1
50238	6	1
50239	45	1
50240	33	1
50241	45	1
50242	36	1
50243	61	1
50244	85	1
50245	166	1
50246	6	1
50247	0	1
50248	78	1
50249	44	1
50250	46	1
50251	38	1
50252	4	1
50253	72	1
50254	79	1
50255	32	1
50256	61	1
50257	33	1
50258	45	1
50259	57	1
50260	6	1
50261	4	1
50262	95	1
50263	33	1
50264	61	1
50265	37	1
50266	137	1
50267	137	1
50268	61	1
50269	30	1
50270	100	1
50271	124	1
50272	18	1
50273	35	1
50274	70	1
50275	53	1
50276	150	1
50277	63	1
50278	129	1
50279	85	1
50280	62	1
50281	85	1
50282	19	1
50283	139	1
50284	79	1
50285	46	1
50286	60	1
50287	6	1
50288	146	1
50289	42	1
50290	85	1
50291	35	1
50292	38	1
50293	1	1
50294	22	1
50295	46	1
50296	29	1
50297	45	1
50298	137	1
50299	46	1
50300	103	1
50301	18	1
50302	19	1
50303	33	1
50304	11	1
50305	36	1
50306	83	1
50307	98	1
50308	68	1
50309	40	1
50310	4	1
50311	103	1
50312	18	1
50313	62	1
50314	19	1
50315	19	1
50316	102	1
50317	46	1
50318	30	1
50319	1	1
50320	90	1
50321	184	1
50322	46	1
50323	118	1
50324	118	1
50325	18	1
50326	6	1
50327	150	1
50328	19	1
50329	33	1
50330	0	1
50331	33	1
50332	82	1
50333	165	1
50334	35	1
50335	3	1
50336	45	1
50337	4	1
50338	0	1
50339	72	1
50340	38	1
50341	68	1
50342	90	1
50343	62	1
50344	4	1
50345	129	1
50346	62	1
50347	118	1
50348	33	1
50349	90	1
50350	158	1
50351	30	1
50352	150	1
50353	98	1
50354	54	1
50355	35	1
50356	48	1
50357	45	1
50358	118	1
50359	45	1
50360	30	1
50361	103	1
50362	82	1
50363	19	1
50364	171	1
50365	63	1
50366	146	1
50367	35	1
50368	33	1
50369	11	1
50370	33	1
50371	57	1
50372	93	1
50373	137	1
50374	35	1
50375	137	1
50376	11	1
50377	144	1
50378	22	1
50379	4	1
50380	35	1
50381	53	1
50382	30	1
50383	103	1
50384	70	1
50385	19	1
50386	6	1
50387	150	1
50388	6	1
50389	8	1
50390	6	1
50391	95	1
50392	33	1
50393	6	1
50394	6	1
50395	46	1
50396	8	1
50397	1	1
50398	42	1
50399	53	1
50400	61	1
50401	18	1
50402	0	1
50403	1	1
50404	63	1
50405	19	1
50406	4	1
50407	144	1
50408	46	1
50409	85	1
50410	98	1
50411	103	1
50412	19	1
50413	118	1
50414	68	1
50415	103	1
50416	1	1
50417	63	1
50418	158	1
50419	100	1
50420	1	1
50421	19	1
50422	103	1
50423	3	1
50424	33	1
50425	103	1
50426	22	1
50427	62	1
50428	4	1
50429	70	1
50430	188	1
50431	69	1
50432	71	1
50433	77	1
50434	40	1
50435	105	1
50436	144	1
50437	0	1
50438	48	1
50439	4	1
50440	188	1
50441	62	1
50442	118	1
50443	30	1
50444	61	1
50445	98	1
50446	6	1
50447	195	1
50448	96	1
50449	103	1
50450	4	1
50451	34	1
50452	150	1
50453	83	1
50454	92	1
50455	4	1
50456	63	1
50457	6	1
50458	1	1
50459	35	1
50460	78	1
50461	18	1
50462	53	1
50463	82	1
50464	66	1
50465	4	1
50466	60	1
50467	137	1
50468	46	1
50469	144	1
50470	63	1
50471	70	1
50472	18	1
50473	32	1
50474	103	1
50475	103	1
50476	55	1
50477	5	1
50478	72	1
50479	45	1
50480	68	1
50481	103	1
50482	103	1
50483	30	1
50484	4	1
50485	4	1
50486	0	1
50487	68	1
50488	11	1
50489	36	1
50490	137	1
50491	96	1
50492	32	1
50493	98	1
50494	63	1
50495	90	1
50496	90	1
50497	88	1
50498	6	1
50499	150	1
50500	103	1
50501	6	1
50502	68	1
50503	6	1
50504	148	1
50505	19	1
50506	133	1
50507	62	1
50508	118	1
50509	6	1
50510	87	1
50511	63	1
50512	4	1
50513	33	1
50514	103	1
50515	61	1
50516	78	1
50517	30	1
50518	67	1
50519	33	1
50520	88	1
50521	139	1
50522	22	1
50523	148	1
50524	18	1
50525	94	1
50526	35	1
50527	16	1
50528	8	1
50529	37	1
50530	44	1
50531	62	1
50532	30	1
50533	6	1
50534	17	1
50535	35	1
50536	62	1
50537	100	1
50538	1	1
50539	85	1
50540	103	1
50541	32	1
50542	40	1
50543	33	1
50544	46	1
50545	8	1
50546	35	1
50547	56	1
50548	85	1
50549	90	1
50550	166	1
50551	79	1
50552	1	1
50553	150	1
50554	137	1
50555	45	1
50556	103	1
50557	19	1
50558	62	1
50559	30	1
50560	109	1
50561	194	1
50562	35	1
50563	35	1
50564	4	1
50565	158	1
50566	92	1
50567	61	1
50568	124	1
50569	33	1
50570	33	1
50571	0	1
50572	118	1
50573	1	1
50574	96	1
50575	68	1
50576	18	1
50577	100	1
50578	88	1
50579	135	1
50580	62	1
50581	33	1
50582	46	1
50583	33	1
50584	70	1
50585	103	1
50586	90	1
50587	103	1
50588	70	1
50589	19	1
50590	46	1
50591	40	1
50592	103	1
50593	62	1
50594	62	1
50595	45	1
50596	8	1
50597	6	1
50598	100	1
50599	19	1
50600	1	1
50601	129	1
50602	38	1
50603	19	1
50604	6	1
50605	63	1
50606	139	1
50607	96	1
50608	29	1
50609	18	1
50610	62	1
50611	33	1
50612	18	1
50613	85	1
50614	45	1
50615	61	1
50616	50	1
50617	1	1
50618	96	1
50619	103	1
50620	103	1
50621	118	1
50622	42	1
50623	103	1
50624	61	1
50625	96	1
50626	139	1
50627	170	1
50628	50	1
50629	19	1
50630	4	1
50631	62	1
50632	83	1
50633	45	1
50634	77	1
50635	61	1
50636	68	1
50637	70	1
50638	2	1
50639	2	1
50640	103	1
50641	6	1
50642	6	1
50643	6	1
50644	33	1
50645	68	1
50646	162	1
50647	0	1
50648	0	1
50649	78	1
50650	19	1
50651	72	1
50652	63	1
50653	40	1
50654	12	1
50655	75	1
50656	18	1
50657	151	1
50658	103	1
50659	30	1
50660	6	1
50661	70	1
50662	35	1
50663	4	1
50664	98	1
50665	98	1
50666	193	1
50667	150	1
50668	63	1
50669	63	1
50670	137	1
50671	46	1
50672	77	1
50673	4	1
50674	103	1
50675	118	1
50676	70	1
50677	62	1
50678	188	1
50679	150	1
50680	1	1
50681	103	1
50682	46	1
50683	19	1
50684	68	1
50685	48	1
50686	63	1
50687	40	1
50688	1	1
50689	118	1
50690	85	1
50691	33	1
50692	70	1
50693	6	1
50694	65	1
50695	103	1
50696	68	1
50697	144	1
50698	61	1
50699	100	1
50700	18	1
50701	103	1
50702	19	1
50703	19	1
50704	70	1
50705	37	1
50706	139	1
50707	6	1
50708	3	1
50709	40	1
50710	70	1
50711	45	1
50712	61	1
50713	22	1
50714	62	1
50715	6	1
50716	109	1
50717	4	1
50718	18	1
50719	62	1
50720	2	1
50721	118	1
50722	85	1
50723	137	1
50724	46	1
50725	40	1
50726	50	1
50727	25	1
50728	0	1
50729	19	1
50730	8	1
50731	85	1
50732	82	1
50733	139	1
50734	32	1
50735	62	1
50736	62	1
50737	4	1
50738	37	1
50739	98	1
50740	35	1
50741	191	1
50742	8	1
50743	103	1
50744	5	1
50745	96	1
50746	46	1
50747	42	1
50748	133	1
50749	4	1
50750	85	1
50751	103	1
50752	103	1
50753	68	1
50754	62	1
50755	35	1
50756	172	1
50757	36	1
50758	30	1
50759	18	1
50760	70	1
50761	103	1
50762	33	1
50763	8	1
50764	33	1
50765	148	1
50766	30	1
50767	50	1
50768	172	1
50769	62	1
50770	103	1
50771	30	1
50772	70	1
50773	61	1
50774	103	1
50775	33	1
50776	32	1
50777	104	1
50778	30	1
50779	195	1
50780	35	1
50781	45	1
50782	106	1
50783	1	1
50784	6	1
50785	46	1
50786	68	1
50787	22	1
50788	1	1
50789	100	1
50790	95	1
50791	35	1
50792	106	1
50793	69	1
50794	42	1
50795	6	1
50796	139	1
50797	6	1
50798	38	1
50799	98	1
50800	46	1
50801	103	1
50802	103	1
50803	9	1
50804	68	1
50805	61	1
50806	95	1
50807	19	1
50808	54	1
50809	139	1
50810	68	1
50811	158	1
50812	62	1
50813	63	1
50814	38	1
50815	68	1
50816	92	1
50817	25	1
50818	30	1
50819	129	1
50820	2	1
50821	33	1
50822	2	1
50823	6	1
50824	6	1
50825	139	1
50826	68	1
50827	143	1
50828	19	1
50829	5	1
50830	6	1
50831	166	1
50832	33	1
50833	68	1
50834	6	1
50835	1	1
50836	11	1
50837	137	1
50838	4	1
50839	148	1
50840	37	1
50841	118	1
50842	85	1
50843	69	1
50844	139	1
50845	61	1
50846	130	1
50847	133	1
50848	72	1
50849	48	1
50850	48	1
50851	85	1
50852	68	1
50853	33	1
50854	1	1
50855	85	1
50856	172	1
50857	98	1
50858	48	1
50859	103	1
50860	1	1
50861	103	1
50862	96	1
50863	137	1
50864	63	1
50865	46	1
50866	62	1
50867	30	1
50868	48	1
50869	118	1
50870	72	1
50871	33	1
50872	19	1
50873	131	1
50874	30	1
50875	46	1
50876	48	1
50877	150	1
50878	70	1
50879	98	1
50880	33	1
50881	63	1
50882	172	1
50883	85	1
50884	118	1
50885	19	1
50886	42	1
50887	85	1
50888	70	1
50889	103	1
50890	34	1
50891	49	1
50892	4	1
50893	139	1
50894	103	1
50895	35	1
50896	46	1
50897	103	1
50898	33	1
50899	62	1
50900	19	1
50901	68	1
50902	38	1
50903	4	1
50904	137	1
50905	135	1
50906	6	1
50907	6	1
50908	46	1
50909	36	1
50910	40	1
50911	95	1
50912	103	1
50913	68	1
50914	62	1
50915	98	1
50916	33	1
50917	53	1
50918	1	1
50919	4	1
50920	33	1
50921	150	1
50922	103	1
50923	139	1
50924	6	1
50925	129	1
50926	35	1
50927	62	1
50928	37	1
50929	54	1
50930	46	1
50931	90	1
50932	61	1
50933	35	1
50934	70	1
50935	98	1
50936	61	1
50937	50	1
50938	6	1
50939	19	1
50940	78	1
50941	100	1
50942	70	1
50943	2	1
50944	40	1
50945	16	1
50946	103	1
50947	103	1
50948	194	1
50949	6	1
50950	6	1
50951	5	1
50952	85	1
50953	53	1
50954	19	1
50955	103	1
50956	62	1
50957	53	1
50958	1	1
50959	30	1
50960	12	1
50961	30	1
50962	11	1
50963	6	1
50964	35	1
50965	63	1
50966	57	1
50967	62	1
50968	30	1
50969	0	1
50970	104	1
50971	103	1
50972	38	1
50973	146	1
50974	68	1
50975	6	1
50976	129	1
50977	34	1
50978	2	1
50979	30	1
50980	46	1
50981	33	1
50982	35	1
50983	148	1
50984	103	1
50985	104	1
50986	140	1
50987	63	1
