qid	sid	weight
0	0	1
1	0	1
2	0	1
3	0	1
4	0	1
5	0	1
6	0	1
7	0	1
8	0	1
9	0	1
10	0	1
11	0	1
12	0	1
13	0	1
14	0	1
15	0	1
16	0	1
17	0	1
18	0	1
19	0	1
20	0	1
21	0	1
22	0	1
23	0	1
24	0	1
25	0	1
26	0	1
27	0	1
28	0	1
29	0	1
30	0	1
31	0	1
32	0	1
33	0	1
34	0	1
35	0	1
36	0	1
37	0	1
38	0	1
39	0	1
40	0	1
41	0	1
42	0	1
43	0	1
44	0	1
45	0	1
46	0	1
47	0	1
48	0	1
49	0	1
50	0	1
51	0	1
52	0	1
53	0	1
54	0	1
55	0	1
56	0	1
57	0	1
58	0	1
59	0	1
60	0	1
61	0	1
62	0	1
63	0	1
64	0	1
65	0	1
66	0	1
67	0	1
68	0	1
69	0	1
70	0	1
71	0	1
72	0	1
73	0	1
74	0	1
75	0	1
76	0	1
77	0	1
78	0	1
79	0	1
80	0	1
81	0	1
82	0	1
83	0	1
84	0	1
85	0	1
86	0	1
87	0	1
88	0	1
89	0	1
90	0	1
91	0	1
92	0	1
93	0	1
94	0	1
95	0	1
96	0	1
97	0	1
98	0	1
99	0	1
100	0	1
101	0	1
102	0	1
103	0	1
104	0	1
105	0	1
106	0	1
107	0	1
108	0	1
109	0	1
110	0	1
111	0	1
112	0	1
113	0	1
114	0	1
115	0	1
116	0	1
117	0	1
118	0	1
119	0	1
120	0	1
121	0	1
122	0	1
123	0	1
124	0	1
125	0	1
126	0	1
127	0	1
128	0	1
129	0	1
130	0	1
131	0	1
132	1	1
133	1	1
134	1	1
135	1	1
136	1	1
137	1	1
138	1	1
139	1	1
140	1	1
141	1	1
142	1	1
143	1	1
144	1	1
145	1	1
146	1	1
147	1	1
148	1	1
149	1	1
150	1	1
151	1	1
152	1	1
153	1	1
154	1	1
155	1	1
156	1	1
157	1	1
158	1	1
159	1	1
160	1	1
161	1	1
162	1	1
163	1	1
164	1	1
165	1	1
166	1	1
167	1	1
168	1	1
169	1	1
170	1	1
171	1	1
172	1	1
173	1	1
174	1	1
175	1	1
176	1	1
177	1	1
178	1	1
179	1	1
180	1	1
181	1	1
182	1	1
183	1	1
184	1	1
185	1	1
186	1	1
187	1	1
188	1	1
189	1	1
190	1	1
191	1	1
192	1	1
193	1	1
194	1	1
195	1	1
196	1	1
197	1	1
198	1	1
199	1	1
200	1	1
201	1	1
202	1	1
203	1	1
204	1	1
205	1	1
206	1	1
207	1	1
208	1	1
209	1	1
210	1	1
211	1	1
212	1	1
213	1	1
214	1	1
215	1	1
216	1	1
217	1	1
218	1	1
219	1	1
220	1	1
221	1	1
222	1	1
223	1	1
224	1	1
225	1	1
226	1	1
227	1	1
228	1	1
229	1	1
230	1	1
231	1	1
232	1	1
233	1	1
234	1	1
235	1	1
236	1	1
237	1	1
238	1	1
239	1	1
240	1	1
241	1	1
242	1	1
243	1	1
244	1	1
245	1	1
246	1	1
247	1	1
248	1	1
249	1	1
250	1	1
251	1	1
252	1	1
253	1	1
254	1	1
255	1	1
256	1	1
257	1	1
258	1	1
259	1	1
260	1	1
261	1	1
262	1	1
263	1	1
264	1	1
265	1	1
266	1	1
267	1	1
268	1	1
269	1	1
270	1	1
271	1	1
272	1	1
273	1	1
274	1	1
275	1	1
276	1	1
277	1	1
278	1	1
279	1	1
280	1	1
281	1	1
282	1	1
283	1	1
284	1	1
285	1	1
286	1	1
287	1	1
288	1	1
289	1	1
290	1	1
291	1	1
292	1	1
293	1	1
294	1	1
295	1	1
296	1	1
297	1	1
298	1	1
299	1	1
300	1	1
301	1	1
302	1	1
303	1	1
304	1	1
305	1	1
306	1	1
307	1	1
308	1	1
309	1	1
310	1	1
311	1	1
312	1	1
313	1	1
314	1	1
315	1	1
316	1	1
317	1	1
318	1	1
319	1	1
320	1	1
321	1	1
322	1	1
323	1	1
324	1	1
325	1	1
326	1	1
327	1	1
328	1	1
329	1	1
330	1	1
331	1	1
332	1	1
333	1	1
334	1	1
335	1	1
336	1	1
337	1	1
338	1	1
339	1	1
340	1	1
341	1	1
342	1	1
343	1	1
344	1	1
345	1	1
346	1	1
347	1	1
348	1	1
349	1	1
350	1	1
351	1	1
352	1	1
353	1	1
354	1	1
355	1	1
356	1	1
357	1	1
358	1	1
359	1	1
360	1	1
361	1	1
362	1	1
363	1	1
364	1	1
365	1	1
366	1	1
367	1	1
368	1	1
369	1	1
370	1	1
371	1	1
372	1	1
373	1	1
374	1	1
375	1	1
376	1	1
377	1	1
378	1	1
379	1	1
380	1	1
381	1	1
382	1	1
383	1	1
384	1	1
385	1	1
386	1	1
387	1	1
388	1	1
389	1	1
390	1	1
391	1	1
392	1	1
393	1	1
394	1	1
395	1	1
396	1	1
397	1	1
398	1	1
399	1	1
400	1	1
401	1	1
402	1	1
403	1	1
404	1	1
405	1	1
406	1	1
407	1	1
408	1	1
409	1	1
410	1	1
411	1	1
412	1	1
413	1	1
414	1	1
415	1	1
416	1	1
417	1	1
418	1	1
419	1	1
420	1	1
421	1	1
422	1	1
423	1	1
424	1	1
425	1	1
426	1	1
427	1	1
428	1	1
429	1	1
430	2	1
431	2	1
432	2	1
433	2	1
434	2	1
435	2	1
436	2	1
437	2	1
438	2	1
439	2	1
440	2	1
441	2	1
442	2	1
443	2	1
444	2	1
445	2	1
446	2	1
447	2	1
448	2	1
449	2	1
450	2	1
451	2	1
452	2	1
453	2	1
454	2	1
455	2	1
456	2	1
457	2	1
458	2	1
459	2	1
460	2	1
461	2	1
462	2	1
463	2	1
464	2	1
465	2	1
466	2	1
467	2	1
468	2	1
469	2	1
470	2	1
471	2	1
472	2	1
473	2	1
474	2	1
475	2	1
476	2	1
477	2	1
478	2	1
479	2	1
480	2	1
481	2	1
482	2	1
483	2	1
484	2	1
485	2	1
486	2	1
487	2	1
488	2	1
489	2	1
490	2	1
491	2	1
492	2	1
493	2	1
494	2	1
495	2	1
496	2	1
497	2	1
498	2	1
499	2	1
500	2	1
501	2	1
502	2	1
503	2	1
504	2	1
505	2	1
506	2	1
507	2	1
508	2	1
509	2	1
510	2	1
511	2	1
512	2	1
513	2	1
514	2	1
515	2	1
516	2	1
517	2	1
518	2	1
519	2	1
520	2	1
521	2	1
522	2	1
523	2	1
524	2	1
525	2	1
526	2	1
527	2	1
528	2	1
529	2	1
530	2	1
531	2	1
532	2	1
533	2	1
534	2	1
535	2	1
536	2	1
537	2	1
538	2	1
539	2	1
540	2	1
541	2	1
542	2	1
543	2	1
544	2	1
545	2	1
546	2	1
547	2	1
548	2	1
549	2	1
550	2	1
551	2	1
552	2	1
553	2	1
554	2	1
555	2	1
556	2	1
557	2	1
558	2	1
559	2	1
560	2	1
561	2	1
562	2	1
563	2	1
564	2	1
565	2	1
566	2	1
567	2	1
568	2	1
569	2	1
570	2	1
571	2	1
572	3	1
573	3	1
574	3	1
575	3	1
576	3	1
577	3	1
578	3	1
579	3	1
580	3	1
581	3	1
582	3	1
583	3	1
584	3	1
585	3	1
586	3	1
587	3	1
588	3	1
589	3	1
590	3	1
591	3	1
592	3	1
593	3	1
594	3	1
595	3	1
596	3	1
597	3	1
598	3	1
599	3	1
600	3	1
601	3	1
602	3	1
603	3	1
604	3	1
605	3	1
606	3	1
607	3	1
608	3	1
609	3	1
610	3	1
611	3	1
612	3	1
613	3	1
614	3	1
615	3	1
616	3	1
617	3	1
618	3	1
619	3	1
620	3	1
621	3	1
622	3	1
623	3	1
624	3	1
625	3	1
626	3	1
627	3	1
628	3	1
629	3	1
630	3	1
631	3	1
632	3	1
633	3	1
634	3	1
635	3	1
636	3	1
637	3	1
638	3	1
639	3	1
640	3	1
641	3	1
642	3	1
643	3	1
644	3	1
645	3	1
646	3	1
647	3	1
648	3	1
649	3	1
650	3	1
651	3	1
652	3	1
653	3	1
654	3	1
655	3	1
656	3	1
657	3	1
658	3	1
659	3	1
660	3	1
661	3	1
662	3	1
663	3	1
664	3	1
665	3	1
666	3	1
667	3	1
668	3	1
669	3	1
670	3	1
671	3	1
672	3	1
673	3	1
674	3	1
675	3	1
676	3	1
677	3	1
678	3	1
679	3	1
680	3	1
681	3	1
682	3	1
683	3	1
684	3	1
685	3	1
686	3	1
687	3	1
688	3	1
689	3	1
690	3	1
691	3	1
692	3	1
693	3	1
694	3	1
695	3	1
696	3	1
697	3	1
698	3	1
699	3	1
700	3	1
701	3	1
702	3	1
703	3	1
704	3	1
705	3	1
706	3	1
707	3	1
708	3	1
709	3	1
710	3	1
711	3	1
712	3	1
713	3	1
714	3	1
715	3	1
716	3	1
717	3	1
718	3	1
719	3	1
720	3	1
721	3	1
722	3	1
723	3	1
724	3	1
725	3	1
726	3	1
727	3	1
728	3	1
729	3	1
730	3	1
731	3	1
732	3	1
733	3	1
734	3	1
735	3	1
736	3	1
737	3	1
738	3	1
739	3	1
740	3	1
741	3	1
742	3	1
743	3	1
744	3	1
745	3	1
746	3	1
747	3	1
748	3	1
749	3	1
750	3	1
751	3	1
752	3	1
753	3	1
754	3	1
755	3	1
756	3	1
757	3	1
758	3	1
759	3	1
760	3	1
761	3	1
762	3	1
763	3	1
764	3	1
765	3	1
766	3	1
767	3	1
768	3	1
769	3	1
770	3	1
771	3	1
772	3	1
773	3	1
774	3	1
775	3	1
776	3	1
777	3	1
778	3	1
779	3	1
780	3	1
781	3	1
782	3	1
783	3	1
784	3	1
785	3	1
786	3	1
787	3	1
788	3	1
789	3	1
790	3	1
791	3	1
792	3	1
793	3	1
794	3	1
795	3	1
796	3	1
797	3	1
798	3	1
799	3	1
800	3	1
801	3	1
802	3	1
803	3	1
804	3	1
805	3	1
806	3	1
807	3	1
808	3	1
809	3	1
810	3	1
811	3	1
812	3	1
813	3	1
814	3	1
815	3	1
816	3	1
817	3	1
818	3	1
819	3	1
820	3	1
821	3	1
822	3	1
823	3	1
824	3	1
825	3	1
826	3	1
827	3	1
828	3	1
829	3	1
830	3	1
831	3	1
832	3	1
833	3	1
834	3	1
835	3	1
836	3	1
837	3	1
838	3	1
839	3	1
840	3	1
841	3	1
842	3	1
843	3	1
844	3	1
845	3	1
846	3	1
847	3	1
848	3	1
849	3	1
850	3	1
851	3	1
852	3	1
853	3	1
854	3	1
855	3	1
856	3	1
857	3	1
858	3	1
859	3	1
860	3	1
861	3	1
862	3	1
863	3	1
864	3	1
865	3	1
866	3	1
867	3	1
868	3	1
869	3	1
870	3	1
871	3	1
872	3	1
873	3	1
874	3	1
875	3	1
876	3	1
877	3	1
878	3	1
879	3	1
880	3	1
881	3	1
882	3	1
883	3	1
884	3	1
885	3	1
886	3	1
887	3	1
888	3	1
889	3	1
890	3	1
891	3	1
892	3	1
893	3	1
894	3	1
895	3	1
896	3	1
897	3	1
898	3	1
899	3	1
900	3	1
901	3	1
902	3	1
903	3	1
904	3	1
905	3	1
906	3	1
907	3	1
908	3	1
909	3	1
910	3	1
911	3	1
912	3	1
913	3	1
914	3	1
915	3	1
916	3	1
917	3	1
918	3	1
919	3	1
920	3	1
921	3	1
922	3	1
923	3	1
924	3	1
925	4	1
926	4	1
927	4	1
928	4	1
929	4	1
930	4	1
931	4	1
932	4	1
933	4	1
934	4	1
935	4	1
936	4	1
937	4	1
938	4	1
939	4	1
940	4	1
941	4	1
942	4	1
943	4	1
944	4	1
945	4	1
946	4	1
947	4	1
948	4	1
949	4	1
950	4	1
951	4	1
952	4	1
953	4	1
954	4	1
955	4	1
956	4	1
957	4	1
958	4	1
959	4	1
960	4	1
961	4	1
962	4	1
963	4	1
964	4	1
965	4	1
966	4	1
967	4	1
968	4	1
969	4	1
970	4	1
971	4	1
972	4	1
973	4	1
974	4	1
975	4	1
976	4	1
977	4	1
978	4	1
979	4	1
980	4	1
981	4	1
982	4	1
983	4	1
984	4	1
985	4	1
986	4	1
987	4	1
988	4	1
989	4	1
990	4	1
991	4	1
992	4	1
993	4	1
994	4	1
995	4	1
996	4	1
997	4	1
998	4	1
999	4	1
1000	4	1
1001	4	1
1002	4	1
1003	4	1
1004	4	1
1005	4	1
1006	4	1
1007	4	1
1008	4	1
1009	4	1
1010	4	1
1011	4	1
1012	4	1
1013	4	1
1014	4	1
1015	4	1
1016	4	1
1017	4	1
1018	4	1
1019	4	1
1020	4	1
1021	4	1
1022	4	1
1023	4	1
1024	4	1
1025	4	1
1026	4	1
1027	4	1
1028	4	1
1029	4	1
1030	4	1
1031	4	1
1032	4	1
1033	4	1
1034	4	1
1035	4	1
1036	4	1
1037	4	1
1038	4	1
1039	4	1
1040	4	1
1041	4	1
1042	4	1
1043	4	1
1044	4	1
1045	4	1
1046	4	1
1047	4	1
1048	4	1
1049	4	1
1050	4	1
1051	4	1
1052	4	1
1053	4	1
1054	4	1
1055	4	1
1056	4	1
1057	4	1
1058	4	1
1059	4	1
1060	4	1
1061	4	1
1062	4	1
1063	4	1
1064	4	1
1065	4	1
1066	4	1
1067	4	1
1068	4	1
1069	4	1
1070	4	1
1071	4	1
1072	4	1
1073	4	1
1074	4	1
1075	4	1
1076	4	1
1077	4	1
1078	4	1
1079	4	1
1080	4	1
1081	4	1
1082	4	1
1083	4	1
1084	5	1
1085	5	1
1086	5	1
1087	5	1
1088	5	1
1089	5	1
1090	5	1
1091	5	1
1092	5	1
1093	5	1
1094	5	1
1095	5	1
1096	5	1
1097	5	1
1098	5	1
1099	5	1
1100	5	1
1101	5	1
1102	5	1
1103	5	1
1104	5	1
1105	5	1
1106	5	1
1107	5	1
1108	5	1
1109	5	1
1110	5	1
1111	5	1
1112	5	1
1113	5	1
1114	5	1
1115	5	1
1116	5	1
1117	5	1
1118	5	1
1119	5	1
1120	5	1
1121	5	1
1122	5	1
1123	5	1
1124	5	1
1125	5	1
1126	5	1
1127	5	1
1128	5	1
1129	5	1
1130	5	1
1131	5	1
1132	5	1
1133	5	1
1134	5	1
1135	5	1
1136	5	1
1137	5	1
1138	5	1
1139	5	1
1140	5	1
1141	5	1
1142	5	1
1143	5	1
1144	5	1
1145	5	1
1146	5	1
1147	5	1
1148	5	1
1149	5	1
1150	5	1
1151	5	1
1152	5	1
1153	5	1
1154	5	1
1155	5	1
1156	5	1
1157	5	1
1158	5	1
1159	5	1
1160	5	1
1161	5	1
1162	5	1
1163	5	1
1164	5	1
1165	5	1
1166	5	1
1167	5	1
1168	5	1
1169	5	1
1170	5	1
1171	5	1
1172	5	1
1173	5	1
1174	5	1
1175	5	1
1176	5	1
1177	5	1
1178	5	1
1179	5	1
1180	5	1
1181	5	1
1182	5	1
1183	5	1
1184	5	1
1185	5	1
1186	5	1
1187	5	1
1188	5	1
1189	5	1
1190	5	1
1191	5	1
1192	5	1
1193	5	1
1194	5	1
1195	5	1
1196	5	1
1197	5	1
1198	5	1
1199	5	1
1200	5	1
1201	5	1
1202	5	1
1203	5	1
1204	5	1
1205	5	1
1206	5	1
1207	5	1
1208	5	1
1209	5	1
1210	5	1
1211	5	1
1212	5	1
1213	5	1
1214	5	1
1215	5	1
1216	5	1
1217	5	1
1218	5	1
1219	5	1
1220	5	1
1221	5	1
1222	5	1
1223	5	1
1224	5	1
1225	5	1
1226	5	1
1227	5	1
1228	5	1
1229	5	1
1230	5	1
1231	5	1
1232	5	1
1233	5	1
1234	5	1
1235	5	1
1236	5	1
1237	5	1
1238	5	1
1239	5	1
1240	5	1
1241	5	1
1242	5	1
1243	5	1
1244	5	1
1245	5	1
1246	5	1
1247	5	1
1248	5	1
1249	5	1
1250	5	1
1251	5	1
1252	5	1
1253	5	1
1254	5	1
1255	5	1
1256	5	1
1257	5	1
1258	5	1
1259	5	1
1260	5	1
1261	5	1
1262	5	1
1263	5	1
1264	5	1
1265	5	1
1266	5	1
1267	5	1
1268	5	1
1269	5	1
1270	5	1
1271	5	1
1272	5	1
1273	5	1
1274	5	1
1275	5	1
1276	5	1
1277	5	1
1278	5	1
1279	5	1
1280	5	1
1281	5	1
1282	5	1
1283	5	1
1284	5	1
1285	5	1
1286	5	1
1287	5	1
1288	5	1
1289	5	1
1290	5	1
1291	5	1
1292	5	1
1293	5	1
1294	5	1
1295	5	1
1296	5	1
1297	5	1
1298	5	1
1299	5	1
1300	5	1
1301	5	1
1302	5	1
1303	5	1
1304	5	1
1305	5	1
1306	5	1
1307	5	1
1308	5	1
1309	5	1
1310	5	1
1311	5	1
1312	5	1
1313	5	1
1314	5	1
1315	5	1
1316	5	1
1317	5	1
1318	5	1
1319	5	1
1320	5	1
1321	5	1
1322	5	1
1323	5	1
1324	5	1
1325	5	1
1326	5	1
1327	5	1
1328	5	1
1329	5	1
1330	5	1
1331	5	1
1332	5	1
1333	5	1
1334	5	1
1335	5	1
1336	5	1
1337	5	1
1338	5	1
1339	5	1
1340	5	1
1341	5	1
1342	5	1
1343	5	1
1344	5	1
1345	5	1
1346	5	1
1347	5	1
1348	5	1
1349	5	1
1350	5	1
1351	5	1
1352	5	1
1353	5	1
1354	5	1
1355	5	1
1356	5	1
1357	5	1
1358	5	1
1359	5	1
1360	5	1
1361	5	1
1362	5	1
1363	5	1
1364	6	1
1365	6	1
1366	6	1
1367	6	1
1368	6	1
1369	6	1
1370	6	1
1371	6	1
1372	6	1
1373	6	1
1374	6	1
1375	6	1
1376	6	1
1377	6	1
1378	6	1
1379	6	1
1380	6	1
1381	6	1
1382	6	1
1383	6	1
1384	6	1
1385	6	1
1386	6	1
1387	6	1
1388	6	1
1389	6	1
1390	6	1
1391	6	1
1392	6	1
1393	6	1
1394	6	1
1395	6	1
1396	6	1
1397	6	1
1398	6	1
1399	6	1
1400	6	1
1401	6	1
1402	6	1
1403	6	1
1404	6	1
1405	6	1
1406	6	1
1407	6	1
1408	6	1
1409	6	1
1410	6	1
1411	6	1
1412	6	1
1413	6	1
1414	6	1
1415	6	1
1416	6	1
1417	6	1
1418	6	1
1419	6	1
1420	6	1
1421	6	1
1422	6	1
1423	6	1
1424	6	1
1425	6	1
1426	6	1
1427	6	1
1428	6	1
1429	6	1
1430	6	1
1431	6	1
1432	6	1
1433	6	1
1434	6	1
1435	6	1
1436	6	1
1437	6	1
1438	6	1
1439	6	1
1440	6	1
1441	6	1
1442	6	1
1443	6	1
1444	6	1
1445	6	1
1446	6	1
1447	6	1
1448	6	1
1449	6	1
1450	6	1
1451	6	1
1452	6	1
1453	6	1
1454	6	1
1455	6	1
1456	6	1
1457	6	1
1458	6	1
1459	6	1
1460	6	1
1461	6	1
1462	6	1
1463	6	1
1464	6	1
1465	6	1
1466	6	1
1467	6	1
1468	6	1
1469	6	1
1470	6	1
1471	6	1
1472	6	1
1473	6	1
1474	6	1
1475	6	1
1476	6	1
1477	6	1
1478	6	1
1479	6	1
1480	6	1
1481	6	1
1482	6	1
1483	6	1
1484	6	1
1485	6	1
1486	6	1
1487	6	1
1488	6	1
1489	6	1
1490	6	1
1491	6	1
1492	6	1
1493	6	1
1494	6	1
1495	6	1
1496	6	1
1497	6	1
1498	6	1
1499	6	1
1500	6	1
1501	6	1
1502	6	1
1503	6	1
1504	6	1
1505	6	1
1506	6	1
1507	6	1
1508	6	1
1509	6	1
1510	6	1
1511	6	1
1512	6	1
1513	6	1
1514	6	1
1515	6	1
1516	6	1
1517	6	1
1518	6	1
1519	6	1
1520	6	1
1521	6	1
1522	6	1
1523	6	1
1524	6	1
1525	6	1
1526	6	1
1527	6	1
1528	6	1
1529	6	1
1530	6	1
1531	6	1
1532	6	1
1533	6	1
1534	6	1
1535	6	1
1536	6	1
1537	6	1
1538	6	1
1539	6	1
1540	6	1
1541	6	1
1542	6	1
1543	6	1
1544	6	1
1545	6	1
1546	6	1
1547	6	1
1548	6	1
1549	6	1
1550	6	1
1551	6	1
1552	6	1
1553	6	1
1554	6	1
1555	6	1
1556	6	1
1557	6	1
1558	6	1
1559	6	1
1560	6	1
1561	6	1
1562	6	1
1563	6	1
1564	6	1
1565	6	1
1566	6	1
1567	6	1
1568	6	1
1569	6	1
1570	6	1
1571	6	1
1572	6	1
1573	6	1
1574	6	1
1575	6	1
1576	6	1
1577	6	1
1578	6	1
1579	6	1
1580	6	1
1581	6	1
1582	6	1
1583	6	1
1584	6	1
1585	6	1
1586	6	1
1587	6	1
1588	6	1
1589	6	1
1590	6	1
1591	6	1
1592	6	1
1593	6	1
1594	6	1
1595	6	1
1596	6	1
1597	6	1
1598	6	1
1599	6	1
1600	6	1
1601	6	1
1602	6	1
1603	6	1
1604	6	1
1605	6	1
1606	6	1
1607	6	1
1608	6	1
1609	6	1
1610	6	1
1611	6	1
1612	6	1
1613	6	1
1614	6	1
1615	6	1
1616	6	1
1617	6	1
1618	6	1
1619	6	1
1620	6	1
1621	6	1
1622	6	1
1623	6	1
1624	6	1
1625	6	1
1626	6	1
1627	6	1
1628	6	1
1629	6	1
1630	6	1
1631	6	1
1632	6	1
1633	6	1
1634	6	1
1635	6	1
1636	6	1
1637	6	1
1638	6	1
1639	6	1
1640	6	1
1641	6	1
1642	6	1
1643	6	1
1644	6	1
1645	6	1
1646	6	1
1647	6	1
1648	6	1
1649	6	1
1650	6	1
1651	6	1
1652	6	1
1653	6	1
1654	6	1
1655	6	1
1656	6	1
1657	6	1
1658	6	1
1659	6	1
1660	6	1
1661	6	1
1662	6	1
1663	6	1
1664	6	1
1665	6	1
1666	6	1
1667	6	1
1668	6	1
1669	6	1
1670	6	1
1671	6	1
1672	6	1
1673	6	1
1674	6	1
1675	6	1
1676	6	1
1677	6	1
1678	6	1
1679	6	1
1680	6	1
1681	6	1
1682	6	1
1683	6	1
1684	6	1
1685	6	1
1686	6	1
1687	6	1
1688	6	1
1689	6	1
1690	6	1
1691	6	1
1692	6	1
1693	6	1
1694	6	1
1695	6	1
1696	6	1
1697	6	1
1698	6	1
1699	6	1
1700	6	1
1701	6	1
1702	6	1
1703	6	1
1704	6	1
1705	6	1
1706	6	1
1707	6	1
1708	6	1
1709	6	1
1710	6	1
1711	6	1
1712	6	1
1713	6	1
1714	6	1
1715	6	1
1716	6	1
1717	6	1
1718	6	1
1719	6	1
1720	6	1
1721	6	1
1722	6	1
1723	6	1
1724	6	1
1725	6	1
1726	6	1
1727	6	1
1728	6	1
1729	6	1
1730	6	1
1731	6	1
1732	6	1
1733	6	1
1734	6	1
1735	6	1
1736	6	1
1737	6	1
1738	6	1
1739	6	1
1740	6	1
1741	6	1
1742	6	1
1743	6	1
1744	6	1
1745	6	1
1746	6	1
1747	6	1
1748	6	1
1749	6	1
1750	6	1
1751	6	1
1752	6	1
1753	6	1
1754	6	1
1755	6	1
1756	6	1
1757	6	1
1758	6	1
1759	6	1
1760	6	1
1761	6	1
1762	6	1
1763	6	1
1764	6	1
1765	6	1
1766	6	1
1767	6	1
1768	6	1
1769	6	1
1770	6	1
1771	6	1
1772	6	1
1773	6	1
1774	6	1
1775	6	1
1776	6	1
1777	6	1
1778	6	1
1779	6	1
1780	6	1
1781	6	1
1782	6	1
1783	6	1
1784	6	1
1785	6	1
1786	6	1
1787	6	1
1788	6	1
1789	6	1
1790	6	1
1791	6	1
1792	6	1
1793	6	1
1794	6	1
1795	6	1
1796	6	1
1797	6	1
1798	6	1
1799	6	1
1800	6	1
1801	6	1
1802	6	1
1803	6	1
1804	6	1
1805	6	1
1806	6	1
1807	6	1
1808	6	1
1809	6	1
1810	6	1
1811	6	1
1812	6	1
1813	6	1
1814	6	1
1815	6	1
1816	6	1
1817	6	1
1818	6	1
1819	6	1
1820	6	1
1821	6	1
1822	6	1
1823	6	1
1824	6	1
1825	6	1
1826	6	1
1827	6	1
1828	6	1
1829	6	1
1830	6	1
1831	6	1
1832	6	1
1833	6	1
1834	6	1
1835	6	1
1836	6	1
1837	6	1
1838	6	1
1839	6	1
1840	6	1
1841	6	1
1842	6	1
1843	6	1
1844	6	1
1845	6	1
1846	6	1
1847	6	1
1848	6	1
1849	6	1
1850	6	1
1851	6	1
1852	6	1
1853	6	1
1854	6	1
1855	6	1
1856	6	1
1857	6	1
1858	6	1
1859	6	1
1860	6	1
1861	6	1
1862	6	1
1863	6	1
1864	6	1
1865	6	1
1866	6	1
1867	6	1
1868	6	1
1869	6	1
1870	6	1
1871	6	1
1872	6	1
1873	6	1
1874	6	1
1875	6	1
1876	6	1
1877	6	1
1878	6	1
1879	6	1
1880	6	1
1881	6	1
1882	6	1
1883	6	1
1884	6	1
1885	6	1
1886	6	1
1887	6	1
1888	6	1
1889	6	1
1890	6	1
1891	6	1
1892	6	1
1893	6	1
1894	6	1
1895	6	1
1896	6	1
1897	6	1
1898	6	1
1899	6	1
1900	6	1
1901	6	1
1902	6	1
1903	6	1
1904	6	1
1905	6	1
1906	6	1
1907	6	1
1908	6	1
1909	6	1
1910	7	1
1911	7	1
1912	7	1
1913	7	1
1914	7	1
1915	7	1
1916	7	1
1917	7	1
1918	7	1
1919	7	1
1920	7	1
1921	7	1
1922	7	1
1923	7	1
1924	7	1
1925	7	1
1926	7	1
1927	7	1
1928	7	1
1929	7	1
1930	7	1
1931	7	1
1932	7	1
1933	7	1
1934	7	1
1935	7	1
1936	7	1
1937	7	1
1938	7	1
1939	7	1
1940	7	1
1941	7	1
1942	7	1
1943	7	1
1944	7	1
1945	7	1
1946	7	1
1947	7	1
1948	7	1
1949	7	1
1950	7	1
1951	7	1
1952	7	1
1953	7	1
1954	7	1
1955	7	1
1956	7	1
1957	7	1
1958	7	1
1959	7	1
1960	7	1
1961	7	1
1962	7	1
1963	7	1
1964	7	1
1965	7	1
1966	7	1
1967	7	1
1968	7	1
1969	7	1
1970	7	1
1971	7	1
1972	7	1
1973	7	1
1974	7	1
1975	7	1
1976	7	1
1977	7	1
1978	7	1
1979	7	1
1980	7	1
1981	7	1
1982	7	1
1983	7	1
1984	7	1
1985	7	1
1986	7	1
1987	7	1
1988	7	1
1989	7	1
1990	7	1
1991	7	1
1992	7	1
1993	7	1
1994	7	1
1995	7	1
1996	7	1
1997	7	1
1998	7	1
1999	7	1
2000	7	1
2001	7	1
2002	7	1
2003	7	1
2004	7	1
2005	7	1
2006	7	1
2007	7	1
2008	7	1
2009	7	1
2010	7	1
2011	7	1
2012	7	1
2013	7	1
2014	7	1
2015	7	1
2016	7	1
2017	7	1
2018	7	1
2019	7	1
2020	7	1
2021	7	1
2022	7	1
2023	7	1
2024	7	1
2025	7	1
2026	7	1
2027	7	1
2028	7	1
2029	7	1
2030	7	1
2031	7	1
2032	7	1
2033	7	1
2034	7	1
2035	7	1
2036	7	1
2037	7	1
2038	7	1
2039	7	1
2040	7	1
2041	7	1
2042	7	1
2043	7	1
2044	7	1
2045	7	1
2046	7	1
2047	7	1
2048	7	1
2049	7	1
2050	7	1
2051	7	1
2052	7	1
2053	7	1
2054	7	1
2055	7	1
2056	7	1
2057	7	1
2058	7	1
2059	7	1
2060	7	1
2061	7	1
2062	7	1
2063	7	1
2064	7	1
2065	7	1
2066	7	1
2067	7	1
2068	7	1
2069	7	1
2070	7	1
2071	7	1
2072	7	1
2073	7	1
2074	7	1
2075	7	1
2076	7	1
2077	7	1
2078	7	1
2079	7	1
2080	7	1
2081	7	1
2082	7	1
2083	7	1
2084	7	1
2085	7	1
2086	7	1
2087	7	1
2088	7	1
2089	7	1
2090	7	1
2091	7	1
2092	7	1
2093	7	1
2094	7	1
2095	7	1
2096	7	1
2097	7	1
2098	7	1
2099	7	1
2100	7	1
2101	7	1
2102	7	1
2103	7	1
2104	7	1
2105	7	1
2106	7	1
2107	7	1
2108	7	1
2109	7	1
2110	7	1
2111	7	1
2112	7	1
2113	7	1
2114	7	1
2115	7	1
2116	7	1
2117	7	1
2118	7	1
2119	7	1
2120	7	1
2121	7	1
2122	7	1
2123	7	1
2124	7	1
2125	7	1
2126	7	1
2127	7	1
2128	8	1
2129	8	1
2130	8	1
2131	8	1
2132	8	1
2133	8	1
2134	8	1
2135	8	1
2136	8	1
2137	8	1
2138	8	1
2139	8	1
2140	8	1
2141	8	1
2142	8	1
2143	8	1
2144	8	1
2145	8	1
2146	8	1
2147	8	1
2148	8	1
2149	8	1
2150	8	1
2151	8	1
2152	8	1
2153	8	1
2154	8	1
2155	8	1
2156	8	1
2157	8	1
2158	8	1
2159	8	1
2160	8	1
2161	8	1
2162	8	1
2163	8	1
2164	8	1
2165	8	1
2166	8	1
2167	8	1
2168	8	1
2169	8	1
2170	8	1
2171	8	1
2172	8	1
2173	8	1
2174	8	1
2175	8	1
2176	8	1
2177	8	1
2178	8	1
2179	8	1
2180	8	1
2181	8	1
2182	8	1
2183	8	1
2184	8	1
2185	8	1
2186	8	1
2187	8	1
2188	8	1
2189	8	1
2190	8	1
2191	8	1
2192	8	1
2193	8	1
2194	8	1
2195	8	1
2196	8	1
2197	8	1
2198	8	1
2199	8	1
2200	8	1
2201	8	1
2202	8	1
2203	8	1
2204	8	1
2205	8	1
2206	8	1
2207	8	1
2208	9	1
2209	9	1
2210	9	1
2211	9	1
2212	9	1
2213	9	1
2214	9	1
2215	9	1
2216	9	1
2217	9	1
2218	9	1
2219	9	1
2220	9	1
2221	9	1
2222	9	1
2223	9	1
2224	9	1
2225	9	1
2226	9	1
2227	9	1
2228	9	1
2229	9	1
2230	9	1
2231	9	1
2232	9	1
2233	9	1
2234	9	1
2235	9	1
2236	9	1
2237	9	1
2238	9	1
2239	9	1
2240	9	1
2241	9	1
2242	9	1
2243	9	1
2244	9	1
2245	9	1
2246	9	1
2247	9	1
2248	9	1
2249	9	1
2250	9	1
2251	9	1
2252	9	1
2253	9	1
2254	9	1
2255	9	1
2256	9	1
2257	9	1
2258	9	1
2259	9	1
2260	9	1
2261	9	1
2262	9	1
2263	9	1
2264	9	1
2265	9	1
2266	9	1
2267	9	1
2268	9	1
2269	9	1
2270	9	1
2271	9	1
2272	9	1
2273	9	1
2274	9	1
2275	9	1
2276	9	1
2277	9	1
2278	9	1
2279	9	1
2280	9	1
2281	9	1
2282	9	1
2283	9	1
2284	9	1
2285	9	1
2286	9	1
2287	9	1
2288	9	1
2289	9	1
2290	9	1
2291	9	1
2292	9	1
2293	9	1
2294	9	1
2295	9	1
2296	9	1
2297	9	1
2298	9	1
2299	9	1
2300	9	1
2301	9	1
2302	9	1
2303	9	1
2304	9	1
2305	9	1
2306	9	1
2307	9	1
2308	9	1
2309	9	1
2310	9	1
2311	9	1
2312	9	1
2313	9	1
2314	9	1
2315	9	1
2316	9	1
2317	9	1
2318	9	1
2319	9	1
2320	9	1
2321	9	1
2322	9	1
2323	9	1
2324	9	1
2325	9	1
2326	9	1
2327	9	1
2328	9	1
2329	9	1
2330	9	1
2331	9	1
2332	9	1
2333	9	1
2334	9	1
2335	9	1
2336	9	1
2337	9	1
2338	9	1
2339	9	1
2340	9	1
2341	9	1
2342	9	1
2343	9	1
2344	9	1
2345	9	1
2346	9	1
2347	9	1
2348	9	1
2349	9	1
2350	9	1
2351	9	1
2352	9	1
2353	9	1
2354	9	1
2355	9	1
2356	9	1
2357	9	1
2358	9	1
2359	9	1
2360	9	1
2361	9	1
2362	9	1
2363	9	1
2364	9	1
2365	9	1
2366	9	1
2367	9	1
2368	9	1
2369	9	1
2370	9	1
2371	9	1
2372	9	1
2373	9	1
2374	9	1
2375	9	1
2376	9	1
2377	10	1
2378	10	1
2379	10	1
2380	10	1
2381	10	1
2382	10	1
2383	10	1
2384	10	1
2385	10	1
2386	10	1
2387	10	1
2388	10	1
2389	10	1
2390	10	1
2391	10	1
2392	10	1
2393	10	1
2394	10	1
2395	10	1
2396	10	1
2397	10	1
2398	10	1
2399	10	1
2400	10	1
2401	10	1
2402	10	1
2403	10	1
2404	10	1
2405	10	1
2406	10	1
2407	10	1
2408	10	1
2409	10	1
2410	10	1
2411	10	1
2412	10	1
2413	10	1
2414	10	1
2415	10	1
2416	10	1
2417	10	1
2418	10	1
2419	10	1
2420	10	1
2421	10	1
2422	10	1
2423	10	1
2424	10	1
2425	10	1
2426	10	1
2427	10	1
2428	10	1
2429	10	1
2430	10	1
2431	10	1
2432	10	1
2433	10	1
2434	10	1
2435	10	1
2436	10	1
2437	10	1
2438	10	1
2439	10	1
2440	10	1
2441	10	1
2442	10	1
2443	10	1
2444	10	1
2445	10	1
2446	10	1
2447	10	1
2448	10	1
2449	10	1
2450	10	1
2451	10	1
2452	10	1
2453	10	1
2454	10	1
2455	11	1
2456	11	1
2457	11	1
2458	11	1
2459	11	1
2460	11	1
2461	11	1
2462	11	1
2463	11	1
2464	11	1
2465	11	1
2466	11	1
2467	11	1
2468	11	1
2469	11	1
2470	11	1
2471	11	1
2472	11	1
2473	11	1
2474	11	1
2475	11	1
2476	11	1
2477	11	1
2478	11	1
2479	11	1
2480	11	1
2481	11	1
2482	11	1
2483	11	1
2484	11	1
2485	11	1
2486	11	1
2487	11	1
2488	11	1
2489	11	1
2490	11	1
2491	11	1
2492	11	1
2493	11	1
2494	11	1
2495	11	1
2496	11	1
2497	11	1
2498	11	1
2499	11	1
2500	11	1
2501	11	1
2502	11	1
2503	11	1
2504	11	1
2505	11	1
2506	11	1
2507	11	1
2508	11	1
2509	11	1
2510	11	1
2511	11	1
2512	11	1
2513	11	1
2514	11	1
2515	11	1
2516	11	1
2517	11	1
2518	11	1
2519	11	1
2520	11	1
2521	11	1
2522	11	1
2523	11	1
2524	11	1
2525	11	1
2526	11	1
2527	11	1
2528	11	1
2529	11	1
2530	11	1
2531	11	1
2532	11	1
2533	11	1
2534	11	1
2535	11	1
2536	11	1
2537	11	1
2538	11	1
2539	11	1
2540	11	1
2541	11	1
2542	11	1
2543	11	1
2544	11	1
2545	11	1
2546	11	1
2547	11	1
2548	11	1
2549	11	1
2550	11	1
2551	11	1
2552	11	1
2553	11	1
2554	11	1
2555	11	1
2556	11	1
2557	11	1
2558	11	1
2559	11	1
2560	11	1
2561	11	1
2562	11	1
2563	11	1
2564	11	1
2565	11	1
2566	11	1
2567	11	1
2568	11	1
2569	11	1
2570	11	1
2571	11	1
2572	11	1
2573	11	1
2574	11	1
2575	11	1
2576	11	1
2577	11	1
2578	11	1
2579	11	1
2580	11	1
2581	11	1
2582	11	1
2583	11	1
2584	11	1
2585	11	1
2586	11	1
2587	11	1
2588	11	1
2589	11	1
2590	11	1
2591	11	1
2592	11	1
2593	11	1
2594	11	1
2595	11	1
2596	11	1
2597	11	1
2598	11	1
2599	11	1
2600	11	1
2601	11	1
2602	11	1
2603	11	1
2604	11	1
2605	11	1
2606	11	1
2607	11	1
2608	11	1
2609	11	1
2610	11	1
2611	11	1
2612	11	1
2613	11	1
2614	11	1
2615	11	1
2616	11	1
2617	11	1
2618	11	1
2619	11	1
2620	11	1
2621	11	1
2622	11	1
2623	11	1
2624	11	1
2625	11	1
2626	11	1
2627	11	1
2628	11	1
2629	11	1
2630	11	1
2631	11	1
2632	11	1
2633	11	1
2634	11	1
2635	11	1
2636	11	1
2637	11	1
2638	11	1
2639	11	1
2640	11	1
2641	11	1
2642	11	1
2643	11	1
2644	11	1
2645	11	1
2646	11	1
2647	11	1
2648	11	1
2649	11	1
2650	11	1
2651	11	1
2652	11	1
2653	11	1
2654	11	1
2655	11	1
2656	11	1
2657	11	1
2658	11	1
2659	11	1
2660	11	1
2661	11	1
2662	11	1
2663	11	1
2664	11	1
2665	11	1
2666	11	1
2667	11	1
2668	11	1
2669	11	1
2670	11	1
2671	11	1
2672	11	1
2673	11	1
2674	11	1
2675	11	1
2676	11	1
2677	11	1
2678	11	1
2679	11	1
2680	11	1
2681	11	1
2682	11	1
2683	11	1
2684	11	1
2685	11	1
2686	11	1
2687	11	1
2688	11	1
2689	11	1
2690	11	1
2691	11	1
2692	11	1
2693	11	1
2694	11	1
2695	11	1
2696	11	1
2697	11	1
2698	11	1
2699	11	1
2700	11	1
2701	11	1
2702	11	1
2703	11	1
2704	11	1
2705	11	1
2706	11	1
2707	11	1
2708	11	1
2709	11	1
2710	11	1
2711	11	1
2712	12	1
2713	12	1
2714	12	1
2715	12	1
2716	12	1
2717	12	1
2718	12	1
2719	12	1
2720	12	1
2721	12	1
2722	12	1
2723	12	1
2724	12	1
2725	12	1
2726	12	1
2727	12	1
2728	12	1
2729	12	1
2730	12	1
2731	12	1
2732	12	1
2733	12	1
2734	12	1
2735	12	1
2736	12	1
2737	12	1
2738	12	1
2739	12	1
2740	12	1
2741	12	1
2742	12	1
2743	12	1
2744	12	1
2745	12	1
2746	12	1
2747	12	1
2748	12	1
2749	12	1
2750	12	1
2751	12	1
2752	12	1
2753	12	1
2754	12	1
2755	12	1
2756	12	1
2757	12	1
2758	12	1
2759	12	1
2760	12	1
2761	12	1
2762	12	1
2763	12	1
2764	12	1
2765	12	1
2766	12	1
2767	12	1
2768	12	1
2769	12	1
2770	12	1
2771	12	1
2772	12	1
2773	12	1
2774	12	1
2775	12	1
2776	12	1
2777	12	1
2778	12	1
2779	12	1
2780	12	1
2781	12	1
2782	12	1
2783	12	1
2784	12	1
2785	12	1
2786	12	1
2787	12	1
2788	12	1
2789	12	1
2790	12	1
2791	12	1
2792	12	1
2793	12	1
2794	12	1
2795	12	1
2796	12	1
2797	12	1
2798	12	1
2799	12	1
2800	12	1
2801	12	1
2802	12	1
2803	12	1
2804	12	1
2805	12	1
2806	12	1
2807	12	1
2808	12	1
2809	12	1
2810	12	1
2811	12	1
2812	12	1
2813	12	1
2814	12	1
2815	12	1
2816	12	1
2817	12	1
2818	12	1
2819	12	1
2820	12	1
2821	12	1
2822	12	1
2823	12	1
2824	12	1
2825	12	1
2826	12	1
2827	12	1
2828	12	1
2829	12	1
2830	12	1
2831	12	1
2832	12	1
2833	12	1
2834	12	1
2835	12	1
2836	12	1
2837	12	1
2838	12	1
2839	12	1
2840	12	1
2841	12	1
2842	12	1
2843	12	1
2844	12	1
2845	12	1
2846	12	1
2847	12	1
2848	12	1
2849	12	1
2850	12	1
2851	12	1
2852	12	1
2853	12	1
2854	12	1
2855	12	1
2856	12	1
2857	12	1
2858	12	1
2859	12	1
2860	12	1
2861	12	1
2862	12	1
2863	12	1
2864	12	1
2865	12	1
2866	12	1
2867	12	1
2868	12	1
2869	12	1
2870	12	1
2871	12	1
2872	12	1
2873	12	1
2874	12	1
2875	12	1
2876	12	1
2877	12	1
2878	12	1
2879	12	1
2880	12	1
2881	12	1
2882	12	1
2883	12	1
2884	12	1
2885	12	1
2886	12	1
2887	12	1
2888	12	1
2889	12	1
2890	12	1
2891	12	1
2892	12	1
2893	12	1
2894	12	1
2895	12	1
2896	12	1
2897	12	1
2898	12	1
2899	12	1
2900	12	1
2901	12	1
2902	12	1
2903	12	1
2904	12	1
2905	12	1
2906	12	1
2907	12	1
2908	12	1
2909	12	1
2910	12	1
2911	12	1
2912	12	1
2913	12	1
2914	12	1
2915	12	1
2916	12	1
2917	12	1
2918	12	1
2919	12	1
2920	12	1
2921	12	1
2922	12	1
2923	12	1
2924	12	1
2925	12	1
2926	12	1
2927	12	1
2928	12	1
2929	12	1
2930	12	1
2931	12	1
2932	12	1
2933	12	1
2934	12	1
2935	12	1
2936	12	1
2937	12	1
2938	12	1
2939	12	1
2940	12	1
2941	12	1
2942	12	1
2943	12	1
2944	12	1
2945	12	1
2946	12	1
2947	12	1
2948	12	1
2949	12	1
2950	12	1
2951	13	1
2952	13	1
2953	13	1
2954	13	1
2955	13	1
2956	13	1
2957	13	1
2958	13	1
2959	13	1
2960	13	1
2961	13	1
2962	13	1
2963	13	1
2964	13	1
2965	13	1
2966	13	1
2967	13	1
2968	13	1
2969	13	1
2970	13	1
2971	13	1
2972	13	1
2973	13	1
2974	13	1
2975	13	1
2976	13	1
2977	13	1
2978	13	1
2979	13	1
2980	13	1
2981	13	1
2982	13	1
2983	13	1
2984	13	1
2985	13	1
2986	13	1
2987	13	1
2988	13	1
2989	13	1
2990	13	1
2991	13	1
2992	13	1
2993	13	1
2994	13	1
2995	13	1
2996	13	1
2997	13	1
2998	13	1
2999	13	1
3000	13	1
3001	13	1
3002	13	1
3003	13	1
3004	13	1
3005	13	1
3006	13	1
3007	13	1
3008	13	1
3009	13	1
3010	13	1
3011	13	1
3012	13	1
3013	13	1
3014	13	1
3015	13	1
3016	13	1
3017	13	1
3018	13	1
3019	13	1
3020	13	1
3021	13	1
3022	13	1
3023	13	1
3024	13	1
3025	13	1
3026	13	1
3027	13	1
3028	13	1
3029	13	1
3030	13	1
3031	13	1
3032	13	1
3033	13	1
3034	13	1
3035	13	1
3036	13	1
3037	13	1
3038	13	1
3039	13	1
3040	13	1
3041	13	1
3042	13	1
3043	13	1
3044	13	1
3045	13	1
3046	13	1
3047	13	1
3048	13	1
3049	13	1
3050	13	1
3051	13	1
3052	13	1
3053	13	1
3054	13	1
3055	13	1
3056	13	1
3057	13	1
3058	13	1
3059	13	1
3060	13	1
3061	13	1
3062	13	1
3063	13	1
3064	13	1
3065	13	1
3066	13	1
3067	13	1
3068	13	1
3069	13	1
3070	13	1
3071	13	1
3072	13	1
3073	13	1
3074	13	1
3075	13	1
3076	13	1
3077	13	1
3078	13	1
3079	13	1
3080	13	1
3081	13	1
3082	13	1
3083	13	1
3084	13	1
3085	13	1
3086	13	1
3087	13	1
3088	13	1
3089	13	1
3090	13	1
3091	13	1
3092	13	1
3093	13	1
3094	13	1
3095	13	1
3096	13	1
3097	13	1
3098	13	1
3099	13	1
3100	13	1
3101	13	1
3102	13	1
3103	13	1
3104	13	1
3105	13	1
3106	13	1
3107	13	1
3108	13	1
3109	13	1
3110	13	1
3111	13	1
3112	13	1
3113	13	1
3114	13	1
3115	13	1
3116	13	1
3117	13	1
3118	13	1
3119	13	1
3120	13	1
3121	13	1
3122	13	1
3123	13	1
3124	13	1
3125	13	1
3126	13	1
3127	13	1
3128	13	1
3129	13	1
3130	13	1
3131	13	1
3132	13	1
3133	13	1
3134	13	1
3135	13	1
3136	13	1
3137	13	1
3138	13	1
3139	13	1
3140	13	1
3141	13	1
3142	13	1
3143	13	1
3144	13	1
3145	13	1
3146	13	1
3147	13	1
3148	13	1
3149	13	1
3150	13	1
3151	13	1
3152	13	1
3153	13	1
3154	13	1
3155	13	1
3156	13	1
3157	13	1
3158	13	1
3159	13	1
3160	13	1
3161	13	1
3162	13	1
3163	13	1
3164	13	1
3165	13	1
3166	13	1
3167	13	1
3168	13	1
3169	13	1
3170	13	1
3171	13	1
3172	13	1
3173	13	1
3174	13	1
3175	13	1
3176	13	1
3177	13	1
3178	13	1
3179	13	1
3180	13	1
3181	13	1
3182	13	1
3183	13	1
3184	13	1
3185	13	1
3186	13	1
3187	13	1
3188	13	1
3189	13	1
3190	13	1
3191	13	1
3192	13	1
3193	13	1
3194	13	1
3195	13	1
3196	13	1
3197	13	1
3198	13	1
3199	13	1
3200	13	1
3201	13	1
3202	13	1
3203	13	1
3204	13	1
3205	13	1
3206	13	1
3207	13	1
3208	13	1
3209	13	1
3210	13	1
3211	13	1
3212	13	1
3213	13	1
3214	13	1
3215	13	1
3216	13	1
3217	13	1
3218	13	1
3219	13	1
3220	13	1
3221	13	1
3222	14	1
3223	14	1
3224	14	1
3225	14	1
3226	14	1
3227	14	1
3228	14	1
3229	14	1
3230	14	1
3231	14	1
3232	14	1
3233	14	1
3234	14	1
3235	14	1
3236	14	1
3237	14	1
3238	14	1
3239	14	1
3240	14	1
3241	14	1
3242	14	1
3243	14	1
3244	14	1
3245	14	1
3246	14	1
3247	14	1
3248	14	1
3249	14	1
3250	14	1
3251	14	1
3252	14	1
3253	14	1
3254	14	1
3255	14	1
3256	14	1
3257	14	1
3258	14	1
3259	14	1
3260	14	1
3261	14	1
3262	14	1
3263	14	1
3264	14	1
3265	14	1
3266	14	1
3267	14	1
3268	14	1
3269	14	1
3270	14	1
3271	14	1
3272	14	1
3273	14	1
3274	14	1
3275	14	1
3276	14	1
3277	14	1
3278	14	1
3279	14	1
3280	14	1
3281	14	1
3282	14	1
3283	14	1
3284	14	1
3285	14	1
3286	14	1
3287	14	1
3288	14	1
3289	14	1
3290	14	1
3291	14	1
3292	14	1
3293	14	1
3294	14	1
3295	14	1
3296	14	1
3297	14	1
3298	14	1
3299	14	1
3300	14	1
3301	14	1
3302	14	1
3303	14	1
3304	14	1
3305	14	1
3306	14	1
3307	14	1
3308	14	1
3309	14	1
3310	14	1
3311	14	1
3312	14	1
3313	14	1
3314	14	1
3315	14	1
3316	14	1
3317	14	1
3318	14	1
3319	14	1
3320	14	1
3321	14	1
3322	14	1
3323	14	1
3324	14	1
3325	14	1
3326	14	1
3327	14	1
3328	14	1
3329	14	1
3330	14	1
3331	14	1
3332	14	1
3333	14	1
3334	14	1
3335	14	1
3336	14	1
3337	14	1
3338	14	1
3339	14	1
3340	14	1
3341	14	1
3342	14	1
3343	14	1
3344	14	1
3345	14	1
3346	14	1
3347	14	1
3348	14	1
3349	14	1
3350	14	1
3351	14	1
3352	14	1
3353	14	1
3354	14	1
3355	14	1
3356	14	1
3357	14	1
3358	14	1
3359	14	1
3360	14	1
3361	14	1
3362	14	1
3363	14	1
3364	14	1
3365	14	1
3366	14	1
3367	14	1
3368	14	1
3369	14	1
3370	14	1
3371	14	1
3372	14	1
3373	14	1
3374	14	1
3375	14	1
3376	14	1
3377	14	1
3378	14	1
3379	14	1
3380	14	1
3381	14	1
3382	14	1
3383	14	1
3384	14	1
3385	14	1
3386	14	1
3387	14	1
3388	14	1
3389	14	1
3390	14	1
3391	14	1
3392	14	1
3393	14	1
3394	14	1
3395	14	1
3396	14	1
3397	14	1
3398	14	1
3399	14	1
3400	14	1
3401	14	1
3402	14	1
3403	14	1
3404	14	1
3405	14	1
3406	14	1
3407	14	1
3408	14	1
3409	14	1
3410	14	1
3411	14	1
3412	14	1
3413	14	1
3414	14	1
3415	14	1
3416	14	1
3417	14	1
3418	14	1
3419	14	1
3420	14	1
3421	14	1
3422	14	1
3423	14	1
3424	14	1
3425	14	1
3426	14	1
3427	14	1
3428	14	1
3429	14	1
3430	14	1
3431	14	1
3432	14	1
3433	14	1
3434	14	1
3435	14	1
3436	14	1
3437	14	1
3438	14	1
3439	14	1
3440	14	1
3441	14	1
3442	14	1
3443	14	1
3444	14	1
3445	14	1
3446	14	1
3447	14	1
3448	14	1
3449	14	1
3450	14	1
3451	14	1
3452	14	1
3453	14	1
3454	14	1
3455	14	1
3456	14	1
3457	14	1
3458	14	1
3459	14	1
3460	14	1
3461	14	1
3462	14	1
3463	14	1
3464	14	1
3465	14	1
3466	14	1
3467	14	1
3468	14	1
3469	14	1
3470	14	1
3471	15	1
3472	15	1
3473	15	1
3474	15	1
3475	15	1
3476	15	1
3477	15	1
3478	15	1
3479	15	1
3480	15	1
3481	15	1
3482	15	1
3483	15	1
3484	15	1
3485	15	1
3486	15	1
3487	15	1
3488	15	1
3489	15	1
3490	15	1
3491	15	1
3492	15	1
3493	15	1
3494	15	1
3495	15	1
3496	15	1
3497	15	1
3498	15	1
3499	15	1
3500	15	1
3501	15	1
3502	15	1
3503	15	1
3504	15	1
3505	15	1
3506	15	1
3507	15	1
3508	15	1
3509	16	1
3510	16	1
3511	16	1
3512	16	1
3513	16	1
3514	16	1
3515	16	1
3516	16	1
3517	16	1
3518	16	1
3519	16	1
3520	16	1
3521	16	1
3522	16	1
3523	16	1
3524	16	1
3525	16	1
3526	16	1
3527	16	1
3528	16	1
3529	16	1
3530	16	1
3531	16	1
3532	16	1
3533	16	1
3534	16	1
3535	16	1
3536	16	1
3537	16	1
3538	16	1
3539	16	1
3540	16	1
3541	16	1
3542	16	1
3543	16	1
3544	16	1
3545	16	1
3546	16	1
3547	16	1
3548	16	1
3549	16	1
3550	16	1
3551	16	1
3552	16	1
3553	16	1
3554	16	1
3555	16	1
3556	16	1
3557	16	1
3558	16	1
3559	16	1
3560	17	1
3561	17	1
3562	17	1
3563	17	1
3564	17	1
3565	17	1
3566	17	1
3567	17	1
3568	17	1
3569	17	1
3570	17	1
3571	17	1
3572	17	1
3573	17	1
3574	17	1
3575	17	1
3576	17	1
3577	17	1
3578	17	1
3579	17	1
3580	17	1
3581	17	1
3582	17	1
3583	17	1
3584	17	1
3585	17	1
3586	17	1
3587	17	1
3588	17	1
3589	17	1
3590	17	1
3591	17	1
3592	17	1
3593	17	1
3594	17	1
3595	17	1
3596	17	1
3597	17	1
3598	17	1
3599	17	1
3600	17	1
3601	17	1
3602	17	1
3603	17	1
3604	17	1
3605	17	1
3606	17	1
3607	17	1
3608	17	1
3609	17	1
3610	17	1
3611	17	1
3612	17	1
3613	17	1
3614	17	1
3615	17	1
3616	17	1
3617	17	1
3618	17	1
3619	17	1
3620	17	1
3621	17	1
3622	17	1
3623	17	1
3624	17	1
3625	17	1
3626	17	1
3627	17	1
3628	17	1
3629	17	1
3630	17	1
3631	17	1
3632	17	1
3633	17	1
3634	17	1
3635	17	1
3636	17	1
3637	17	1
3638	17	1
3639	17	1
3640	17	1
3641	17	1
3642	17	1
3643	17	1
3644	17	1
3645	17	1
3646	17	1
3647	17	1
3648	17	1
3649	17	1
3650	17	1
3651	17	1
3652	17	1
3653	17	1
3654	17	1
3655	17	1
3656	17	1
3657	17	1
3658	17	1
3659	17	1
3660	17	1
3661	17	1
3662	17	1
3663	17	1
3664	17	1
3665	17	1
3666	17	1
3667	17	1
3668	17	1
3669	17	1
3670	17	1
3671	17	1
3672	17	1
3673	17	1
3674	17	1
3675	17	1
3676	17	1
3677	17	1
3678	17	1
3679	17	1
3680	17	1
3681	17	1
3682	17	1
3683	17	1
3684	17	1
3685	17	1
3686	17	1
3687	17	1
3688	17	1
3689	17	1
3690	17	1
3691	17	1
3692	17	1
3693	17	1
3694	17	1
3695	17	1
3696	17	1
3697	17	1
3698	17	1
3699	17	1
3700	17	1
3701	17	1
3702	17	1
3703	17	1
3704	17	1
3705	17	1
3706	17	1
3707	17	1
3708	17	1
3709	17	1
3710	17	1
3711	17	1
3712	17	1
3713	17	1
3714	17	1
3715	17	1
3716	17	1
3717	17	1
3718	17	1
3719	17	1
3720	17	1
3721	17	1
3722	17	1
3723	17	1
3724	17	1
3725	17	1
3726	17	1
3727	17	1
3728	17	1
3729	17	1
3730	17	1
3731	17	1
3732	17	1
3733	17	1
3734	17	1
3735	17	1
3736	17	1
3737	17	1
3738	17	1
3739	17	1
3740	17	1
3741	17	1
3742	17	1
3743	17	1
3744	17	1
3745	17	1
3746	17	1
3747	17	1
3748	17	1
3749	17	1
3750	17	1
3751	17	1
3752	17	1
3753	17	1
3754	17	1
3755	17	1
3756	18	1
3757	18	1
3758	18	1
3759	18	1
3760	18	1
3761	18	1
3762	18	1
3763	18	1
3764	18	1
3765	18	1
3766	18	1
3767	18	1
3768	18	1
3769	18	1
3770	18	1
3771	18	1
3772	18	1
3773	18	1
3774	18	1
3775	18	1
3776	18	1
3777	18	1
3778	18	1
3779	18	1
3780	18	1
3781	18	1
3782	18	1
3783	18	1
3784	18	1
3785	18	1
3786	18	1
3787	18	1
3788	18	1
3789	18	1
3790	18	1
3791	18	1
3792	18	1
3793	18	1
3794	18	1
3795	18	1
3796	18	1
3797	18	1
3798	18	1
3799	18	1
3800	18	1
3801	18	1
3802	18	1
3803	18	1
3804	18	1
3805	18	1
3806	18	1
3807	18	1
3808	18	1
3809	18	1
3810	18	1
3811	18	1
3812	18	1
3813	18	1
3814	18	1
3815	18	1
3816	18	1
3817	18	1
3818	18	1
3819	18	1
3820	18	1
3821	18	1
3822	18	1
3823	18	1
3824	18	1
3825	18	1
3826	18	1
3827	18	1
3828	18	1
3829	18	1
3830	18	1
3831	18	1
3832	18	1
3833	18	1
3834	18	1
3835	18	1
3836	18	1
3837	18	1
3838	18	1
3839	18	1
3840	18	1
3841	18	1
3842	18	1
3843	18	1
3844	19	1
3845	19	1
3846	19	1
3847	19	1
3848	19	1
3849	19	1
3850	19	1
3851	19	1
3852	19	1
3853	19	1
3854	19	1
3855	19	1
3856	19	1
3857	19	1
3858	19	1
3859	19	1
3860	19	1
3861	19	1
3862	19	1
3863	19	1
3864	19	1
3865	19	1
3866	19	1
3867	19	1
3868	19	1
3869	19	1
3870	19	1
3871	19	1
3872	19	1
3873	19	1
3874	19	1
3875	19	1
3876	19	1
3877	19	1
3878	19	1
3879	19	1
3880	19	1
3881	19	1
3882	19	1
3883	19	1
3884	19	1
3885	19	1
3886	19	1
3887	19	1
3888	19	1
3889	19	1
3890	19	1
3891	19	1
3892	19	1
3893	19	1
3894	19	1
3895	19	1
3896	19	1
3897	19	1
3898	19	1
3899	19	1
3900	19	1
3901	19	1
3902	19	1
3903	19	1
3904	19	1
3905	19	1
3906	19	1
3907	19	1
3908	19	1
3909	19	1
3910	19	1
3911	19	1
3912	19	1
3913	19	1
3914	19	1
3915	19	1
3916	19	1
3917	19	1
3918	19	1
3919	19	1
3920	19	1
3921	19	1
3922	19	1
3923	19	1
3924	19	1
3925	19	1
3926	19	1
3927	19	1
3928	19	1
3929	19	1
3930	19	1
3931	19	1
3932	19	1
3933	19	1
3934	19	1
3935	19	1
3936	19	1
3937	19	1
3938	19	1
3939	19	1
3940	19	1
3941	19	1
3942	19	1
3943	19	1
3944	19	1
3945	19	1
3946	19	1
3947	19	1
3948	19	1
3949	19	1
3950	19	1
3951	19	1
3952	19	1
3953	19	1
3954	19	1
3955	19	1
3956	19	1
3957	19	1
3958	19	1
3959	19	1
3960	19	1
3961	19	1
3962	19	1
3963	19	1
3964	19	1
3965	19	1
3966	19	1
3967	19	1
3968	19	1
3969	19	1
3970	19	1
3971	19	1
3972	19	1
3973	19	1
3974	19	1
3975	19	1
3976	19	1
3977	19	1
3978	19	1
3979	19	1
3980	19	1
3981	19	1
3982	19	1
3983	19	1
3984	19	1
3985	19	1
3986	19	1
3987	19	1
3988	19	1
3989	19	1
3990	19	1
3991	19	1
3992	19	1
3993	19	1
3994	19	1
3995	19	1
3996	19	1
3997	19	1
3998	19	1
3999	19	1
4000	19	1
4001	19	1
4002	19	1
4003	19	1
4004	19	1
4005	19	1
4006	19	1
4007	19	1
4008	19	1
4009	19	1
4010	19	1
4011	19	1
4012	19	1
4013	19	1
4014	19	1
4015	19	1
4016	19	1
4017	19	1
4018	19	1
4019	19	1
4020	19	1
4021	19	1
4022	19	1
4023	19	1
4024	19	1
4025	19	1
4026	19	1
4027	19	1
4028	19	1
4029	19	1
4030	19	1
4031	19	1
4032	19	1
4033	19	1
4034	19	1
4035	19	1
4036	19	1
4037	19	1
4038	19	1
4039	19	1
4040	19	1
4041	19	1
4042	19	1
4043	19	1
4044	19	1
4045	19	1
4046	19	1
4047	19	1
4048	19	1
4049	19	1
4050	19	1
4051	19	1
4052	19	1
4053	19	1
4054	19	1
4055	19	1
4056	19	1
4057	19	1
4058	19	1
4059	19	1
4060	19	1
4061	19	1
4062	19	1
4063	19	1
4064	19	1
4065	19	1
4066	19	1
4067	19	1
4068	19	1
4069	19	1
4070	19	1
4071	19	1
4072	19	1
4073	19	1
4074	19	1
4075	19	1
4076	19	1
4077	19	1
4078	19	1
4079	19	1
4080	19	1
4081	19	1
4082	19	1
4083	19	1
4084	19	1
4085	19	1
4086	19	1
4087	19	1
4088	19	1
4089	19	1
4090	19	1
4091	19	1
4092	19	1
4093	19	1
4094	19	1
4095	19	1
4096	19	1
4097	19	1
4098	19	1
4099	19	1
4100	19	1
4101	19	1
4102	19	1
4103	19	1
4104	19	1
4105	19	1
4106	19	1
4107	19	1
4108	19	1
4109	19	1
4110	19	1
4111	19	1
4112	19	1
4113	19	1
4114	19	1
4115	19	1
4116	19	1
4117	19	1
4118	19	1
4119	19	1
4120	19	1
4121	19	1
4122	19	1
4123	20	1
4124	20	1
4125	20	1
4126	20	1
4127	20	1
4128	20	1
4129	20	1
4130	20	1
4131	20	1
4132	20	1
4133	20	1
4134	20	1
4135	20	1
4136	20	1
4137	20	1
4138	20	1
4139	20	1
4140	20	1
4141	20	1
4142	20	1
4143	20	1
4144	20	1
4145	20	1
4146	20	1
4147	20	1
4148	20	1
4149	20	1
4150	20	1
4151	20	1
4152	20	1
4153	21	1
4154	21	1
4155	21	1
4156	21	1
4157	21	1
4158	21	1
4159	21	1
4160	21	1
4161	21	1
4162	21	1
4163	21	1
4164	21	1
4165	21	1
4166	21	1
4167	21	1
4168	21	1
4169	21	1
4170	21	1
4171	21	1
4172	21	1
4173	21	1
4174	21	1
4175	21	1
4176	21	1
4177	21	1
4178	21	1
4179	21	1
4180	21	1
4181	21	1
4182	21	1
4183	21	1
4184	21	1
4185	21	1
4186	21	1
4187	21	1
4188	21	1
4189	21	1
4190	21	1
4191	21	1
4192	21	1
4193	21	1
4194	21	1
4195	21	1
4196	21	1
4197	21	1
4198	21	1
4199	21	1
4200	21	1
4201	21	1
4202	21	1
4203	21	1
4204	21	1
4205	21	1
4206	21	1
4207	21	1
4208	21	1
4209	21	1
4210	21	1
4211	21	1
4212	21	1
4213	21	1
4214	21	1
4215	21	1
4216	21	1
4217	21	1
4218	21	1
4219	21	1
4220	21	1
4221	21	1
4222	21	1
4223	21	1
4224	21	1
4225	21	1
4226	21	1
4227	21	1
4228	21	1
4229	21	1
4230	21	1
4231	21	1
4232	21	1
4233	21	1
4234	21	1
4235	21	1
4236	21	1
4237	21	1
4238	21	1
4239	21	1
4240	21	1
4241	21	1
4242	21	1
4243	21	1
4244	21	1
4245	21	1
4246	21	1
4247	21	1
4248	21	1
4249	21	1
4250	21	1
4251	21	1
4252	21	1
4253	21	1
4254	21	1
4255	21	1
4256	21	1
4257	21	1
4258	21	1
4259	21	1
4260	21	1
4261	21	1
4262	21	1
4263	21	1
4264	21	1
4265	21	1
4266	21	1
4267	21	1
4268	21	1
4269	21	1
4270	21	1
4271	21	1
4272	21	1
4273	21	1
4274	21	1
4275	21	1
4276	21	1
4277	21	1
4278	21	1
4279	21	1
4280	21	1
4281	21	1
4282	21	1
4283	21	1
4284	21	1
4285	21	1
4286	21	1
4287	21	1
4288	21	1
4289	21	1
4290	21	1
4291	21	1
4292	21	1
4293	21	1
4294	21	1
4295	21	1
4296	21	1
4297	21	1
4298	21	1
4299	21	1
4300	21	1
4301	21	1
4302	21	1
4303	21	1
4304	21	1
4305	21	1
4306	21	1
4307	21	1
4308	21	1
4309	21	1
4310	21	1
4311	21	1
4312	21	1
4313	21	1
4314	21	1
4315	21	1
4316	21	1
4317	21	1
4318	21	1
4319	21	1
4320	21	1
4321	21	1
4322	21	1
4323	21	1
4324	21	1
4325	21	1
4326	21	1
4327	21	1
4328	21	1
4329	21	1
4330	21	1
4331	21	1
4332	21	1
4333	21	1
4334	21	1
4335	21	1
4336	21	1
4337	21	1
4338	21	1
4339	21	1
4340	21	1
4341	21	1
4342	21	1
4343	21	1
4344	21	1
4345	21	1
4346	21	1
4347	21	1
4348	21	1
4349	21	1
4350	21	1
4351	21	1
4352	21	1
4353	21	1
4354	21	1
4355	21	1
4356	21	1
4357	21	1
4358	21	1
4359	21	1
4360	21	1
4361	21	1
4362	21	1
4363	21	1
4364	21	1
4365	21	1
4366	21	1
4367	21	1
4368	21	1
4369	21	1
4370	21	1
4371	22	1
4372	22	1
4373	22	1
4374	22	1
4375	22	1
4376	22	1
4377	22	1
4378	22	1
4379	22	1
4380	22	1
4381	22	1
4382	22	1
4383	22	1
4384	22	1
4385	22	1
4386	22	1
4387	22	1
4388	22	1
4389	22	1
4390	22	1
4391	22	1
4392	22	1
4393	22	1
4394	22	1
4395	22	1
4396	22	1
4397	22	1
4398	22	1
4399	22	1
4400	22	1
4401	23	1
4402	23	1
4403	23	1
4404	23	1
4405	23	1
4406	23	1
4407	23	1
4408	23	1
4409	23	1
4410	23	1
4411	23	1
4412	23	1
4413	23	1
4414	23	1
4415	23	1
4416	23	1
4417	23	1
4418	23	1
4419	23	1
4420	23	1
4421	23	1
4422	23	1
4423	23	1
4424	23	1
4425	23	1
4426	23	1
4427	23	1
4428	23	1
4429	23	1
4430	23	1
4431	23	1
4432	23	1
4433	23	1
4434	23	1
4435	23	1
4436	23	1
4437	23	1
4438	23	1
4439	23	1
4440	23	1
4441	23	1
4442	23	1
4443	23	1
4444	23	1
4445	23	1
4446	23	1
4447	23	1
4448	23	1
4449	23	1
4450	23	1
4451	23	1
4452	23	1
4453	23	1
4454	23	1
4455	23	1
4456	23	1
4457	23	1
4458	23	1
4459	23	1
4460	23	1
4461	23	1
4462	23	1
4463	23	1
4464	23	1
4465	23	1
4466	23	1
4467	23	1
4468	23	1
4469	23	1
4470	23	1
4471	23	1
4472	23	1
4473	23	1
4474	23	1
4475	23	1
4476	23	1
4477	23	1
4478	23	1
4479	23	1
4480	23	1
4481	23	1
4482	23	1
4483	23	1
4484	23	1
4485	23	1
4486	23	1
4487	23	1
4488	23	1
4489	23	1
4490	23	1
4491	23	1
4492	23	1
4493	23	1
4494	23	1
4495	23	1
4496	23	1
4497	23	1
4498	23	1
4499	23	1
4500	23	1
4501	23	1
4502	23	1
4503	23	1
4504	23	1
4505	23	1
4506	23	1
4507	23	1
4508	23	1
4509	23	1
4510	23	1
4511	23	1
4512	23	1
4513	23	1
4514	23	1
4515	23	1
4516	23	1
4517	23	1
4518	23	1
4519	23	1
4520	23	1
4521	23	1
4522	23	1
4523	23	1
4524	23	1
4525	23	1
4526	23	1
4527	23	1
4528	23	1
4529	23	1
4530	23	1
4531	23	1
4532	23	1
4533	23	1
4534	23	1
4535	23	1
4536	23	1
4537	23	1
4538	23	1
4539	23	1
4540	23	1
4541	23	1
4542	23	1
4543	23	1
4544	23	1
4545	23	1
4546	23	1
4547	23	1
4548	23	1
4549	23	1
4550	23	1
4551	23	1
4552	23	1
4553	23	1
4554	23	1
4555	23	1
4556	23	1
4557	23	1
4558	23	1
4559	23	1
4560	23	1
4561	23	1
4562	23	1
4563	23	1
4564	23	1
4565	23	1
4566	23	1
4567	23	1
4568	23	1
4569	23	1
4570	23	1
4571	23	1
4572	23	1
4573	23	1
4574	23	1
4575	23	1
4576	23	1
4577	23	1
4578	23	1
4579	23	1
4580	23	1
4581	23	1
4582	23	1
4583	23	1
4584	23	1
4585	23	1
4586	23	1
4587	23	1
4588	23	1
4589	23	1
4590	23	1
4591	23	1
4592	23	1
4593	23	1
4594	23	1
4595	23	1
4596	23	1
4597	23	1
4598	23	1
4599	23	1
4600	23	1
4601	23	1
4602	23	1
4603	23	1
4604	23	1
4605	23	1
4606	23	1
4607	23	1
4608	23	1
4609	23	1
4610	23	1
4611	23	1
4612	23	1
4613	23	1
4614	23	1
4615	23	1
4616	23	1
4617	23	1
4618	23	1
4619	24	1
4620	24	1
4621	24	1
4622	24	1
4623	24	1
4624	24	1
4625	24	1
4626	24	1
4627	24	1
4628	24	1
4629	24	1
4630	24	1
4631	24	1
4632	24	1
4633	24	1
4634	24	1
4635	24	1
4636	24	1
4637	24	1
4638	24	1
4639	24	1
4640	24	1
4641	24	1
4642	24	1
4643	24	1
4644	24	1
4645	24	1
4646	24	1
4647	24	1
4648	24	1
4649	24	1
4650	24	1
4651	24	1
4652	24	1
4653	24	1
4654	24	1
4655	24	1
4656	24	1
4657	24	1
4658	24	1
4659	24	1
4660	24	1
4661	24	1
4662	24	1
4663	24	1
4664	24	1
4665	24	1
4666	24	1
4667	24	1
4668	24	1
4669	24	1
4670	24	1
4671	24	1
4672	24	1
4673	24	1
4674	24	1
4675	24	1
4676	24	1
4677	24	1
4678	24	1
4679	24	1
4680	24	1
4681	24	1
4682	24	1
4683	24	1
4684	24	1
4685	24	1
4686	24	1
4687	24	1
4688	24	1
4689	24	1
4690	24	1
4691	24	1
4692	24	1
4693	24	1
4694	24	1
4695	24	1
4696	24	1
4697	24	1
4698	24	1
4699	24	1
4700	24	1
4701	24	1
4702	24	1
4703	24	1
4704	24	1
4705	24	1
4706	24	1
4707	24	1
4708	24	1
4709	24	1
4710	24	1
4711	24	1
4712	24	1
4713	24	1
4714	24	1
4715	24	1
4716	24	1
4717	24	1
4718	24	1
4719	24	1
4720	24	1
4721	24	1
4722	24	1
4723	24	1
4724	24	1
4725	24	1
4726	24	1
4727	24	1
4728	24	1
4729	24	1
4730	24	1
4731	24	1
4732	24	1
4733	24	1
4734	24	1
4735	24	1
4736	24	1
4737	24	1
4738	24	1
4739	24	1
4740	24	1
4741	24	1
4742	24	1
4743	24	1
4744	24	1
4745	24	1
4746	24	1
4747	24	1
4748	24	1
4749	24	1
4750	24	1
4751	24	1
4752	24	1
4753	24	1
4754	24	1
4755	24	1
4756	24	1
4757	24	1
4758	24	1
4759	24	1
4760	24	1
4761	24	1
4762	24	1
4763	24	1
4764	24	1
4765	24	1
4766	24	1
4767	24	1
4768	24	1
4769	24	1
4770	24	1
4771	24	1
4772	24	1
4773	24	1
4774	24	1
4775	24	1
4776	24	1
4777	24	1
4778	24	1
4779	24	1
4780	24	1
4781	24	1
4782	24	1
4783	24	1
4784	24	1
4785	24	1
4786	24	1
4787	24	1
4788	24	1
4789	24	1
4790	24	1
4791	24	1
4792	24	1
4793	24	1
4794	24	1
4795	24	1
4796	24	1
4797	24	1
4798	24	1
4799	24	1
4800	24	1
4801	24	1
4802	24	1
4803	24	1
4804	24	1
4805	24	1
4806	24	1
4807	24	1
4808	24	1
4809	24	1
4810	24	1
4811	24	1
4812	24	1
4813	24	1
4814	24	1
4815	24	1
4816	24	1
4817	24	1
4818	24	1
4819	24	1
4820	24	1
4821	24	1
4822	24	1
4823	24	1
4824	24	1
4825	24	1
4826	24	1
4827	24	1
4828	24	1
4829	24	1
4830	24	1
4831	24	1
4832	24	1
4833	24	1
4834	24	1
4835	24	1
4836	24	1
4837	24	1
4838	24	1
4839	24	1
4840	24	1
4841	24	1
4842	24	1
4843	24	1
4844	24	1
4845	24	1
4846	24	1
4847	24	1
4848	24	1
4849	24	1
4850	24	1
4851	24	1
4852	24	1
4853	24	1
4854	24	1
4855	24	1
4856	24	1
4857	24	1
4858	24	1
4859	24	1
4860	24	1
4861	24	1
4862	24	1
4863	24	1
4864	24	1
4865	24	1
4866	24	1
4867	24	1
4868	24	1
4869	24	1
4870	24	1
4871	24	1
4872	25	1
4873	25	1
4874	25	1
4875	25	1
4876	25	1
4877	25	1
4878	25	1
4879	25	1
4880	25	1
4881	25	1
4882	25	1
4883	25	1
4884	25	1
4885	25	1
4886	25	1
4887	25	1
4888	25	1
4889	25	1
4890	25	1
4891	25	1
4892	25	1
4893	25	1
4894	25	1
4895	25	1
4896	25	1
4897	25	1
4898	25	1
4899	25	1
4900	25	1
4901	25	1
4902	25	1
4903	25	1
4904	25	1
4905	25	1
4906	25	1
4907	25	1
4908	25	1
4909	25	1
4910	25	1
4911	25	1
4912	25	1
4913	25	1
4914	25	1
4915	25	1
4916	25	1
4917	25	1
4918	25	1
4919	25	1
4920	25	1
4921	25	1
4922	25	1
4923	25	1
4924	25	1
4925	25	1
4926	25	1
4927	25	1
4928	25	1
4929	25	1
4930	25	1
4931	25	1
4932	25	1
4933	25	1
4934	25	1
4935	25	1
4936	25	1
4937	25	1
4938	25	1
4939	25	1
4940	25	1
4941	25	1
4942	25	1
4943	25	1
4944	25	1
4945	25	1
4946	25	1
4947	25	1
4948	25	1
4949	25	1
4950	25	1
4951	25	1
4952	25	1
4953	25	1
4954	25	1
4955	25	1
4956	25	1
4957	25	1
4958	25	1
4959	25	1
4960	25	1
4961	25	1
4962	25	1
4963	25	1
4964	25	1
4965	25	1
4966	25	1
4967	25	1
4968	25	1
4969	25	1
4970	25	1
4971	25	1
4972	25	1
4973	25	1
4974	25	1
4975	25	1
4976	25	1
4977	25	1
4978	26	1
4979	27	1
4980	27	1
4981	27	1
4982	27	1
4983	27	1
4984	27	1
4985	27	1
4986	27	1
4987	27	1
4988	27	1
4989	27	1
4990	27	1
4991	27	1
4992	27	1
4993	27	1
4994	27	1
4995	27	1
4996	27	1
4997	27	1
4998	27	1
4999	27	1
5000	27	1
5001	27	1
5002	27	1
5003	27	1
5004	27	1
5005	27	1
5006	27	1
5007	27	1
5008	27	1
5009	27	1
5010	27	1
5011	27	1
5012	27	1
5013	27	1
5014	27	1
5015	27	1
5016	27	1
5017	27	1
5018	27	1
5019	27	1
5020	27	1
5021	27	1
5022	27	1
5023	27	1
5024	27	1
5025	27	1
5026	27	1
5027	27	1
5028	27	1
5029	27	1
5030	27	1
5031	27	1
5032	27	1
5033	27	1
5034	27	1
5035	27	1
5036	27	1
5037	27	1
5038	27	1
5039	27	1
5040	27	1
5041	27	1
5042	27	1
5043	27	1
5044	27	1
5045	27	1
5046	27	1
5047	27	1
5048	27	1
5049	27	1
5050	27	1
5051	27	1
5052	27	1
5053	27	1
5054	27	1
5055	27	1
5056	27	1
5057	27	1
5058	27	1
5059	27	1
5060	27	1
5061	27	1
5062	27	1
5063	27	1
5064	27	1
5065	27	1
5066	27	1
5067	27	1
5068	27	1
5069	27	1
5070	27	1
5071	27	1
5072	27	1
5073	27	1
5074	27	1
5075	27	1
5076	27	1
5077	27	1
5078	27	1
5079	27	1
5080	27	1
5081	27	1
5082	27	1
5083	27	1
5084	27	1
5085	27	1
5086	27	1
5087	27	1
5088	27	1
5089	27	1
5090	27	1
5091	27	1
5092	27	1
5093	27	1
5094	27	1
5095	27	1
5096	27	1
5097	27	1
5098	27	1
5099	27	1
5100	27	1
5101	27	1
5102	27	1
5103	27	1
5104	27	1
5105	27	1
5106	27	1
5107	27	1
5108	27	1
5109	27	1
5110	27	1
5111	27	1
5112	27	1
5113	27	1
5114	27	1
5115	27	1
5116	27	1
5117	27	1
5118	27	1
5119	27	1
5120	27	1
5121	27	1
5122	27	1
5123	27	1
5124	27	1
5125	27	1
5126	27	1
5127	27	1
5128	27	1
5129	27	1
5130	27	1
5131	27	1
5132	27	1
5133	27	1
5134	27	1
5135	27	1
5136	27	1
5137	27	1
5138	27	1
5139	27	1
5140	27	1
5141	27	1
5142	27	1
5143	27	1
5144	27	1
5145	27	1
5146	27	1
5147	27	1
5148	27	1
5149	27	1
5150	27	1
5151	27	1
5152	27	1
5153	27	1
5154	27	1
5155	27	1
5156	27	1
5157	27	1
5158	27	1
5159	27	1
5160	27	1
5161	27	1
5162	27	1
5163	27	1
5164	27	1
5165	27	1
5166	27	1
5167	27	1
5168	27	1
5169	27	1
5170	27	1
5171	27	1
5172	27	1
5173	27	1
5174	27	1
5175	27	1
5176	27	1
5177	27	1
5178	27	1
5179	27	1
5180	27	1
5181	27	1
5182	27	1
5183	27	1
5184	27	1
5185	27	1
5186	27	1
5187	27	1
5188	27	1
5189	27	1
5190	27	1
5191	27	1
5192	27	1
5193	27	1
5194	27	1
5195	27	1
5196	27	1
5197	27	1
5198	27	1
5199	27	1
5200	27	1
5201	27	1
5202	27	1
5203	27	1
5204	27	1
5205	27	1
5206	27	1
5207	27	1
5208	27	1
5209	27	1
5210	27	1
5211	27	1
5212	27	1
5213	27	1
5214	27	1
5215	27	1
5216	27	1
5217	27	1
5218	27	1
5219	27	1
5220	27	1
5221	27	1
5222	27	1
5223	27	1
5224	27	1
5225	27	1
5226	27	1
5227	27	1
5228	27	1
5229	27	1
5230	27	1
5231	27	1
5232	27	1
5233	27	1
5234	27	1
5235	27	1
5236	27	1
5237	27	1
5238	27	1
5239	27	1
5240	27	1
5241	27	1
5242	27	1
5243	27	1
5244	27	1
5245	27	1
5246	27	1
5247	27	1
5248	27	1
5249	27	1
5250	27	1
5251	27	1
5252	27	1
5253	27	1
5254	27	1
5255	27	1
5256	27	1
5257	27	1
5258	27	1
5259	27	1
5260	27	1
5261	27	1
5262	27	1
5263	27	1
5264	27	1
5265	27	1
5266	27	1
5267	27	1
5268	27	1
5269	27	1
5270	27	1
5271	27	1
5272	27	1
5273	27	1
5274	27	1
5275	27	1
5276	27	1
5277	27	1
5278	27	1
5279	27	1
5280	27	1
5281	27	1
5282	27	1
5283	27	1
5284	27	1
5285	27	1
5286	27	1
5287	27	1
5288	27	1
5289	27	1
5290	27	1
5291	27	1
5292	27	1
5293	27	1
5294	27	1
5295	27	1
5296	27	1
5297	27	1
5298	27	1
5299	27	1
5300	27	1
5301	27	1
5302	27	1
5303	27	1
5304	27	1
5305	27	1
5306	27	1
5307	27	1
5308	27	1
5309	27	1
5310	27	1
5311	27	1
5312	27	1
5313	27	1
5314	27	1
5315	27	1
5316	27	1
5317	27	1
5318	27	1
5319	27	1
5320	27	1
5321	27	1
5322	27	1
5323	27	1
5324	27	1
5325	27	1
5326	27	1
5327	27	1
5328	27	1
5329	27	1
5330	27	1
5331	27	1
5332	27	1
5333	27	1
5334	27	1
5335	27	1
5336	27	1
5337	27	1
5338	27	1
5339	27	1
5340	27	1
5341	27	1
5342	27	1
5343	27	1
5344	27	1
5345	27	1
5346	27	1
5347	27	1
5348	27	1
5349	27	1
5350	27	1
5351	27	1
5352	27	1
5353	27	1
5354	27	1
5355	27	1
5356	27	1
5357	27	1
5358	27	1
5359	27	1
5360	27	1
5361	27	1
5362	27	1
5363	27	1
5364	27	1
5365	27	1
5366	27	1
5367	27	1
5368	27	1
5369	27	1
5370	27	1
5371	27	1
5372	27	1
5373	27	1
5374	27	1
5375	27	1
5376	27	1
5377	27	1
5378	27	1
5379	27	1
5380	27	1
5381	27	1
5382	27	1
5383	27	1
5384	27	1
5385	27	1
5386	27	1
5387	27	1
5388	27	1
5389	27	1
5390	27	1
5391	27	1
5392	27	1
5393	27	1
5394	27	1
5395	27	1
5396	27	1
5397	27	1
5398	27	1
5399	27	1
5400	27	1
5401	27	1
5402	27	1
5403	27	1
5404	27	1
5405	27	1
5406	27	1
5407	27	1
5408	27	1
5409	27	1
5410	27	1
5411	27	1
5412	27	1
5413	27	1
5414	27	1
5415	27	1
5416	27	1
5417	27	1
5418	27	1
5419	27	1
5420	27	1
5421	27	1
5422	27	1
5423	27	1
5424	28	1
5425	28	1
5426	28	1
5427	28	1
5428	28	1
5429	28	1
5430	28	1
5431	28	1
5432	28	1
5433	28	1
5434	28	1
5435	28	1
5436	28	1
5437	28	1
5438	28	1
5439	28	1
5440	28	1
5441	28	1
5442	28	1
5443	28	1
5444	28	1
5445	28	1
5446	28	1
5447	28	1
5448	28	1
5449	28	1
5450	28	1
5451	28	1
5452	28	1
5453	28	1
5454	28	1
5455	28	1
5456	28	1
5457	28	1
5458	28	1
5459	28	1
5460	28	1
5461	28	1
5462	28	1
5463	28	1
5464	28	1
5465	28	1
5466	28	1
5467	28	1
5468	28	1
5469	28	1
5470	28	1
5471	28	1
5472	28	1
5473	28	1
5474	28	1
5475	28	1
5476	28	1
5477	28	1
5478	28	1
5479	28	1
5480	28	1
5481	28	1
5482	28	1
5483	28	1
5484	28	1
5485	28	1
5486	28	1
5487	28	1
5488	28	1
5489	28	1
5490	28	1
5491	28	1
5492	28	1
5493	28	1
5494	28	1
5495	28	1
5496	28	1
5497	28	1
5498	28	1
5499	28	1
5500	28	1
5501	28	1
5502	28	1
5503	28	1
5504	28	1
5505	28	1
5506	28	1
5507	28	1
5508	28	1
5509	28	1
5510	28	1
5511	28	1
5512	28	1
5513	28	1
5514	28	1
5515	28	1
5516	28	1
5517	28	1
5518	28	1
5519	28	1
5520	28	1
5521	28	1
5522	28	1
5523	28	1
5524	28	1
5525	28	1
5526	28	1
5527	28	1
5528	28	1
5529	28	1
5530	28	1
5531	28	1
5532	28	1
5533	28	1
5534	28	1
5535	28	1
5536	28	1
5537	28	1
5538	28	1
5539	28	1
5540	28	1
5541	28	1
5542	28	1
5543	28	1
5544	28	1
5545	28	1
5546	28	1
5547	28	1
5548	28	1
5549	28	1
5550	28	1
5551	28	1
5552	28	1
5553	28	1
5554	28	1
5555	28	1
5556	28	1
5557	28	1
5558	28	1
5559	28	1
5560	28	1
5561	28	1
5562	28	1
5563	28	1
5564	28	1
5565	28	1
5566	28	1
5567	28	1
5568	28	1
5569	28	1
5570	28	1
5571	28	1
5572	28	1
5573	28	1
5574	28	1
5575	28	1
5576	28	1
5577	28	1
5578	28	1
5579	28	1
5580	28	1
5581	28	1
5582	28	1
5583	28	1
5584	28	1
5585	28	1
5586	28	1
5587	28	1
5588	28	1
5589	28	1
5590	28	1
5591	28	1
5592	28	1
5593	28	1
5594	28	1
5595	28	1
5596	28	1
5597	28	1
5598	28	1
5599	28	1
5600	28	1
5601	28	1
5602	28	1
5603	28	1
5604	28	1
5605	28	1
5606	28	1
5607	28	1
5608	28	1
5609	28	1
5610	28	1
5611	28	1
5612	28	1
5613	28	1
5614	28	1
5615	28	1
5616	28	1
5617	28	1
5618	28	1
5619	28	1
5620	28	1
5621	28	1
5622	28	1
5623	28	1
5624	28	1
5625	28	1
5626	28	1
5627	28	1
5628	28	1
5629	28	1
5630	28	1
5631	28	1
5632	28	1
5633	28	1
5634	28	1
5635	28	1
5636	28	1
5637	28	1
5638	28	1
5639	28	1
5640	28	1
5641	28	1
5642	28	1
5643	28	1
5644	28	1
5645	28	1
5646	28	1
5647	28	1
5648	28	1
5649	28	1
5650	28	1
5651	28	1
5652	28	1
5653	28	1
5654	28	1
5655	28	1
5656	28	1
5657	28	1
5658	28	1
5659	28	1
5660	28	1
5661	28	1
5662	28	1
5663	28	1
5664	28	1
5665	28	1
5666	28	1
5667	28	1
5668	28	1
5669	28	1
5670	28	1
5671	28	1
5672	28	1
5673	28	1
5674	28	1
5675	28	1
5676	28	1
5677	28	1
5678	28	1
5679	28	1
5680	28	1
5681	28	1
5682	28	1
5683	28	1
5684	28	1
5685	28	1
5686	28	1
5687	28	1
5688	28	1
5689	28	1
5690	28	1
5691	28	1
5692	28	1
5693	28	1
5694	28	1
5695	28	1
5696	28	1
5697	28	1
5698	28	1
5699	28	1
5700	28	1
5701	28	1
5702	28	1
5703	28	1
5704	28	1
5705	28	1
5706	28	1
5707	28	1
5708	28	1
5709	28	1
5710	28	1
5711	28	1
5712	28	1
5713	28	1
5714	28	1
5715	28	1
5716	28	1
5717	28	1
5718	28	1
5719	28	1
5720	28	1
5721	28	1
5722	28	1
5723	28	1
5724	28	1
5725	28	1
5726	28	1
5727	28	1
5728	28	1
5729	28	1
5730	28	1
5731	28	1
5732	28	1
5733	28	1
5734	28	1
5735	28	1
5736	28	1
5737	28	1
5738	28	1
5739	28	1
5740	28	1
5741	28	1
5742	28	1
5743	28	1
5744	28	1
5745	28	1
5746	28	1
5747	28	1
5748	28	1
5749	28	1
5750	28	1
5751	28	1
5752	28	1
5753	28	1
5754	28	1
5755	28	1
5756	28	1
5757	28	1
5758	28	1
5759	28	1
5760	28	1
5761	28	1
5762	28	1
5763	28	1
5764	28	1
5765	28	1
5766	28	1
5767	28	1
5768	28	1
5769	28	1
5770	28	1
5771	28	1
5772	28	1
5773	28	1
5774	28	1
5775	28	1
5776	28	1
5777	28	1
5778	28	1
5779	28	1
5780	28	1
5781	28	1
5782	28	1
5783	28	1
5784	28	1
5785	28	1
5786	28	1
5787	28	1
5788	28	1
5789	28	1
5790	28	1
5791	28	1
5792	28	1
5793	28	1
5794	28	1
5795	28	1
5796	28	1
5797	28	1
5798	28	1
5799	28	1
5800	28	1
5801	28	1
5802	28	1
5803	28	1
5804	28	1
5805	28	1
5806	28	1
5807	28	1
5808	28	1
5809	28	1
5810	28	1
5811	28	1
5812	28	1
5813	28	1
5814	28	1
5815	28	1
5816	28	1
5817	28	1
5818	28	1
5819	28	1
5820	28	1
5821	28	1
5822	28	1
5823	28	1
5824	28	1
5825	28	1
5826	28	1
5827	28	1
5828	28	1
5829	28	1
5830	28	1
5831	28	1
5832	28	1
5833	28	1
5834	28	1
5835	28	1
5836	28	1
5837	28	1
5838	28	1
5839	28	1
5840	28	1
5841	28	1
5842	28	1
5843	28	1
5844	28	1
5845	28	1
5846	28	1
5847	28	1
5848	28	1
5849	28	1
5850	28	1
5851	28	1
5852	28	1
5853	28	1
5854	28	1
5855	28	1
5856	28	1
5857	28	1
5858	28	1
5859	28	1
5860	28	1
5861	28	1
5862	28	1
5863	28	1
5864	28	1
5865	28	1
5866	28	1
5867	28	1
5868	28	1
5869	28	1
5870	28	1
5871	28	1
5872	28	1
5873	28	1
5874	28	1
5875	28	1
5876	28	1
5877	28	1
5878	28	1
5879	28	1
5880	28	1
5881	28	1
5882	28	1
5883	28	1
5884	28	1
5885	28	1
5886	28	1
5887	28	1
5888	28	1
5889	28	1
5890	28	1
5891	28	1
5892	28	1
5893	28	1
5894	28	1
5895	28	1
5896	28	1
5897	28	1
5898	28	1
5899	28	1
5900	28	1
5901	28	1
5902	28	1
5903	28	1
5904	28	1
5905	28	1
5906	28	1
5907	28	1
5908	28	1
5909	28	1
5910	28	1
5911	28	1
5912	29	1
5913	29	1
5914	29	1
5915	29	1
5916	30	1
5917	30	1
5918	30	1
5919	30	1
5920	30	1
5921	30	1
5922	30	1
5923	30	1
5924	30	1
5925	30	1
5926	30	1
5927	30	1
5928	30	1
5929	30	1
5930	30	1
5931	30	1
5932	30	1
5933	30	1
5934	30	1
5935	30	1
5936	30	1
5937	30	1
5938	30	1
5939	30	1
5940	30	1
5941	30	1
5942	30	1
5943	30	1
5944	30	1
5945	30	1
5946	30	1
5947	30	1
5948	30	1
5949	30	1
5950	30	1
5951	30	1
5952	30	1
5953	30	1
5954	30	1
5955	30	1
5956	30	1
5957	30	1
5958	30	1
5959	30	1
5960	30	1
5961	30	1
5962	30	1
5963	30	1
5964	30	1
5965	30	1
5966	30	1
5967	30	1
5968	30	1
5969	30	1
5970	30	1
5971	30	1
5972	30	1
5973	30	1
5974	30	1
5975	30	1
5976	30	1
5977	30	1
5978	30	1
5979	30	1
5980	30	1
5981	30	1
5982	30	1
5983	30	1
5984	30	1
5985	30	1
5986	30	1
5987	30	1
5988	30	1
5989	30	1
5990	30	1
5991	30	1
5992	30	1
5993	30	1
5994	30	1
5995	30	1
5996	30	1
5997	30	1
5998	30	1
5999	30	1
6000	30	1
6001	30	1
6002	30	1
6003	30	1
6004	30	1
6005	30	1
6006	30	1
6007	30	1
6008	30	1
6009	30	1
6010	30	1
6011	30	1
6012	30	1
6013	30	1
6014	30	1
6015	30	1
6016	30	1
6017	30	1
6018	30	1
6019	30	1
6020	30	1
6021	30	1
6022	30	1
6023	30	1
6024	30	1
6025	30	1
6026	30	1
6027	30	1
6028	30	1
6029	30	1
6030	30	1
6031	30	1
6032	30	1
6033	30	1
6034	30	1
6035	30	1
6036	30	1
6037	30	1
6038	30	1
6039	30	1
6040	30	1
6041	30	1
6042	30	1
6043	30	1
6044	30	1
6045	30	1
6046	30	1
6047	30	1
6048	30	1
6049	30	1
6050	30	1
6051	30	1
6052	30	1
6053	30	1
6054	30	1
6055	30	1
6056	30	1
6057	30	1
6058	30	1
6059	30	1
6060	30	1
6061	30	1
6062	30	1
6063	30	1
6064	30	1
6065	30	1
6066	30	1
6067	30	1
6068	30	1
6069	30	1
6070	30	1
6071	30	1
6072	30	1
6073	30	1
6074	30	1
6075	30	1
6076	30	1
6077	30	1
6078	30	1
6079	30	1
6080	30	1
6081	30	1
6082	30	1
6083	30	1
6084	30	1
6085	30	1
6086	30	1
6087	30	1
6088	30	1
6089	30	1
6090	30	1
6091	30	1
6092	30	1
6093	30	1
6094	30	1
6095	30	1
6096	30	1
6097	30	1
6098	30	1
6099	30	1
6100	30	1
6101	30	1
6102	30	1
6103	30	1
6104	30	1
6105	30	1
6106	30	1
6107	30	1
6108	30	1
6109	30	1
6110	30	1
6111	30	1
6112	30	1
6113	30	1
6114	30	1
6115	30	1
6116	30	1
6117	30	1
6118	30	1
6119	30	1
6120	30	1
6121	30	1
6122	30	1
6123	30	1
6124	30	1
6125	30	1
6126	30	1
6127	30	1
6128	30	1
6129	30	1
6130	30	1
6131	30	1
6132	30	1
6133	30	1
6134	30	1
6135	30	1
6136	30	1
6137	30	1
6138	30	1
6139	30	1
6140	30	1
6141	30	1
6142	30	1
6143	30	1
6144	30	1
6145	30	1
6146	30	1
6147	30	1
6148	30	1
6149	30	1
6150	30	1
6151	30	1
6152	30	1
6153	30	1
6154	30	1
6155	30	1
6156	30	1
6157	30	1
6158	30	1
6159	30	1
6160	30	1
6161	30	1
6162	30	1
6163	30	1
6164	30	1
6165	30	1
6166	30	1
6167	30	1
6168	30	1
6169	30	1
6170	30	1
6171	30	1
6172	30	1
6173	30	1
6174	30	1
6175	30	1
6176	30	1
6177	30	1
6178	30	1
6179	30	1
6180	30	1
6181	30	1
6182	30	1
6183	30	1
6184	30	1
6185	30	1
6186	30	1
6187	30	1
6188	30	1
6189	30	1
6190	30	1
6191	30	1
6192	30	1
6193	30	1
6194	30	1
6195	30	1
6196	30	1
6197	30	1
6198	30	1
6199	30	1
6200	30	1
6201	30	1
6202	30	1
6203	30	1
6204	30	1
6205	30	1
6206	30	1
6207	30	1
6208	30	1
6209	30	1
6210	30	1
6211	30	1
6212	30	1
6213	30	1
6214	30	1
6215	30	1
6216	30	1
6217	30	1
6218	30	1
6219	30	1
6220	30	1
6221	30	1
6222	30	1
6223	30	1
6224	30	1
6225	30	1
6226	30	1
6227	30	1
6228	30	1
6229	30	1
6230	30	1
6231	30	1
6232	30	1
6233	30	1
6234	30	1
6235	30	1
6236	30	1
6237	30	1
6238	30	1
6239	30	1
6240	30	1
6241	30	1
6242	30	1
6243	30	1
6244	30	1
6245	30	1
6246	30	1
6247	30	1
6248	30	1
6249	30	1
6250	30	1
6251	30	1
6252	30	1
6253	30	1
6254	30	1
6255	30	1
6256	30	1
6257	30	1
6258	30	1
6259	30	1
6260	30	1
6261	30	1
6262	30	1
6263	30	1
6264	30	1
6265	30	1
6266	30	1
6267	30	1
6268	30	1
6269	30	1
6270	30	1
6271	30	1
6272	30	1
6273	30	1
6274	30	1
6275	30	1
6276	30	1
6277	30	1
6278	30	1
6279	30	1
6280	30	1
6281	30	1
6282	30	1
6283	30	1
6284	30	1
6285	30	1
6286	30	1
6287	30	1
6288	30	1
6289	30	1
6290	30	1
6291	30	1
6292	30	1
6293	30	1
6294	30	1
6295	30	1
6296	30	1
6297	30	1
6298	30	1
6299	30	1
6300	30	1
6301	30	1
6302	30	1
6303	30	1
6304	30	1
6305	30	1
6306	30	1
6307	30	1
6308	30	1
6309	30	1
6310	30	1
6311	30	1
6312	30	1
6313	30	1
6314	30	1
6315	30	1
6316	30	1
6317	30	1
6318	30	1
6319	30	1
6320	30	1
6321	30	1
6322	30	1
6323	30	1
6324	30	1
6325	30	1
6326	30	1
6327	30	1
6328	30	1
6329	30	1
6330	30	1
6331	30	1
6332	30	1
6333	30	1
6334	30	1
6335	30	1
6336	30	1
6337	30	1
6338	30	1
6339	30	1
6340	30	1
6341	30	1
6342	30	1
6343	30	1
6344	30	1
6345	30	1
6346	30	1
6347	30	1
6348	30	1
6349	30	1
6350	30	1
6351	30	1
6352	30	1
6353	30	1
6354	30	1
6355	30	1
6356	30	1
6357	30	1
6358	30	1
6359	30	1
6360	30	1
6361	30	1
6362	30	1
6363	30	1
6364	30	1
6365	30	1
6366	30	1
6367	30	1
6368	30	1
6369	30	1
6370	30	1
6371	30	1
6372	30	1
6373	30	1
6374	30	1
6375	30	1
6376	30	1
6377	30	1
6378	30	1
6379	30	1
6380	30	1
6381	30	1
6382	30	1
6383	30	1
6384	30	1
6385	30	1
6386	30	1
6387	30	1
6388	30	1
6389	30	1
6390	30	1
6391	30	1
6392	30	1
6393	30	1
6394	30	1
6395	30	1
6396	30	1
6397	30	1
6398	30	1
6399	30	1
6400	30	1
6401	30	1
6402	30	1
6403	30	1
6404	30	1
6405	30	1
6406	30	1
6407	30	1
6408	30	1
6409	30	1
6410	30	1
6411	30	1
6412	30	1
6413	30	1
6414	30	1
6415	30	1
6416	30	1
6417	30	1
6418	30	1
6419	30	1
6420	30	1
6421	30	1
6422	30	1
6423	30	1
6424	30	1
6425	30	1
6426	30	1
6427	30	1
6428	30	1
6429	30	1
6430	30	1
6431	30	1
6432	30	1
6433	30	1
6434	30	1
6435	30	1
6436	30	1
6437	30	1
6438	30	1
6439	30	1
6440	30	1
6441	30	1
6442	30	1
6443	30	1
6444	30	1
6445	30	1
6446	30	1
6447	30	1
6448	30	1
6449	30	1
6450	30	1
6451	30	1
6452	30	1
6453	30	1
6454	30	1
6455	30	1
6456	30	1
6457	30	1
6458	30	1
6459	31	1
6460	31	1
6461	31	1
6462	31	1
6463	31	1
6464	31	1
6465	31	1
6466	31	1
6467	31	1
6468	31	1
6469	31	1
6470	31	1
6471	31	1
6472	31	1
6473	31	1
6474	31	1
6475	31	1
6476	31	1
6477	31	1
6478	31	1
6479	31	1
6480	31	1
6481	31	1
6482	31	1
6483	31	1
6484	31	1
6485	31	1
6486	31	1
6487	31	1
6488	31	1
6489	31	1
6490	31	1
6491	31	1
6492	31	1
6493	31	1
6494	31	1
6495	31	1
6496	31	1
6497	31	1
6498	31	1
6499	31	1
6500	31	1
6501	31	1
6502	31	1
6503	31	1
6504	31	1
6505	31	1
6506	31	1
6507	31	1
6508	31	1
6509	31	1
6510	31	1
6511	31	1
6512	31	1
6513	31	1
6514	31	1
6515	31	1
6516	31	1
6517	31	1
6518	31	1
6519	31	1
6520	31	1
6521	31	1
6522	31	1
6523	31	1
6524	31	1
6525	31	1
6526	31	1
6527	31	1
6528	31	1
6529	31	1
6530	31	1
6531	31	1
6532	31	1
6533	31	1
6534	31	1
6535	31	1
6536	31	1
6537	31	1
6538	31	1
6539	31	1
6540	31	1
6541	31	1
6542	31	1
6543	31	1
6544	31	1
6545	31	1
6546	31	1
6547	31	1
6548	31	1
6549	31	1
6550	31	1
6551	31	1
6552	31	1
6553	31	1
6554	31	1
6555	31	1
6556	31	1
6557	31	1
6558	31	1
6559	31	1
6560	31	1
6561	31	1
6562	31	1
6563	31	1
6564	31	1
6565	31	1
6566	31	1
6567	31	1
6568	31	1
6569	31	1
6570	31	1
6571	31	1
6572	31	1
6573	31	1
6574	31	1
6575	31	1
6576	31	1
6577	31	1
6578	31	1
6579	31	1
6580	31	1
6581	31	1
6582	31	1
6583	31	1
6584	31	1
6585	31	1
6586	31	1
6587	31	1
6588	31	1
6589	31	1
6590	31	1
6591	31	1
6592	31	1
6593	31	1
6594	31	1
6595	31	1
6596	31	1
6597	31	1
6598	31	1
6599	31	1
6600	31	1
6601	31	1
6602	31	1
6603	31	1
6604	31	1
6605	31	1
6606	31	1
6607	31	1
6608	31	1
6609	31	1
6610	31	1
6611	31	1
6612	31	1
6613	31	1
6614	31	1
6615	31	1
6616	31	1
6617	31	1
6618	31	1
6619	31	1
6620	31	1
6621	31	1
6622	31	1
6623	31	1
6624	31	1
6625	31	1
6626	31	1
6627	31	1
6628	31	1
6629	31	1
6630	31	1
6631	31	1
6632	31	1
6633	31	1
6634	31	1
6635	31	1
6636	31	1
6637	31	1
6638	31	1
6639	31	1
6640	31	1
6641	31	1
6642	31	1
6643	31	1
6644	31	1
6645	31	1
6646	31	1
6647	31	1
6648	31	1
6649	31	1
6650	31	1
6651	31	1
6652	31	1
6653	31	1
6654	31	1
6655	31	1
6656	31	1
6657	31	1
6658	31	1
6659	31	1
6660	31	1
6661	31	1
6662	31	1
6663	31	1
6664	31	1
6665	31	1
6666	31	1
6667	31	1
6668	31	1
6669	31	1
6670	31	1
6671	31	1
6672	31	1
6673	31	1
6674	31	1
6675	31	1
6676	31	1
6677	31	1
6678	31	1
6679	31	1
6680	31	1
6681	31	1
6682	31	1
6683	31	1
6684	31	1
6685	31	1
6686	31	1
6687	31	1
6688	31	1
6689	31	1
6690	31	1
6691	31	1
6692	31	1
6693	31	1
6694	31	1
6695	31	1
6696	31	1
6697	31	1
6698	31	1
6699	31	1
6700	31	1
6701	31	1
6702	31	1
6703	31	1
6704	31	1
6705	31	1
6706	31	1
6707	31	1
6708	31	1
6709	31	1
6710	31	1
6711	31	1
6712	31	1
6713	31	1
6714	31	1
6715	31	1
6716	31	1
6717	31	1
6718	31	1
6719	31	1
6720	31	1
6721	31	1
6722	31	1
6723	31	1
6724	31	1
6725	31	1
6726	31	1
6727	31	1
6728	31	1
6729	31	1
6730	31	1
6731	31	1
6732	31	1
6733	31	1
6734	31	1
6735	31	1
6736	31	1
6737	31	1
6738	31	1
6739	31	1
6740	31	1
6741	31	1
6742	31	1
6743	31	1
6744	31	1
6745	31	1
6746	31	1
6747	31	1
6748	31	1
6749	31	1
6750	31	1
6751	31	1
6752	31	1
6753	31	1
6754	31	1
6755	31	1
6756	31	1
6757	31	1
6758	31	1
6759	31	1
6760	31	1
6761	31	1
6762	31	1
6763	31	1
6764	31	1
6765	31	1
6766	31	1
6767	31	1
6768	31	1
6769	31	1
6770	31	1
6771	31	1
6772	31	1
6773	31	1
6774	32	1
6775	32	1
6776	32	1
6777	32	1
6778	32	1
6779	32	1
6780	32	1
6781	32	1
6782	32	1
6783	32	1
6784	32	1
6785	32	1
6786	32	1
6787	32	1
6788	32	1
6789	32	1
6790	32	1
6791	32	1
6792	32	1
6793	32	1
6794	32	1
6795	32	1
6796	32	1
6797	32	1
6798	32	1
6799	32	1
6800	32	1
6801	32	1
6802	32	1
6803	32	1
6804	32	1
6805	32	1
6806	32	1
6807	32	1
6808	32	1
6809	32	1
6810	32	1
6811	32	1
6812	32	1
6813	32	1
6814	32	1
6815	32	1
6816	32	1
6817	32	1
6818	32	1
6819	32	1
6820	32	1
6821	32	1
6822	32	1
6823	32	1
6824	32	1
6825	32	1
6826	32	1
6827	32	1
6828	32	1
6829	32	1
6830	32	1
6831	32	1
6832	32	1
6833	32	1
6834	32	1
6835	32	1
6836	32	1
6837	32	1
6838	32	1
6839	32	1
6840	32	1
6841	32	1
6842	32	1
6843	32	1
6844	32	1
6845	32	1
6846	32	1
6847	32	1
6848	32	1
6849	32	1
6850	32	1
6851	32	1
6852	32	1
6853	32	1
6854	32	1
6855	32	1
6856	32	1
6857	32	1
6858	32	1
6859	32	1
6860	32	1
6861	32	1
6862	32	1
6863	32	1
6864	32	1
6865	32	1
6866	32	1
6867	32	1
6868	32	1
6869	32	1
6870	32	1
6871	32	1
6872	32	1
6873	32	1
6874	32	1
6875	32	1
6876	32	1
6877	32	1
6878	32	1
6879	32	1
6880	32	1
6881	32	1
6882	32	1
6883	32	1
6884	32	1
6885	32	1
6886	32	1
6887	32	1
6888	32	1
6889	32	1
6890	32	1
6891	32	1
6892	32	1
6893	32	1
6894	32	1
6895	32	1
6896	32	1
6897	32	1
6898	32	1
6899	32	1
6900	32	1
6901	32	1
6902	32	1
6903	32	1
6904	32	1
6905	32	1
6906	32	1
6907	32	1
6908	32	1
6909	32	1
6910	32	1
6911	32	1
6912	32	1
6913	32	1
6914	32	1
6915	32	1
6916	32	1
6917	32	1
6918	32	1
6919	32	1
6920	32	1
6921	32	1
6922	32	1
6923	32	1
6924	32	1
6925	32	1
6926	32	1
6927	32	1
6928	32	1
6929	32	1
6930	32	1
6931	32	1
6932	32	1
6933	32	1
6934	32	1
6935	32	1
6936	32	1
6937	32	1
6938	32	1
6939	32	1
6940	32	1
6941	32	1
6942	32	1
6943	32	1
6944	32	1
6945	32	1
6946	32	1
6947	32	1
6948	32	1
6949	32	1
6950	32	1
6951	32	1
6952	32	1
6953	32	1
6954	32	1
6955	32	1
6956	32	1
6957	32	1
6958	32	1
6959	32	1
6960	32	1
6961	32	1
6962	32	1
6963	32	1
6964	32	1
6965	32	1
6966	32	1
6967	32	1
6968	32	1
6969	32	1
6970	32	1
6971	32	1
6972	32	1
6973	32	1
6974	32	1
6975	32	1
6976	32	1
6977	32	1
6978	32	1
6979	32	1
6980	32	1
6981	32	1
6982	32	1
6983	32	1
6984	32	1
6985	32	1
6986	32	1
6987	32	1
6988	32	1
6989	32	1
6990	32	1
6991	32	1
6992	32	1
6993	32	1
6994	32	1
6995	32	1
6996	32	1
6997	32	1
6998	32	1
6999	32	1
7000	32	1
7001	32	1
7002	32	1
7003	32	1
7004	32	1
7005	32	1
7006	32	1
7007	32	1
7008	32	1
7009	32	1
7010	32	1
7011	32	1
7012	32	1
7013	32	1
7014	32	1
7015	32	1
7016	32	1
7017	32	1
7018	32	1
7019	32	1
7020	32	1
7021	32	1
7022	32	1
7023	32	1
7024	32	1
7025	32	1
7026	32	1
7027	32	1
7028	32	1
7029	32	1
7030	32	1
7031	32	1
7032	32	1
7033	32	1
7034	32	1
7035	32	1
7036	32	1
7037	32	1
7038	32	1
7039	32	1
7040	32	1
7041	32	1
7042	32	1
7043	32	1
7044	32	1
7045	32	1
7046	32	1
7047	32	1
7048	32	1
7049	32	1
7050	32	1
7051	32	1
7052	32	1
7053	32	1
7054	32	1
7055	32	1
7056	32	1
7057	32	1
7058	32	1
7059	32	1
7060	32	1
7061	32	1
7062	32	1
7063	32	1
7064	32	1
7065	32	1
7066	32	1
7067	32	1
7068	32	1
7069	32	1
7070	32	1
7071	32	1
7072	32	1
7073	32	1
7074	32	1
7075	32	1
7076	32	1
7077	32	1
7078	32	1
7079	32	1
7080	32	1
7081	32	1
7082	32	1
7083	32	1
7084	32	1
7085	32	1
7086	32	1
7087	32	1
7088	32	1
7089	32	1
7090	32	1
7091	32	1
7092	32	1
7093	32	1
7094	32	1
7095	32	1
7096	32	1
7097	32	1
7098	32	1
7099	32	1
7100	32	1
7101	32	1
7102	32	1
7103	32	1
7104	32	1
7105	32	1
7106	32	1
7107	32	1
7108	32	1
7109	32	1
7110	32	1
7111	32	1
7112	32	1
7113	32	1
7114	32	1
7115	32	1
7116	32	1
7117	32	1
7118	32	1
7119	32	1
7120	32	1
7121	32	1
7122	32	1
7123	32	1
7124	32	1
7125	32	1
7126	32	1
7127	32	1
7128	32	1
7129	32	1
7130	32	1
7131	32	1
7132	32	1
7133	32	1
7134	32	1
7135	32	1
7136	32	1
7137	32	1
7138	32	1
7139	32	1
7140	32	1
7141	32	1
7142	32	1
7143	32	1
7144	32	1
7145	32	1
7146	32	1
7147	32	1
7148	32	1
7149	32	1
7150	32	1
7151	32	1
7152	32	1
7153	32	1
7154	32	1
7155	32	1
7156	32	1
7157	32	1
7158	32	1
7159	32	1
7160	32	1
7161	32	1
7162	32	1
7163	32	1
7164	32	1
7165	32	1
7166	32	1
7167	32	1
7168	32	1
7169	32	1
7170	32	1
7171	32	1
7172	32	1
7173	32	1
7174	32	1
7175	32	1
7176	32	1
7177	32	1
7178	32	1
7179	32	1
7180	32	1
7181	32	1
7182	32	1
7183	32	1
7184	32	1
7185	32	1
7186	32	1
7187	32	1
7188	32	1
7189	32	1
7190	32	1
7191	32	1
7192	32	1
7193	32	1
7194	32	1
7195	32	1
7196	32	1
7197	32	1
7198	32	1
7199	32	1
7200	32	1
7201	32	1
7202	32	1
7203	32	1
7204	32	1
7205	32	1
7206	32	1
7207	32	1
7208	32	1
7209	32	1
7210	32	1
7211	32	1
7212	32	1
7213	32	1
7214	32	1
7215	32	1
7216	32	1
7217	32	1
7218	32	1
7219	32	1
7220	32	1
7221	32	1
7222	32	1
7223	33	1
7224	33	1
7225	33	1
7226	33	1
7227	33	1
7228	33	1
7229	33	1
7230	33	1
7231	33	1
7232	33	1
7233	33	1
7234	33	1
7235	33	1
7236	33	1
7237	33	1
7238	33	1
7239	33	1
7240	33	1
7241	33	1
7242	33	1
7243	33	1
7244	33	1
7245	33	1
7246	33	1
7247	33	1
7248	33	1
7249	33	1
7250	33	1
7251	33	1
7252	33	1
7253	33	1
7254	33	1
7255	33	1
7256	33	1
7257	33	1
7258	33	1
7259	33	1
7260	33	1
7261	33	1
7262	33	1
7263	33	1
7264	33	1
7265	33	1
7266	33	1
7267	33	1
7268	33	1
7269	33	1
7270	33	1
7271	33	1
7272	33	1
7273	33	1
7274	33	1
7275	33	1
7276	33	1
7277	33	1
7278	33	1
7279	33	1
7280	33	1
7281	33	1
7282	33	1
7283	33	1
7284	33	1
7285	33	1
7286	33	1
7287	33	1
7288	33	1
7289	33	1
7290	33	1
7291	33	1
7292	33	1
7293	33	1
7294	33	1
7295	33	1
7296	33	1
7297	33	1
7298	33	1
7299	33	1
7300	33	1
7301	33	1
7302	33	1
7303	33	1
7304	33	1
7305	33	1
7306	33	1
7307	33	1
7308	33	1
7309	33	1
7310	33	1
7311	33	1
7312	33	1
7313	33	1
7314	33	1
7315	33	1
7316	33	1
7317	33	1
7318	33	1
7319	33	1
7320	33	1
7321	33	1
7322	33	1
7323	33	1
7324	33	1
7325	33	1
7326	33	1
7327	33	1
7328	33	1
7329	33	1
7330	33	1
7331	33	1
7332	33	1
7333	33	1
7334	33	1
7335	33	1
7336	33	1
7337	33	1
7338	33	1
7339	33	1
7340	33	1
7341	34	1
7342	34	1
7343	34	1
7344	34	1
7345	34	1
7346	34	1
7347	34	1
7348	34	1
7349	34	1
7350	34	1
7351	34	1
7352	34	1
7353	34	1
7354	34	1
7355	34	1
7356	34	1
7357	34	1
7358	34	1
7359	34	1
7360	34	1
7361	34	1
7362	34	1
7363	34	1
7364	34	1
7365	34	1
7366	34	1
7367	34	1
7368	34	1
7369	34	1
7370	34	1
7371	34	1
7372	34	1
7373	34	1
7374	34	1
7375	34	1
7376	34	1
7377	34	1
7378	34	1
7379	34	1
7380	34	1
7381	34	1
7382	34	1
7383	34	1
7384	34	1
7385	34	1
7386	34	1
7387	34	1
7388	34	1
7389	34	1
7390	34	1
7391	34	1
7392	34	1
7393	34	1
7394	34	1
7395	34	1
7396	34	1
7397	34	1
7398	34	1
7399	34	1
7400	34	1
7401	34	1
7402	34	1
7403	34	1
7404	34	1
7405	34	1
7406	34	1
7407	34	1
7408	34	1
7409	34	1
7410	34	1
7411	34	1
7412	34	1
7413	34	1
7414	34	1
7415	34	1
7416	34	1
7417	34	1
7418	34	1
7419	34	1
7420	34	1
7421	34	1
7422	34	1
7423	34	1
7424	34	1
7425	34	1
7426	34	1
7427	34	1
7428	34	1
7429	34	1
7430	34	1
7431	34	1
7432	34	1
7433	34	1
7434	35	1
7435	35	1
7436	35	1
7437	35	1
7438	35	1
7439	35	1
7440	35	1
7441	35	1
7442	35	1
7443	35	1
7444	35	1
7445	35	1
7446	35	1
7447	35	1
7448	35	1
7449	35	1
7450	35	1
7451	35	1
7452	35	1
7453	35	1
7454	35	1
7455	35	1
7456	35	1
7457	35	1
7458	35	1
7459	35	1
7460	35	1
7461	35	1
7462	35	1
7463	35	1
7464	35	1
7465	35	1
7466	35	1
7467	35	1
7468	35	1
7469	35	1
7470	35	1
7471	35	1
7472	35	1
7473	35	1
7474	35	1
7475	35	1
7476	35	1
7477	35	1
7478	35	1
7479	35	1
7480	35	1
7481	35	1
7482	35	1
7483	35	1
7484	35	1
7485	35	1
7486	35	1
7487	35	1
7488	35	1
7489	35	1
7490	35	1
7491	35	1
7492	35	1
7493	35	1
7494	35	1
7495	35	1
7496	35	1
7497	35	1
7498	35	1
7499	35	1
7500	35	1
7501	35	1
7502	35	1
7503	35	1
7504	35	1
7505	35	1
7506	35	1
7507	35	1
7508	35	1
7509	35	1
7510	35	1
7511	35	1
7512	35	1
7513	35	1
7514	35	1
7515	35	1
7516	35	1
7517	35	1
7518	35	1
7519	35	1
7520	35	1
7521	35	1
7522	35	1
7523	35	1
7524	35	1
7525	35	1
7526	35	1
7527	35	1
7528	35	1
7529	35	1
7530	35	1
7531	35	1
7532	35	1
7533	35	1
7534	35	1
7535	35	1
7536	35	1
7537	35	1
7538	35	1
7539	35	1
7540	35	1
7541	35	1
7542	35	1
7543	35	1
7544	35	1
7545	35	1
7546	35	1
7547	35	1
7548	35	1
7549	35	1
7550	35	1
7551	35	1
7552	35	1
7553	35	1
7554	35	1
7555	35	1
7556	35	1
7557	35	1
7558	35	1
7559	35	1
7560	35	1
7561	35	1
7562	35	1
7563	35	1
7564	35	1
7565	35	1
7566	35	1
7567	35	1
7568	35	1
7569	35	1
7570	35	1
7571	35	1
7572	35	1
7573	35	1
7574	35	1
7575	35	1
7576	35	1
7577	35	1
7578	35	1
7579	35	1
7580	35	1
7581	35	1
7582	35	1
7583	35	1
7584	35	1
7585	35	1
7586	35	1
7587	35	1
7588	35	1
7589	35	1
7590	35	1
7591	35	1
7592	35	1
7593	35	1
7594	35	1
7595	35	1
7596	35	1
7597	35	1
7598	35	1
7599	35	1
7600	35	1
7601	35	1
7602	35	1
7603	35	1
7604	35	1
7605	35	1
7606	35	1
7607	35	1
7608	35	1
7609	35	1
7610	35	1
7611	35	1
7612	35	1
7613	35	1
7614	35	1
7615	35	1
7616	35	1
7617	35	1
7618	35	1
7619	35	1
7620	35	1
7621	35	1
7622	35	1
7623	35	1
7624	35	1
7625	35	1
7626	35	1
7627	35	1
7628	35	1
7629	35	1
7630	35	1
7631	35	1
7632	35	1
7633	35	1
7634	35	1
7635	36	1
7636	36	1
7637	36	1
7638	36	1
7639	36	1
7640	36	1
7641	36	1
7642	36	1
7643	36	1
7644	36	1
7645	36	1
7646	36	1
7647	36	1
7648	36	1
7649	36	1
7650	36	1
7651	36	1
7652	36	1
7653	36	1
7654	36	1
7655	36	1
7656	36	1
7657	36	1
7658	36	1
7659	36	1
7660	36	1
7661	36	1
7662	36	1
7663	36	1
7664	36	1
7665	36	1
7666	36	1
7667	36	1
7668	36	1
7669	36	1
7670	36	1
7671	36	1
7672	36	1
7673	36	1
7674	36	1
7675	36	1
7676	36	1
7677	36	1
7678	36	1
7679	36	1
7680	36	1
7681	36	1
7682	36	1
7683	36	1
7684	36	1
7685	36	1
7686	36	1
7687	36	1
7688	36	1
7689	36	1
7690	36	1
7691	36	1
7692	36	1
7693	36	1
7694	36	1
7695	36	1
7696	36	1
7697	36	1
7698	37	1
7699	37	1
7700	37	1
7701	37	1
7702	37	1
7703	37	1
7704	37	1
7705	37	1
7706	37	1
7707	37	1
7708	37	1
7709	37	1
7710	37	1
7711	37	1
7712	37	1
7713	37	1
7714	37	1
7715	37	1
7716	37	1
7717	37	1
7718	37	1
7719	37	1
7720	37	1
7721	37	1
7722	37	1
7723	37	1
7724	37	1
7725	37	1
7726	37	1
7727	37	1
7728	37	1
7729	37	1
7730	37	1
7731	37	1
7732	37	1
7733	37	1
7734	37	1
7735	37	1
7736	37	1
7737	37	1
7738	37	1
7739	37	1
7740	37	1
7741	37	1
7742	37	1
7743	37	1
7744	37	1
7745	37	1
7746	37	1
7747	37	1
7748	37	1
7749	37	1
7750	37	1
7751	37	1
7752	37	1
7753	37	1
7754	37	1
7755	37	1
7756	37	1
7757	37	1
7758	37	1
7759	37	1
7760	37	1
7761	37	1
7762	37	1
7763	37	1
7764	37	1
7765	37	1
7766	37	1
7767	37	1
7768	37	1
7769	37	1
7770	37	1
7771	37	1
7772	37	1
7773	37	1
7774	37	1
7775	37	1
7776	37	1
7777	37	1
7778	37	1
7779	37	1
7780	37	1
7781	37	1
7782	37	1
7783	37	1
7784	37	1
7785	38	1
7786	38	1
7787	38	1
7788	38	1
7789	38	1
7790	38	1
7791	38	1
7792	38	1
7793	38	1
7794	38	1
7795	38	1
7796	38	1
7797	38	1
7798	38	1
7799	38	1
7800	38	1
7801	38	1
7802	38	1
7803	38	1
7804	38	1
7805	38	1
7806	38	1
7807	38	1
7808	38	1
7809	38	1
7810	38	1
7811	38	1
7812	38	1
7813	38	1
7814	38	1
7815	38	1
7816	38	1
7817	38	1
7818	38	1
7819	38	1
7820	38	1
7821	38	1
7822	38	1
7823	38	1
7824	38	1
7825	38	1
7826	38	1
7827	38	1
7828	38	1
7829	38	1
7830	38	1
7831	38	1
7832	38	1
7833	38	1
7834	38	1
7835	38	1
7836	38	1
7837	38	1
7838	38	1
7839	38	1
7840	38	1
7841	38	1
7842	38	1
7843	38	1
7844	38	1
7845	38	1
7846	38	1
7847	38	1
7848	38	1
7849	38	1
7850	38	1
7851	38	1
7852	38	1
7853	38	1
7854	38	1
7855	38	1
7856	38	1
7857	38	1
7858	38	1
7859	38	1
7860	38	1
7861	38	1
7862	38	1
7863	38	1
7864	38	1
7865	38	1
7866	38	1
7867	38	1
7868	38	1
7869	38	1
7870	38	1
7871	38	1
7872	38	1
7873	38	1
7874	38	1
7875	38	1
7876	38	1
7877	38	1
7878	38	1
7879	38	1
7880	38	1
7881	38	1
7882	38	1
7883	38	1
7884	38	1
7885	38	1
7886	38	1
7887	38	1
7888	38	1
7889	38	1
7890	38	1
7891	38	1
7892	38	1
7893	38	1
7894	38	1
7895	38	1
7896	38	1
7897	38	1
7898	38	1
7899	38	1
7900	38	1
7901	38	1
7902	38	1
7903	38	1
7904	38	1
7905	38	1
7906	38	1
7907	38	1
7908	38	1
7909	38	1
7910	38	1
7911	38	1
7912	38	1
7913	38	1
7914	38	1
7915	38	1
7916	38	1
7917	38	1
7918	38	1
7919	38	1
7920	38	1
7921	38	1
7922	38	1
7923	38	1
7924	38	1
7925	38	1
7926	38	1
7927	38	1
7928	38	1
7929	38	1
7930	38	1
7931	38	1
7932	38	1
7933	38	1
7934	38	1
7935	38	1
7936	38	1
7937	38	1
7938	38	1
7939	38	1
7940	38	1
7941	38	1
7942	38	1
7943	38	1
7944	38	1
7945	38	1
7946	38	1
7947	38	1
7948	38	1
7949	38	1
7950	38	1
7951	38	1
7952	38	1
7953	38	1
7954	38	1
7955	38	1
7956	38	1
7957	38	1
7958	38	1
7959	38	1
7960	38	1
7961	38	1
7962	38	1
7963	38	1
7964	38	1
7965	38	1
7966	38	1
7967	38	1
7968	38	1
7969	38	1
7970	38	1
7971	38	1
7972	38	1
7973	38	1
7974	38	1
7975	38	1
7976	38	1
7977	38	1
7978	38	1
7979	38	1
7980	38	1
7981	38	1
7982	38	1
7983	38	1
7984	38	1
7985	38	1
7986	38	1
7987	38	1
7988	38	1
7989	38	1
7990	38	1
7991	38	1
7992	38	1
7993	38	1
7994	38	1
7995	38	1
7996	38	1
7997	38	1
7998	38	1
7999	38	1
8000	38	1
8001	38	1
8002	38	1
8003	38	1
8004	38	1
8005	38	1
8006	38	1
8007	38	1
8008	38	1
8009	38	1
8010	38	1
8011	38	1
8012	38	1
8013	38	1
8014	38	1
8015	38	1
8016	38	1
8017	38	1
8018	38	1
8019	38	1
8020	38	1
8021	38	1
8022	38	1
8023	38	1
8024	38	1
8025	39	1
8026	39	1
8027	39	1
8028	39	1
8029	39	1
8030	39	1
8031	39	1
8032	39	1
8033	39	1
8034	39	1
8035	39	1
8036	39	1
8037	39	1
8038	39	1
8039	39	1
8040	39	1
8041	39	1
8042	39	1
8043	39	1
8044	39	1
8045	39	1
8046	39	1
8047	39	1
8048	39	1
8049	39	1
8050	39	1
8051	39	1
8052	39	1
8053	39	1
8054	39	1
8055	39	1
8056	39	1
8057	39	1
8058	39	1
8059	39	1
8060	39	1
8061	39	1
8062	39	1
8063	39	1
8064	39	1
8065	39	1
8066	39	1
8067	39	1
8068	39	1
8069	39	1
8070	39	1
8071	39	1
8072	39	1
8073	39	1
8074	39	1
8075	39	1
8076	39	1
8077	39	1
8078	39	1
8079	39	1
8080	39	1
8081	39	1
8082	39	1
8083	39	1
8084	39	1
8085	39	1
8086	39	1
8087	39	1
8088	39	1
8089	39	1
8090	39	1
8091	39	1
8092	39	1
8093	39	1
8094	39	1
8095	39	1
8096	39	1
8097	39	1
8098	39	1
8099	39	1
8100	39	1
8101	39	1
8102	39	1
8103	39	1
8104	39	1
8105	39	1
8106	39	1
8107	39	1
8108	39	1
8109	39	1
8110	39	1
8111	39	1
8112	39	1
8113	39	1
8114	39	1
8115	39	1
8116	39	1
8117	39	1
8118	39	1
8119	39	1
8120	39	1
8121	39	1
8122	39	1
8123	39	1
8124	39	1
8125	39	1
8126	39	1
8127	39	1
8128	39	1
8129	39	1
8130	39	1
8131	39	1
8132	39	1
8133	39	1
8134	39	1
8135	39	1
8136	39	1
8137	39	1
8138	39	1
8139	39	1
8140	39	1
8141	39	1
8142	39	1
8143	39	1
8144	39	1
8145	39	1
8146	39	1
8147	39	1
8148	39	1
8149	39	1
8150	39	1
8151	39	1
8152	39	1
8153	39	1
8154	39	1
8155	39	1
8156	39	1
8157	39	1
8158	39	1
8159	39	1
8160	39	1
8161	39	1
8162	39	1
8163	39	1
8164	39	1
8165	39	1
8166	39	1
8167	39	1
8168	39	1
8169	39	1
8170	39	1
8171	39	1
8172	39	1
8173	39	1
8174	39	1
8175	39	1
8176	39	1
8177	39	1
8178	39	1
8179	39	1
8180	39	1
8181	39	1
8182	39	1
8183	39	1
8184	39	1
8185	39	1
8186	39	1
8187	39	1
8188	39	1
8189	39	1
8190	39	1
8191	39	1
8192	39	1
8193	39	1
8194	39	1
8195	39	1
8196	39	1
8197	39	1
8198	39	1
8199	39	1
8200	39	1
8201	39	1
8202	39	1
8203	39	1
8204	39	1
8205	39	1
8206	39	1
8207	39	1
8208	39	1
8209	39	1
8210	39	1
8211	39	1
8212	39	1
8213	39	1
8214	39	1
8215	39	1
8216	39	1
8217	39	1
8218	39	1
8219	39	1
8220	39	1
8221	39	1
8222	39	1
8223	39	1
8224	39	1
8225	39	1
8226	39	1
8227	39	1
8228	39	1
8229	39	1
8230	39	1
8231	39	1
8232	39	1
8233	39	1
8234	39	1
8235	39	1
8236	39	1
8237	39	1
8238	39	1
8239	40	1
8240	40	1
8241	40	1
8242	40	1
8243	40	1
8244	40	1
8245	40	1
8246	40	1
8247	40	1
8248	40	1
8249	40	1
8250	40	1
8251	40	1
8252	40	1
8253	40	1
8254	40	1
8255	40	1
8256	40	1
8257	40	1
8258	40	1
8259	40	1
8260	40	1
8261	40	1
8262	40	1
8263	40	1
8264	40	1
8265	40	1
8266	40	1
8267	40	1
8268	40	1
8269	40	1
8270	40	1
8271	40	1
8272	40	1
8273	40	1
8274	40	1
8275	40	1
8276	40	1
8277	40	1
8278	40	1
8279	40	1
8280	40	1
8281	40	1
8282	40	1
8283	40	1
8284	40	1
8285	40	1
8286	40	1
8287	40	1
8288	40	1
8289	40	1
8290	40	1
8291	40	1
8292	40	1
8293	40	1
8294	40	1
8295	40	1
8296	40	1
8297	40	1
8298	40	1
8299	40	1
8300	40	1
8301	40	1
8302	40	1
8303	40	1
8304	40	1
8305	40	1
8306	40	1
8307	40	1
8308	40	1
8309	40	1
8310	40	1
8311	40	1
8312	40	1
8313	40	1
8314	40	1
8315	40	1
8316	40	1
8317	40	1
8318	40	1
8319	40	1
8320	40	1
8321	40	1
8322	40	1
8323	40	1
8324	40	1
8325	40	1
8326	40	1
8327	40	1
8328	40	1
8329	40	1
8330	40	1
8331	40	1
8332	40	1
8333	40	1
8334	40	1
8335	40	1
8336	40	1
8337	40	1
8338	40	1
8339	40	1
8340	40	1
8341	40	1
8342	40	1
8343	40	1
8344	40	1
8345	40	1
8346	40	1
8347	40	1
8348	40	1
8349	40	1
8350	40	1
8351	40	1
8352	40	1
8353	40	1
8354	40	1
8355	40	1
8356	40	1
8357	40	1
8358	40	1
8359	40	1
8360	40	1
8361	40	1
8362	40	1
8363	40	1
8364	40	1
8365	40	1
8366	40	1
8367	40	1
8368	40	1
8369	40	1
8370	40	1
8371	40	1
8372	40	1
8373	40	1
8374	40	1
8375	40	1
8376	40	1
8377	40	1
8378	40	1
8379	40	1
8380	40	1
8381	40	1
8382	40	1
8383	40	1
8384	40	1
8385	40	1
8386	40	1
8387	40	1
8388	40	1
8389	40	1
8390	40	1
8391	40	1
8392	40	1
8393	40	1
8394	40	1
8395	40	1
8396	40	1
8397	40	1
8398	40	1
8399	40	1
8400	40	1
8401	40	1
8402	40	1
8403	40	1
8404	40	1
8405	40	1
8406	40	1
8407	40	1
8408	40	1
8409	40	1
8410	40	1
8411	40	1
8412	40	1
8413	40	1
8414	40	1
8415	40	1
8416	40	1
8417	40	1
8418	40	1
8419	40	1
8420	40	1
8421	40	1
8422	40	1
8423	40	1
8424	40	1
8425	40	1
8426	40	1
8427	40	1
8428	40	1
8429	40	1
8430	40	1
8431	40	1
8432	40	1
8433	40	1
8434	40	1
8435	40	1
8436	40	1
8437	40	1
8438	40	1
8439	40	1
8440	40	1
8441	40	1
8442	40	1
8443	40	1
8444	40	1
8445	40	1
8446	40	1
8447	40	1
8448	40	1
8449	40	1
8450	40	1
8451	40	1
8452	40	1
8453	40	1
8454	40	1
8455	40	1
8456	40	1
8457	40	1
8458	40	1
8459	40	1
8460	40	1
8461	40	1
8462	40	1
8463	40	1
8464	40	1
8465	40	1
8466	40	1
8467	40	1
8468	40	1
8469	40	1
8470	40	1
8471	40	1
8472	40	1
8473	40	1
8474	40	1
8475	40	1
8476	40	1
8477	40	1
8478	40	1
8479	40	1
8480	40	1
8481	41	1
8482	41	1
8483	41	1
8484	41	1
8485	41	1
8486	41	1
8487	41	1
8488	41	1
8489	41	1
8490	41	1
8491	41	1
8492	41	1
8493	41	1
8494	41	1
8495	41	1
8496	41	1
8497	41	1
8498	41	1
8499	41	1
8500	41	1
8501	41	1
8502	41	1
8503	41	1
8504	41	1
8505	41	1
8506	41	1
8507	41	1
8508	41	1
8509	41	1
8510	41	1
8511	41	1
8512	41	1
8513	41	1
8514	41	1
8515	41	1
8516	41	1
8517	41	1
8518	41	1
8519	41	1
8520	41	1
8521	41	1
8522	41	1
8523	41	1
8524	41	1
8525	41	1
8526	41	1
8527	41	1
8528	41	1
8529	41	1
8530	41	1
8531	41	1
8532	41	1
8533	41	1
8534	41	1
8535	41	1
8536	41	1
8537	41	1
8538	41	1
8539	41	1
8540	41	1
8541	41	1
8542	41	1
8543	41	1
8544	41	1
8545	41	1
8546	41	1
8547	41	1
8548	41	1
8549	41	1
8550	41	1
8551	41	1
8552	41	1
8553	41	1
8554	41	1
8555	41	1
8556	41	1
8557	41	1
8558	41	1
8559	41	1
8560	41	1
8561	41	1
8562	41	1
8563	41	1
8564	41	1
8565	41	1
8566	41	1
8567	41	1
8568	41	1
8569	41	1
8570	41	1
8571	41	1
8572	41	1
8573	41	1
8574	41	1
8575	41	1
8576	41	1
8577	41	1
8578	41	1
8579	41	1
8580	41	1
8581	41	1
8582	41	1
8583	41	1
8584	41	1
8585	41	1
8586	41	1
8587	41	1
8588	41	1
8589	41	1
8590	41	1
8591	41	1
8592	41	1
8593	41	1
8594	41	1
8595	41	1
8596	41	1
8597	41	1
8598	41	1
8599	41	1
8600	41	1
8601	41	1
8602	41	1
8603	41	1
8604	41	1
8605	41	1
8606	41	1
8607	41	1
8608	41	1
8609	41	1
8610	41	1
8611	41	1
8612	41	1
8613	41	1
8614	41	1
8615	41	1
8616	41	1
8617	41	1
8618	41	1
8619	41	1
8620	41	1
8621	41	1
8622	41	1
8623	41	1
8624	42	1
8625	42	1
8626	42	1
8627	42	1
8628	42	1
8629	42	1
8630	42	1
8631	42	1
8632	42	1
8633	42	1
8634	42	1
8635	42	1
8636	42	1
8637	42	1
8638	42	1
8639	42	1
8640	42	1
8641	42	1
8642	42	1
8643	42	1
8644	42	1
8645	42	1
8646	42	1
8647	42	1
8648	42	1
8649	42	1
8650	42	1
8651	42	1
8652	42	1
8653	42	1
8654	42	1
8655	42	1
8656	42	1
8657	42	1
8658	42	1
8659	42	1
8660	42	1
8661	42	1
8662	42	1
8663	42	1
8664	42	1
8665	42	1
8666	42	1
8667	42	1
8668	42	1
8669	42	1
8670	42	1
8671	42	1
8672	42	1
8673	42	1
8674	42	1
8675	42	1
8676	42	1
8677	42	1
8678	42	1
8679	42	1
8680	42	1
8681	42	1
8682	42	1
8683	42	1
8684	42	1
8685	42	1
8686	42	1
8687	42	1
8688	42	1
8689	42	1
8690	42	1
8691	42	1
8692	42	1
8693	42	1
8694	42	1
8695	42	1
8696	42	1
8697	42	1
8698	42	1
8699	42	1
8700	42	1
8701	42	1
8702	42	1
8703	42	1
8704	42	1
8705	42	1
8706	42	1
8707	42	1
8708	42	1
8709	42	1
8710	42	1
8711	42	1
8712	42	1
8713	42	1
8714	42	1
8715	42	1
8716	42	1
8717	42	1
8718	42	1
8719	42	1
8720	42	1
8721	42	1
8722	42	1
8723	42	1
8724	42	1
8725	42	1
8726	42	1
8727	42	1
8728	42	1
8729	42	1
8730	42	1
8731	42	1
8732	42	1
8733	42	1
8734	42	1
8735	42	1
8736	42	1
8737	42	1
8738	42	1
8739	42	1
8740	42	1
8741	42	1
8742	42	1
8743	42	1
8744	42	1
8745	42	1
8746	42	1
8747	42	1
8748	42	1
8749	42	1
8750	42	1
8751	42	1
8752	42	1
8753	42	1
8754	42	1
8755	42	1
8756	42	1
8757	42	1
8758	42	1
8759	42	1
8760	42	1
8761	42	1
8762	42	1
8763	42	1
8764	42	1
8765	42	1
8766	42	1
8767	42	1
8768	42	1
8769	42	1
8770	42	1
8771	42	1
8772	42	1
8773	42	1
8774	42	1
8775	42	1
8776	42	1
8777	42	1
8778	42	1
8779	42	1
8780	42	1
8781	42	1
8782	42	1
8783	42	1
8784	42	1
8785	42	1
8786	42	1
8787	42	1
8788	42	1
8789	42	1
8790	42	1
8791	42	1
8792	42	1
8793	42	1
8794	42	1
8795	42	1
8796	42	1
8797	42	1
8798	42	1
8799	42	1
8800	42	1
8801	42	1
8802	42	1
8803	42	1
8804	42	1
8805	42	1
8806	42	1
8807	42	1
8808	42	1
8809	42	1
8810	42	1
8811	42	1
8812	42	1
8813	42	1
8814	42	1
8815	42	1
8816	42	1
8817	42	1
8818	42	1
8819	42	1
8820	42	1
8821	42	1
8822	42	1
8823	42	1
8824	42	1
8825	42	1
8826	42	1
8827	42	1
8828	42	1
8829	42	1
8830	42	1
8831	42	1
8832	42	1
8833	42	1
8834	42	1
8835	42	1
8836	42	1
8837	42	1
8838	42	1
8839	42	1
8840	42	1
8841	42	1
8842	42	1
8843	42	1
8844	42	1
8845	42	1
8846	42	1
8847	42	1
8848	42	1
8849	42	1
8850	42	1
8851	42	1
8852	42	1
8853	42	1
8854	42	1
8855	42	1
8856	42	1
8857	42	1
8858	42	1
8859	42	1
8860	42	1
8861	42	1
8862	42	1
8863	42	1
8864	42	1
8865	42	1
8866	42	1
8867	42	1
8868	42	1
8869	42	1
8870	42	1
8871	42	1
8872	42	1
8873	42	1
8874	42	1
8875	42	1
8876	42	1
8877	42	1
8878	42	1
8879	42	1
8880	42	1
8881	42	1
8882	42	1
8883	42	1
8884	42	1
8885	42	1
8886	42	1
8887	42	1
8888	42	1
8889	42	1
8890	42	1
8891	42	1
8892	42	1
8893	42	1
8894	42	1
8895	42	1
8896	42	1
8897	42	1
8898	42	1
8899	42	1
8900	42	1
8901	42	1
8902	42	1
8903	42	1
8904	42	1
8905	42	1
8906	42	1
8907	42	1
8908	42	1
8909	42	1
8910	42	1
8911	42	1
8912	42	1
8913	42	1
8914	42	1
8915	42	1
8916	42	1
8917	42	1
8918	42	1
8919	42	1
8920	42	1
8921	42	1
8922	42	1
8923	42	1
8924	42	1
8925	42	1
8926	42	1
8927	42	1
8928	42	1
8929	42	1
8930	42	1
8931	42	1
8932	42	1
8933	42	1
8934	42	1
8935	42	1
8936	42	1
8937	42	1
8938	43	1
8939	43	1
8940	43	1
8941	43	1
8942	43	1
8943	43	1
8944	43	1
8945	43	1
8946	43	1
8947	43	1
8948	43	1
8949	43	1
8950	43	1
8951	43	1
8952	43	1
8953	43	1
8954	43	1
8955	43	1
8956	43	1
8957	43	1
8958	43	1
8959	43	1
8960	43	1
8961	43	1
8962	43	1
8963	43	1
8964	43	1
8965	43	1
8966	43	1
8967	43	1
8968	43	1
8969	43	1
8970	43	1
8971	43	1
8972	43	1
8973	43	1
8974	43	1
8975	43	1
8976	43	1
8977	43	1
8978	43	1
8979	43	1
8980	43	1
8981	43	1
8982	43	1
8983	43	1
8984	43	1
8985	43	1
8986	43	1
8987	43	1
8988	43	1
8989	43	1
8990	43	1
8991	43	1
8992	43	1
8993	43	1
8994	43	1
8995	43	1
8996	43	1
8997	43	1
8998	43	1
8999	43	1
9000	43	1
9001	43	1
9002	43	1
9003	43	1
9004	43	1
9005	43	1
9006	43	1
9007	43	1
9008	43	1
9009	43	1
9010	43	1
9011	43	1
9012	43	1
9013	43	1
9014	43	1
9015	43	1
9016	43	1
9017	43	1
9018	43	1
9019	43	1
9020	43	1
9021	43	1
9022	43	1
9023	43	1
9024	43	1
9025	43	1
9026	43	1
9027	43	1
9028	43	1
9029	43	1
9030	43	1
9031	43	1
9032	43	1
9033	43	1
9034	43	1
9035	43	1
9036	43	1
9037	43	1
9038	43	1
9039	43	1
9040	43	1
9041	43	1
9042	43	1
9043	43	1
9044	43	1
9045	43	1
9046	43	1
9047	43	1
9048	43	1
9049	43	1
9050	43	1
9051	43	1
9052	43	1
9053	43	1
9054	43	1
9055	43	1
9056	43	1
9057	43	1
9058	43	1
9059	43	1
9060	43	1
9061	43	1
9062	43	1
9063	43	1
9064	43	1
9065	43	1
9066	43	1
9067	43	1
9068	43	1
9069	43	1
9070	43	1
9071	43	1
9072	43	1
9073	43	1
9074	43	1
9075	43	1
9076	43	1
9077	43	1
9078	43	1
9079	43	1
9080	43	1
9081	43	1
9082	43	1
9083	43	1
9084	43	1
9085	43	1
9086	43	1
9087	43	1
9088	43	1
9089	43	1
9090	43	1
9091	43	1
9092	43	1
9093	43	1
9094	43	1
9095	43	1
9096	43	1
9097	43	1
9098	43	1
9099	43	1
9100	43	1
9101	43	1
9102	43	1
9103	43	1
9104	43	1
9105	43	1
9106	43	1
9107	43	1
9108	43	1
9109	43	1
9110	43	1
9111	43	1
9112	43	1
9113	43	1
9114	43	1
9115	43	1
9116	43	1
9117	43	1
9118	43	1
9119	43	1
9120	43	1
9121	43	1
9122	43	1
9123	43	1
9124	43	1
9125	43	1
9126	43	1
9127	43	1
9128	43	1
9129	43	1
9130	43	1
9131	43	1
9132	43	1
9133	43	1
9134	43	1
9135	43	1
9136	43	1
9137	43	1
9138	43	1
9139	43	1
9140	43	1
9141	43	1
9142	43	1
9143	43	1
9144	43	1
9145	43	1
9146	43	1
9147	43	1
9148	43	1
9149	43	1
9150	43	1
9151	43	1
9152	43	1
9153	43	1
9154	43	1
9155	43	1
9156	43	1
9157	43	1
9158	43	1
9159	43	1
9160	43	1
9161	43	1
9162	43	1
9163	43	1
9164	43	1
9165	43	1
9166	43	1
9167	43	1
9168	43	1
9169	43	1
9170	43	1
9171	43	1
9172	43	1
9173	43	1
9174	43	1
9175	43	1
9176	43	1
9177	43	1
9178	43	1
9179	43	1
9180	43	1
9181	43	1
9182	43	1
9183	43	1
9184	43	1
9185	43	1
9186	43	1
9187	43	1
9188	43	1
9189	43	1
9190	43	1
9191	43	1
9192	43	1
9193	43	1
9194	43	1
9195	43	1
9196	43	1
9197	43	1
9198	43	1
9199	43	1
9200	43	1
9201	43	1
9202	43	1
9203	43	1
9204	43	1
9205	43	1
9206	43	1
9207	43	1
9208	43	1
9209	43	1
9210	43	1
9211	43	1
9212	43	1
9213	43	1
9214	43	1
9215	43	1
9216	43	1
9217	43	1
9218	43	1
9219	43	1
9220	43	1
9221	43	1
9222	43	1
9223	43	1
9224	43	1
9225	43	1
9226	43	1
9227	43	1
9228	43	1
9229	43	1
9230	43	1
9231	43	1
9232	43	1
9233	43	1
9234	43	1
9235	43	1
9236	43	1
9237	43	1
9238	43	1
9239	43	1
9240	43	1
9241	43	1
9242	43	1
9243	43	1
9244	43	1
9245	43	1
9246	43	1
9247	43	1
9248	43	1
9249	43	1
9250	43	1
9251	43	1
9252	43	1
9253	43	1
9254	43	1
9255	43	1
9256	43	1
9257	43	1
9258	43	1
9259	43	1
9260	43	1
9261	43	1
9262	43	1
9263	43	1
9264	43	1
9265	43	1
9266	43	1
9267	43	1
9268	43	1
9269	43	1
9270	43	1
9271	43	1
9272	43	1
9273	43	1
9274	43	1
9275	43	1
9276	43	1
9277	43	1
9278	43	1
9279	43	1
9280	43	1
9281	43	1
9282	43	1
9283	43	1
9284	43	1
9285	43	1
9286	43	1
9287	43	1
9288	43	1
9289	43	1
9290	43	1
9291	43	1
9292	43	1
9293	43	1
9294	43	1
9295	43	1
9296	43	1
9297	43	1
9298	43	1
9299	43	1
9300	43	1
9301	43	1
9302	43	1
9303	43	1
9304	43	1
9305	43	1
9306	43	1
9307	43	1
9308	43	1
9309	43	1
9310	43	1
9311	43	1
9312	43	1
9313	43	1
9314	43	1
9315	43	1
9316	43	1
9317	43	1
9318	43	1
9319	43	1
9320	43	1
9321	43	1
9322	43	1
9323	43	1
9324	43	1
9325	43	1
9326	43	1
9327	43	1
9328	43	1
9329	43	1
9330	43	1
9331	43	1
9332	43	1
9333	43	1
9334	43	1
9335	43	1
9336	43	1
9337	43	1
9338	43	1
9339	43	1
9340	43	1
9341	43	1
9342	43	1
9343	43	1
9344	43	1
9345	43	1
9346	43	1
9347	43	1
9348	43	1
9349	43	1
9350	43	1
9351	43	1
9352	43	1
9353	43	1
9354	43	1
9355	43	1
9356	43	1
9357	43	1
9358	43	1
9359	43	1
9360	43	1
9361	43	1
9362	43	1
9363	43	1
9364	43	1
9365	43	1
9366	43	1
9367	43	1
9368	43	1
9369	43	1
9370	43	1
9371	43	1
9372	43	1
9373	43	1
9374	43	1
9375	43	1
9376	43	1
9377	43	1
9378	43	1
9379	43	1
9380	43	1
9381	43	1
9382	43	1
9383	43	1
9384	43	1
9385	43	1
9386	43	1
9387	43	1
9388	43	1
9389	43	1
9390	44	1
9391	44	1
9392	44	1
9393	44	1
9394	44	1
9395	44	1
9396	44	1
9397	44	1
9398	44	1
9399	44	1
9400	44	1
9401	44	1
9402	44	1
9403	44	1
9404	44	1
9405	44	1
9406	44	1
9407	44	1
9408	44	1
9409	44	1
9410	44	1
9411	44	1
9412	44	1
9413	44	1
9414	44	1
9415	44	1
9416	44	1
9417	44	1
9418	44	1
9419	44	1
9420	44	1
9421	44	1
9422	44	1
9423	44	1
9424	44	1
9425	44	1
9426	44	1
9427	44	1
9428	44	1
9429	44	1
9430	44	1
9431	44	1
9432	44	1
9433	44	1
9434	44	1
9435	44	1
9436	44	1
9437	44	1
9438	44	1
9439	44	1
9440	44	1
9441	44	1
9442	44	1
9443	44	1
9444	44	1
9445	44	1
9446	44	1
9447	44	1
9448	44	1
9449	44	1
9450	44	1
9451	44	1
9452	44	1
9453	44	1
9454	44	1
9455	44	1
9456	44	1
9457	44	1
9458	44	1
9459	44	1
9460	44	1
9461	44	1
9462	44	1
9463	44	1
9464	44	1
9465	44	1
9466	44	1
9467	44	1
9468	44	1
9469	44	1
9470	44	1
9471	44	1
9472	44	1
9473	44	1
9474	44	1
9475	44	1
9476	44	1
9477	44	1
9478	44	1
9479	44	1
9480	44	1
9481	44	1
9482	44	1
9483	44	1
9484	44	1
9485	45	1
9486	45	1
9487	45	1
9488	45	1
9489	45	1
9490	45	1
9491	45	1
9492	45	1
9493	45	1
9494	45	1
9495	45	1
9496	45	1
9497	45	1
9498	45	1
9499	45	1
9500	45	1
9501	45	1
9502	45	1
9503	45	1
9504	45	1
9505	45	1
9506	45	1
9507	45	1
9508	45	1
9509	45	1
9510	45	1
9511	45	1
9512	45	1
9513	45	1
9514	45	1
9515	45	1
9516	45	1
9517	45	1
9518	45	1
9519	45	1
9520	45	1
9521	45	1
9522	45	1
9523	45	1
9524	45	1
9525	45	1
9526	45	1
9527	45	1
9528	45	1
9529	45	1
9530	45	1
9531	45	1
9532	45	1
9533	45	1
9534	45	1
9535	45	1
9536	45	1
9537	45	1
9538	45	1
9539	45	1
9540	45	1
9541	45	1
9542	45	1
9543	45	1
9544	45	1
9545	45	1
9546	45	1
9547	45	1
9548	45	1
9549	45	1
9550	45	1
9551	45	1
9552	45	1
9553	45	1
9554	45	1
9555	45	1
9556	45	1
9557	45	1
9558	45	1
9559	45	1
9560	45	1
9561	45	1
9562	45	1
9563	45	1
9564	45	1
9565	45	1
9566	45	1
9567	45	1
9568	45	1
9569	45	1
9570	45	1
9571	45	1
9572	45	1
9573	45	1
9574	45	1
9575	45	1
9576	45	1
9577	45	1
9578	45	1
9579	45	1
9580	45	1
9581	45	1
9582	45	1
9583	45	1
9584	45	1
9585	45	1
9586	45	1
9587	45	1
9588	45	1
9589	45	1
9590	45	1
9591	45	1
9592	45	1
9593	45	1
9594	45	1
9595	45	1
9596	45	1
9597	45	1
9598	45	1
9599	45	1
9600	45	1
9601	45	1
9602	45	1
9603	45	1
9604	45	1
9605	45	1
9606	45	1
9607	45	1
9608	45	1
9609	45	1
9610	45	1
9611	45	1
9612	45	1
9613	45	1
9614	45	1
9615	45	1
9616	45	1
9617	45	1
9618	45	1
9619	45	1
9620	45	1
9621	45	1
9622	45	1
9623	45	1
9624	45	1
9625	45	1
9626	45	1
9627	45	1
9628	45	1
9629	45	1
9630	45	1
9631	45	1
9632	45	1
9633	45	1
9634	45	1
9635	45	1
9636	45	1
9637	45	1
9638	45	1
9639	45	1
9640	45	1
9641	45	1
9642	45	1
9643	45	1
9644	45	1
9645	45	1
9646	45	1
9647	45	1
9648	45	1
9649	45	1
9650	45	1
9651	45	1
9652	45	1
9653	45	1
9654	45	1
9655	45	1
9656	45	1
9657	45	1
9658	45	1
9659	45	1
9660	45	1
9661	45	1
9662	45	1
9663	45	1
9664	45	1
9665	45	1
9666	45	1
9667	45	1
9668	45	1
9669	45	1
9670	45	1
9671	45	1
9672	45	1
9673	45	1
9674	45	1
9675	45	1
9676	45	1
9677	45	1
9678	45	1
9679	45	1
9680	45	1
9681	45	1
9682	45	1
9683	45	1
9684	45	1
9685	46	1
9686	46	1
9687	46	1
9688	46	1
9689	46	1
9690	46	1
9691	46	1
9692	46	1
9693	46	1
9694	46	1
9695	46	1
9696	46	1
9697	46	1
9698	46	1
9699	46	1
9700	46	1
9701	46	1
9702	46	1
9703	46	1
9704	46	1
9705	46	1
9706	46	1
9707	46	1
9708	46	1
9709	46	1
9710	46	1
9711	46	1
9712	46	1
9713	46	1
9714	46	1
9715	46	1
9716	46	1
9717	46	1
9718	46	1
9719	46	1
9720	46	1
9721	46	1
9722	46	1
9723	46	1
9724	46	1
9725	46	1
9726	46	1
9727	46	1
9728	46	1
9729	46	1
9730	46	1
9731	46	1
9732	46	1
9733	46	1
9734	46	1
9735	46	1
9736	46	1
9737	46	1
9738	46	1
9739	46	1
9740	46	1
9741	46	1
9742	46	1
9743	46	1
9744	46	1
9745	46	1
9746	46	1
9747	46	1
9748	46	1
9749	46	1
9750	46	1
9751	46	1
9752	46	1
9753	46	1
9754	46	1
9755	46	1
9756	46	1
9757	46	1
9758	46	1
9759	46	1
9760	46	1
9761	46	1
9762	46	1
9763	46	1
9764	46	1
9765	46	1
9766	46	1
9767	46	1
9768	46	1
9769	46	1
9770	46	1
9771	46	1
9772	46	1
9773	46	1
9774	46	1
9775	46	1
9776	46	1
9777	46	1
9778	46	1
9779	46	1
9780	46	1
9781	46	1
9782	46	1
9783	46	1
9784	46	1
9785	46	1
9786	46	1
9787	46	1
9788	46	1
9789	46	1
9790	46	1
9791	46	1
9792	46	1
9793	46	1
9794	46	1
9795	46	1
9796	46	1
9797	46	1
9798	46	1
9799	46	1
9800	46	1
9801	46	1
9802	46	1
9803	46	1
9804	46	1
9805	46	1
9806	46	1
9807	46	1
9808	46	1
9809	46	1
9810	46	1
9811	46	1
9812	46	1
9813	46	1
9814	46	1
9815	46	1
9816	46	1
9817	46	1
9818	46	1
9819	46	1
9820	46	1
9821	46	1
9822	46	1
9823	46	1
9824	46	1
9825	46	1
9826	46	1
9827	46	1
9828	46	1
9829	46	1
9830	46	1
9831	46	1
9832	46	1
9833	46	1
9834	46	1
9835	46	1
9836	46	1
9837	46	1
9838	46	1
9839	46	1
9840	47	1
9841	47	1
9842	47	1
9843	47	1
9844	47	1
9845	47	1
9846	47	1
9847	47	1
9848	47	1
9849	47	1
9850	47	1
9851	47	1
9852	47	1
9853	47	1
9854	47	1
9855	47	1
9856	47	1
9857	47	1
9858	47	1
9859	47	1
9860	47	1
9861	47	1
9862	47	1
9863	47	1
9864	47	1
9865	47	1
9866	47	1
9867	47	1
9868	47	1
9869	47	1
9870	47	1
9871	47	1
9872	47	1
9873	47	1
9874	47	1
9875	47	1
9876	47	1
9877	47	1
9878	47	1
9879	47	1
9880	47	1
9881	47	1
9882	47	1
9883	47	1
9884	47	1
9885	47	1
9886	47	1
9887	47	1
9888	47	1
9889	47	1
9890	47	1
9891	47	1
9892	47	1
9893	47	1
9894	47	1
9895	47	1
9896	47	1
9897	47	1
9898	47	1
9899	47	1
9900	47	1
9901	47	1
9902	47	1
9903	47	1
9904	47	1
9905	47	1
9906	47	1
9907	47	1
9908	47	1
9909	47	1
9910	47	1
9911	47	1
9912	47	1
9913	47	1
9914	47	1
9915	47	1
9916	47	1
9917	47	1
9918	47	1
9919	47	1
9920	47	1
9921	47	1
9922	47	1
9923	47	1
9924	47	1
9925	47	1
9926	47	1
9927	47	1
9928	47	1
9929	47	1
9930	47	1
9931	47	1
9932	47	1
9933	47	1
9934	47	1
9935	47	1
9936	47	1
9937	47	1
9938	47	1
9939	47	1
9940	47	1
9941	47	1
9942	47	1
9943	47	1
9944	47	1
9945	47	1
9946	47	1
9947	47	1
9948	47	1
9949	47	1
9950	47	1
9951	47	1
9952	47	1
9953	47	1
9954	47	1
9955	47	1
9956	47	1
9957	47	1
9958	47	1
9959	47	1
9960	47	1
9961	47	1
9962	48	1
9963	48	1
9964	48	1
9965	48	1
9966	48	1
9967	48	1
9968	48	1
9969	48	1
9970	48	1
9971	48	1
9972	48	1
9973	48	1
9974	48	1
9975	48	1
9976	48	1
9977	48	1
9978	48	1
9979	48	1
9980	48	1
9981	48	1
9982	48	1
9983	48	1
9984	48	1
9985	48	1
9986	48	1
9987	48	1
9988	48	1
9989	48	1
9990	48	1
9991	48	1
9992	48	1
9993	48	1
9994	48	1
9995	48	1
9996	48	1
9997	48	1
9998	48	1
9999	48	1
10000	48	1
10001	48	1
10002	48	1
10003	48	1
10004	48	1
10005	48	1
10006	48	1
10007	48	1
10008	48	1
10009	48	1
10010	48	1
10011	48	1
10012	48	1
10013	48	1
10014	48	1
10015	48	1
10016	48	1
10017	48	1
10018	48	1
10019	48	1
10020	48	1
10021	48	1
10022	48	1
10023	48	1
10024	48	1
10025	48	1
10026	48	1
10027	48	1
10028	48	1
10029	48	1
10030	48	1
10031	48	1
10032	48	1
10033	48	1
10034	48	1
10035	48	1
10036	48	1
10037	48	1
10038	48	1
10039	48	1
10040	48	1
10041	48	1
10042	48	1
10043	48	1
10044	48	1
10045	48	1
10046	48	1
10047	48	1
10048	48	1
10049	48	1
10050	48	1
10051	48	1
10052	48	1
10053	48	1
10054	48	1
10055	48	1
10056	48	1
10057	48	1
10058	48	1
10059	48	1
10060	48	1
10061	48	1
10062	49	1
10063	49	1
10064	49	1
10065	49	1
10066	49	1
10067	49	1
10068	49	1
10069	49	1
10070	49	1
10071	49	1
10072	49	1
10073	49	1
10074	49	1
10075	49	1
10076	49	1
10077	49	1
10078	49	1
10079	49	1
10080	49	1
10081	49	1
10082	49	1
10083	49	1
10084	49	1
10085	49	1
10086	49	1
10087	49	1
10088	49	1
10089	49	1
10090	49	1
10091	49	1
10092	49	1
10093	49	1
10094	49	1
10095	49	1
10096	49	1
10097	49	1
10098	49	1
10099	49	1
10100	49	1
10101	49	1
10102	49	1
10103	49	1
10104	49	1
10105	49	1
10106	49	1
10107	49	1
10108	49	1
10109	49	1
10110	49	1
10111	49	1
10112	49	1
10113	49	1
10114	49	1
10115	49	1
10116	49	1
10117	49	1
10118	49	1
10119	49	1
10120	49	1
10121	49	1
10122	49	1
10123	49	1
10124	49	1
10125	49	1
10126	49	1
10127	49	1
10128	49	1
10129	49	1
10130	49	1
10131	49	1
10132	49	1
10133	50	1
10134	50	1
10135	50	1
10136	50	1
10137	50	1
10138	50	1
10139	50	1
10140	50	1
10141	50	1
10142	50	1
10143	50	1
10144	50	1
10145	50	1
10146	50	1
10147	50	1
10148	50	1
10149	50	1
10150	50	1
10151	50	1
10152	50	1
10153	50	1
10154	50	1
10155	50	1
10156	50	1
10157	50	1
10158	50	1
10159	50	1
10160	50	1
10161	50	1
10162	50	1
10163	50	1
10164	50	1
10165	50	1
10166	50	1
10167	50	1
10168	50	1
10169	50	1
10170	50	1
10171	50	1
10172	50	1
10173	50	1
10174	50	1
10175	50	1
10176	50	1
10177	50	1
10178	50	1
10179	50	1
10180	50	1
10181	50	1
10182	50	1
10183	50	1
10184	50	1
10185	50	1
10186	50	1
10187	50	1
10188	50	1
10189	50	1
10190	50	1
10191	50	1
10192	50	1
10193	50	1
10194	50	1
10195	50	1
10196	50	1
10197	50	1
10198	50	1
10199	50	1
10200	50	1
10201	50	1
10202	50	1
10203	50	1
10204	50	1
10205	50	1
10206	50	1
10207	50	1
10208	50	1
10209	50	1
10210	50	1
10211	50	1
10212	50	1
10213	50	1
10214	50	1
10215	50	1
10216	50	1
10217	50	1
10218	50	1
10219	50	1
10220	50	1
10221	50	1
10222	50	1
10223	50	1
10224	50	1
10225	50	1
10226	50	1
10227	50	1
10228	50	1
10229	50	1
10230	50	1
10231	50	1
10232	50	1
10233	50	1
10234	50	1
10235	50	1
10236	50	1
10237	50	1
10238	50	1
10239	50	1
10240	50	1
10241	50	1
10242	50	1
10243	50	1
10244	50	1
10245	50	1
10246	50	1
10247	50	1
10248	50	1
10249	50	1
10250	50	1
10251	50	1
10252	50	1
10253	50	1
10254	50	1
10255	50	1
10256	50	1
10257	50	1
10258	50	1
10259	50	1
10260	50	1
10261	50	1
10262	50	1
10263	50	1
10264	50	1
10265	50	1
10266	50	1
10267	50	1
10268	50	1
10269	50	1
10270	50	1
10271	50	1
10272	50	1
10273	50	1
10274	50	1
10275	50	1
10276	50	1
10277	50	1
10278	50	1
10279	50	1
10280	50	1
10281	50	1
10282	50	1
10283	50	1
10284	50	1
10285	50	1
10286	50	1
10287	50	1
10288	50	1
10289	50	1
10290	50	1
10291	50	1
10292	50	1
10293	50	1
10294	50	1
10295	50	1
10296	50	1
10297	50	1
10298	50	1
10299	50	1
10300	50	1
10301	50	1
10302	50	1
10303	50	1
10304	50	1
10305	50	1
10306	50	1
10307	50	1
10308	50	1
10309	50	1
10310	50	1
10311	50	1
10312	50	1
10313	50	1
10314	50	1
10315	50	1
10316	50	1
10317	50	1
10318	50	1
10319	50	1
10320	50	1
10321	50	1
10322	50	1
10323	50	1
10324	50	1
10325	50	1
10326	50	1
10327	50	1
10328	50	1
10329	50	1
10330	50	1
10331	50	1
10332	50	1
10333	50	1
10334	50	1
10335	50	1
10336	50	1
10337	50	1
10338	50	1
10339	50	1
10340	50	1
10341	50	1
10342	50	1
10343	50	1
10344	50	1
10345	50	1
10346	50	1
10347	50	1
10348	50	1
10349	50	1
10350	50	1
10351	50	1
10352	50	1
10353	50	1
10354	50	1
10355	50	1
10356	50	1
10357	50	1
10358	50	1
10359	50	1
10360	50	1
10361	50	1
10362	50	1
10363	50	1
10364	50	1
10365	50	1
10366	50	1
10367	50	1
10368	50	1
10369	50	1
10370	50	1
10371	50	1
10372	50	1
10373	50	1
10374	50	1
10375	50	1
10376	50	1
10377	50	1
10378	50	1
10379	50	1
10380	50	1
10381	50	1
10382	50	1
10383	50	1
10384	50	1
10385	50	1
10386	50	1
10387	50	1
10388	50	1
10389	50	1
10390	50	1
10391	50	1
10392	50	1
10393	50	1
10394	50	1
10395	50	1
10396	50	1
10397	50	1
10398	50	1
10399	50	1
10400	50	1
10401	50	1
10402	50	1
10403	50	1
10404	50	1
10405	50	1
10406	50	1
10407	50	1
10408	50	1
10409	50	1
10410	50	1
10411	50	1
10412	50	1
10413	50	1
10414	50	1
10415	50	1
10416	50	1
10417	50	1
10418	50	1
10419	50	1
10420	50	1
10421	50	1
10422	50	1
10423	50	1
10424	50	1
10425	50	1
10426	50	1
10427	50	1
10428	50	1
10429	50	1
10430	50	1
10431	50	1
10432	50	1
10433	50	1
10434	50	1
10435	50	1
10436	50	1
10437	50	1
10438	50	1
10439	50	1
10440	50	1
10441	50	1
10442	50	1
10443	50	1
10444	50	1
10445	50	1
10446	50	1
10447	50	1
10448	50	1
10449	50	1
10450	50	1
10451	50	1
10452	50	1
10453	50	1
10454	50	1
10455	50	1
10456	50	1
10457	50	1
10458	50	1
10459	50	1
10460	50	1
10461	50	1
10462	50	1
10463	50	1
10464	50	1
10465	50	1
10466	50	1
10467	50	1
10468	50	1
10469	50	1
10470	50	1
10471	50	1
10472	50	1
10473	50	1
10474	50	1
10475	50	1
10476	50	1
10477	50	1
10478	50	1
10479	50	1
10480	50	1
10481	50	1
10482	50	1
10483	50	1
10484	50	1
10485	50	1
10486	50	1
10487	50	1
10488	50	1
10489	50	1
10490	50	1
10491	50	1
10492	50	1
10493	50	1
10494	50	1
10495	50	1
10496	50	1
10497	50	1
10498	50	1
10499	50	1
10500	50	1
10501	50	1
10502	50	1
10503	50	1
10504	50	1
10505	50	1
10506	50	1
10507	50	1
10508	50	1
10509	50	1
10510	50	1
10511	50	1
10512	50	1
10513	50	1
10514	50	1
10515	50	1
10516	50	1
10517	50	1
10518	50	1
10519	50	1
10520	50	1
10521	50	1
10522	50	1
10523	50	1
10524	50	1
10525	51	1
10526	51	1
10527	51	1
10528	51	1
10529	51	1
10530	51	1
10531	51	1
10532	51	1
10533	51	1
10534	51	1
10535	51	1
10536	51	1
10537	51	1
10538	51	1
10539	51	1
10540	51	1
10541	51	1
10542	51	1
10543	51	1
10544	51	1
10545	51	1
10546	51	1
10547	51	1
10548	51	1
10549	51	1
10550	51	1
10551	51	1
10552	51	1
10553	51	1
10554	51	1
10555	51	1
10556	51	1
10557	51	1
10558	51	1
10559	51	1
10560	51	1
10561	51	1
10562	51	1
10563	51	1
10564	51	1
10565	51	1
10566	51	1
10567	51	1
10568	51	1
10569	51	1
10570	51	1
10571	51	1
10572	51	1
10573	51	1
10574	51	1
10575	51	1
10576	51	1
10577	51	1
10578	51	1
10579	51	1
10580	51	1
10581	51	1
10582	51	1
10583	51	1
10584	51	1
10585	51	1
10586	51	1
10587	51	1
10588	51	1
10589	51	1
10590	51	1
10591	51	1
10592	51	1
10593	51	1
10594	51	1
10595	51	1
10596	51	1
10597	51	1
10598	51	1
10599	51	1
10600	51	1
10601	51	1
10602	51	1
10603	51	1
10604	51	1
10605	51	1
10606	51	1
10607	51	1
10608	51	1
10609	51	1
10610	51	1
10611	51	1
10612	51	1
10613	51	1
10614	51	1
10615	51	1
10616	51	1
10617	51	1
10618	51	1
10619	51	1
10620	51	1
10621	51	1
10622	51	1
10623	51	1
10624	51	1
10625	51	1
10626	51	1
10627	51	1
10628	51	1
10629	51	1
10630	51	1
10631	51	1
10632	51	1
10633	51	1
10634	51	1
10635	51	1
10636	51	1
10637	51	1
10638	51	1
10639	51	1
10640	51	1
10641	51	1
10642	51	1
10643	51	1
10644	51	1
10645	51	1
10646	51	1
10647	51	1
10648	51	1
10649	51	1
10650	51	1
10651	51	1
10652	51	1
10653	51	1
10654	51	1
10655	51	1
10656	51	1
10657	51	1
10658	51	1
10659	51	1
10660	51	1
10661	51	1
10662	51	1
10663	51	1
10664	51	1
10665	51	1
10666	51	1
10667	51	1
10668	51	1
10669	51	1
10670	51	1
10671	51	1
10672	51	1
10673	51	1
10674	51	1
10675	51	1
10676	51	1
10677	51	1
10678	51	1
10679	51	1
10680	51	1
10681	51	1
10682	51	1
10683	51	1
10684	51	1
10685	51	1
10686	51	1
10687	51	1
10688	51	1
10689	51	1
10690	51	1
10691	51	1
10692	51	1
10693	51	1
10694	51	1
10695	51	1
10696	51	1
10697	51	1
10698	51	1
10699	51	1
10700	51	1
10701	51	1
10702	51	1
10703	51	1
10704	51	1
10705	51	1
10706	51	1
10707	51	1
10708	51	1
10709	51	1
10710	51	1
10711	51	1
10712	51	1
10713	51	1
10714	51	1
10715	51	1
10716	51	1
10717	51	1
10718	51	1
10719	51	1
10720	51	1
10721	51	1
10722	51	1
10723	51	1
10724	51	1
10725	51	1
10726	51	1
10727	51	1
10728	51	1
10729	51	1
10730	51	1
10731	51	1
10732	51	1
10733	51	1
10734	51	1
10735	51	1
10736	51	1
10737	51	1
10738	51	1
10739	51	1
10740	51	1
10741	51	1
10742	51	1
10743	51	1
10744	51	1
10745	51	1
10746	51	1
10747	51	1
10748	51	1
10749	51	1
10750	51	1
10751	51	1
10752	51	1
10753	51	1
10754	51	1
10755	51	1
10756	51	1
10757	51	1
10758	51	1
10759	51	1
10760	51	1
10761	51	1
10762	51	1
10763	51	1
10764	51	1
10765	51	1
10766	51	1
10767	51	1
10768	51	1
10769	51	1
10770	51	1
10771	51	1
10772	51	1
10773	51	1
10774	51	1
10775	51	1
10776	51	1
10777	51	1
10778	51	1
10779	51	1
10780	51	1
10781	51	1
10782	51	1
10783	51	1
10784	51	1
10785	51	1
10786	51	1
10787	51	1
10788	51	1
10789	51	1
10790	51	1
10791	51	1
10792	51	1
10793	51	1
10794	51	1
10795	51	1
10796	51	1
10797	51	1
10798	51	1
10799	51	1
10800	51	1
10801	51	1
10802	51	1
10803	51	1
10804	51	1
10805	51	1
10806	51	1
10807	51	1
10808	51	1
10809	51	1
10810	51	1
10811	51	1
10812	51	1
10813	51	1
10814	51	1
10815	51	1
10816	51	1
10817	51	1
10818	51	1
10819	51	1
10820	51	1
10821	51	1
10822	51	1
10823	51	1
10824	51	1
10825	51	1
10826	51	1
10827	51	1
10828	51	1
10829	51	1
10830	51	1
10831	51	1
10832	51	1
10833	51	1
10834	51	1
10835	51	1
10836	51	1
10837	51	1
10838	51	1
10839	51	1
10840	51	1
10841	51	1
10842	51	1
10843	51	1
10844	51	1
10845	51	1
10846	51	1
10847	51	1
10848	51	1
10849	51	1
10850	51	1
10851	51	1
10852	51	1
10853	51	1
10854	51	1
10855	51	1
10856	51	1
10857	51	1
10858	51	1
10859	51	1
10860	51	1
10861	51	1
10862	51	1
10863	51	1
10864	51	1
10865	51	1
10866	51	1
10867	51	1
10868	51	1
10869	51	1
10870	51	1
10871	51	1
10872	51	1
10873	51	1
10874	51	1
10875	51	1
10876	51	1
10877	51	1
10878	51	1
10879	51	1
10880	51	1
10881	51	1
10882	51	1
10883	51	1
10884	51	1
10885	51	1
10886	51	1
10887	51	1
10888	51	1
10889	51	1
10890	51	1
10891	51	1
10892	51	1
10893	51	1
10894	51	1
10895	51	1
10896	51	1
10897	51	1
10898	51	1
10899	51	1
10900	51	1
10901	51	1
10902	51	1
10903	51	1
10904	51	1
10905	51	1
10906	51	1
10907	51	1
10908	51	1
10909	51	1
10910	51	1
10911	51	1
10912	51	1
10913	51	1
10914	52	1
10915	52	1
10916	52	1
10917	52	1
10918	52	1
10919	52	1
10920	52	1
10921	52	1
10922	52	1
10923	52	1
10924	52	1
10925	52	1
10926	52	1
10927	52	1
10928	52	1
10929	52	1
10930	52	1
10931	52	1
10932	52	1
10933	52	1
10934	52	1
10935	52	1
10936	52	1
10937	52	1
10938	52	1
10939	52	1
10940	52	1
10941	52	1
10942	52	1
10943	52	1
10944	52	1
10945	52	1
10946	52	1
10947	52	1
10948	52	1
10949	52	1
10950	52	1
10951	52	1
10952	52	1
10953	52	1
10954	52	1
10955	52	1
10956	52	1
10957	49	1
10958	49	1
10959	49	1
10960	49	1
10961	49	1
10962	49	1
10963	49	1
10964	49	1
10965	49	1
10966	49	1
10967	49	1
10968	49	1
10969	49	1
10970	49	1
10971	49	1
10972	49	1
10973	49	1
10974	49	1
10975	49	1
10976	49	1
10977	49	1
10978	49	1
10979	49	1
10980	49	1
10981	49	1
10982	49	1
10983	49	1
10984	49	1
10985	49	1
10986	49	1
10987	53	1
10988	53	1
10989	53	1
10990	53	1
10991	53	1
10992	53	1
10993	53	1
10994	53	1
10995	53	1
10996	53	1
10997	53	1
10998	53	1
10999	53	1
11000	53	1
11001	53	1
11002	53	1
11003	53	1
11004	53	1
11005	53	1
11006	53	1
11007	53	1
11008	53	1
11009	53	1
11010	53	1
11011	53	1
11012	53	1
11013	53	1
11014	53	1
11015	53	1
11016	53	1
11017	53	1
11018	53	1
11019	53	1
11020	53	1
11021	53	1
11022	53	1
11023	53	1
11024	53	1
11025	53	1
11026	53	1
11027	53	1
11028	53	1
11029	53	1
11030	53	1
11031	54	1
11032	54	1
11033	54	1
11034	54	1
11035	54	1
11036	54	1
11037	54	1
11038	54	1
11039	54	1
11040	54	1
11041	54	1
11042	54	1
11043	54	1
11044	54	1
11045	54	1
11046	54	1
11047	54	1
11048	54	1
11049	54	1
11050	54	1
11051	54	1
11052	54	1
11053	54	1
11054	54	1
11055	54	1
11056	54	1
11057	54	1
11058	54	1
11059	54	1
11060	54	1
11061	54	1
11062	54	1
11063	54	1
11064	54	1
11065	54	1
11066	54	1
11067	54	1
11068	54	1
11069	54	1
11070	54	1
11071	55	1
11072	55	1
11073	55	1
11074	55	1
11075	55	1
11076	55	1
11077	55	1
11078	55	1
11079	55	1
11080	55	1
11081	55	1
11082	55	1
11083	55	1
11084	55	1
11085	55	1
11086	55	1
11087	55	1
11088	55	1
11089	55	1
11090	55	1
11091	55	1
11092	55	1
11093	55	1
11094	56	1
11095	56	1
11096	56	1
11097	56	1
11098	56	1
11099	57	1
11100	57	1
11101	57	1
11102	57	1
11103	57	1
11104	57	1
11105	57	1
11106	57	1
11107	57	1
11108	57	1
11109	57	1
11110	57	1
11111	57	1
11112	58	1
11113	58	1
11114	58	1
11115	58	1
11116	58	1
11117	58	1
11118	58	1
11119	58	1
11120	58	1
11121	58	1
11122	59	1
11123	59	1
11124	59	1
11125	59	1
11126	59	1
11127	59	1
11128	59	1
11129	59	1
11130	59	1
11131	59	1
11132	59	1
11133	59	1
11134	59	1
11135	59	1
11136	59	1
11137	59	1
11138	59	1
11139	59	1
11140	59	1
11141	59	1
11142	59	1
11143	59	1
11144	59	1
11145	59	1
11146	59	1
11147	59	1
11148	59	1
11149	59	1
11150	59	1
11151	59	1
11152	59	1
11153	59	1
11154	59	1
11155	59	1
11156	59	1
11157	59	1
11158	59	1
11159	59	1
11160	59	1
11161	59	1
11162	59	1
11163	59	1
11164	59	1
11165	59	1
11166	59	1
11167	59	1
11168	59	1
11169	59	1
11170	59	1
11171	59	1
11172	59	1
11173	59	1
11174	59	1
11175	59	1
11176	59	1
11177	59	1
11178	59	1
11179	59	1
11180	59	1
11181	59	1
11182	59	1
11183	59	1
11184	59	1
11185	59	1
11186	59	1
11187	59	1
11188	59	1
11189	59	1
11190	59	1
11191	59	1
11192	59	1
11193	59	1
11194	59	1
11195	59	1
11196	59	1
11197	59	1
11198	59	1
11199	59	1
11200	59	1
11201	59	1
11202	59	1
11203	59	1
11204	59	1
11205	59	1
11206	59	1
11207	59	1
11208	59	1
11209	59	1
11210	59	1
11211	59	1
11212	59	1
11213	59	1
11214	59	1
11215	59	1
11216	59	1
11217	59	1
11218	59	1
11219	59	1
11220	59	1
11221	59	1
11222	59	1
11223	59	1
11224	59	1
11225	59	1
11226	59	1
11227	59	1
11228	59	1
11229	59	1
11230	59	1
11231	59	1
11232	59	1
11233	59	1
11234	59	1
11235	59	1
11236	59	1
11237	59	1
11238	59	1
11239	59	1
11240	59	1
11241	59	1
11242	59	1
11243	59	1
11244	59	1
11245	59	1
11246	59	1
11247	59	1
11248	59	1
11249	59	1
11250	59	1
11251	59	1
11252	59	1
11253	59	1
11254	59	1
11255	59	1
11256	59	1
11257	59	1
11258	59	1
11259	59	1
11260	59	1
11261	59	1
11262	59	1
11263	59	1
11264	59	1
11265	59	1
11266	59	1
11267	59	1
11268	59	1
11269	59	1
11270	59	1
11271	59	1
11272	59	1
11273	59	1
11274	59	1
11275	59	1
11276	59	1
11277	59	1
11278	59	1
11279	59	1
11280	59	1
11281	59	1
11282	59	1
11283	59	1
11284	59	1
11285	59	1
11286	59	1
11287	59	1
11288	59	1
11289	59	1
11290	59	1
11291	59	1
11292	59	1
11293	59	1
11294	59	1
11295	59	1
11296	59	1
11297	59	1
11298	59	1
11299	59	1
11300	59	1
11301	59	1
11302	59	1
11303	59	1
11304	59	1
11305	59	1
11306	59	1
11307	59	1
11308	59	1
11309	59	1
11310	59	1
11311	59	1
11312	59	1
11313	59	1
11314	59	1
11315	59	1
11316	59	1
11317	59	1
11318	59	1
11319	59	1
11320	59	1
11321	59	1
11322	59	1
11323	60	1
11324	60	1
11325	60	1
11326	60	1
11327	60	1
11328	60	1
11329	60	1
11330	60	1
11331	60	1
11332	60	1
11333	60	1
11334	60	1
11335	60	1
11336	60	1
11337	60	1
11338	60	1
11339	60	1
11340	60	1
11341	60	1
11342	60	1
11343	60	1
11344	60	1
11345	60	1
11346	60	1
11347	60	1
11348	60	1
11349	60	1
11350	60	1
11351	60	1
11352	60	1
11353	60	1
11354	60	1
11355	60	1
11356	60	1
11357	60	1
11358	60	1
11359	60	1
11360	60	1
11361	60	1
11362	60	1
11363	60	1
11364	60	1
11365	60	1
11366	60	1
11367	60	1
11368	60	1
11369	60	1
11370	60	1
11371	60	1
11372	60	1
11373	60	1
11374	60	1
11375	60	1
11376	60	1
11377	60	1
11378	60	1
11379	60	1
11380	60	1
11381	60	1
11382	60	1
11383	60	1
11384	60	1
11385	60	1
11386	60	1
11387	60	1
11388	60	1
11389	60	1
11390	60	1
11391	60	1
11392	60	1
11393	60	1
11394	60	1
11395	60	1
11396	60	1
11397	60	1
11398	60	1
11399	60	1
11400	60	1
11401	60	1
11402	60	1
11403	60	1
11404	60	1
11405	60	1
11406	60	1
11407	60	1
11408	60	1
11409	60	1
11410	60	1
11411	60	1
11412	60	1
11413	60	1
11414	60	1
11415	60	1
11416	60	1
11417	60	1
11418	60	1
11419	60	1
11420	60	1
11421	60	1
11422	60	1
11423	60	1
11424	60	1
11425	60	1
11426	60	1
11427	60	1
11428	60	1
11429	60	1
11430	60	1
11431	60	1
11432	60	1
11433	60	1
11434	60	1
11435	60	1
11436	60	1
11437	60	1
11438	60	1
11439	60	1
11440	60	1
11441	60	1
11442	60	1
11443	60	1
11444	60	1
11445	60	1
11446	60	1
11447	60	1
11448	60	1
11449	60	1
11450	60	1
11451	60	1
11452	60	1
11453	60	1
11454	60	1
11455	60	1
11456	60	1
11457	60	1
11458	60	1
11459	60	1
11460	60	1
11461	60	1
11462	60	1
11463	60	1
11464	60	1
11465	60	1
11466	60	1
11467	60	1
11468	60	1
11469	60	1
11470	60	1
11471	60	1
11472	60	1
11473	60	1
11474	60	1
11475	60	1
11476	60	1
11477	60	1
11478	60	1
11479	60	1
11480	60	1
11481	60	1
11482	60	1
11483	60	1
11484	60	1
11485	60	1
11486	60	1
11487	60	1
11488	60	1
11489	60	1
11490	60	1
11491	60	1
11492	60	1
11493	60	1
11494	60	1
11495	60	1
11496	60	1
11497	60	1
11498	60	1
11499	60	1
11500	60	1
11501	60	1
11502	60	1
11503	60	1
11504	60	1
11505	60	1
11506	60	1
11507	60	1
11508	60	1
11509	60	1
11510	60	1
11511	60	1
11512	60	1
11513	60	1
11514	60	1
11515	60	1
11516	60	1
11517	60	1
11518	60	1
11519	60	1
11520	60	1
11521	60	1
11522	60	1
11523	60	1
11524	60	1
11525	60	1
11526	60	1
11527	60	1
11528	60	1
11529	60	1
11530	60	1
11531	60	1
11532	60	1
11533	60	1
11534	60	1
11535	60	1
11536	60	1
11537	60	1
11538	60	1
11539	60	1
11540	60	1
11541	60	1
11542	60	1
11543	60	1
11544	60	1
11545	60	1
11546	60	1
11547	60	1
11548	60	1
11549	60	1
11550	60	1
11551	60	1
11552	60	1
11553	60	1
11554	60	1
11555	60	1
11556	60	1
11557	60	1
11558	60	1
11559	60	1
11560	60	1
11561	60	1
11562	60	1
11563	60	1
11564	60	1
11565	60	1
11566	60	1
11567	60	1
11568	60	1
11569	60	1
11570	60	1
11571	60	1
11572	60	1
11573	60	1
11574	60	1
11575	60	1
11576	60	1
11577	60	1
11578	60	1
11579	60	1
11580	60	1
11581	60	1
11582	60	1
11583	60	1
11584	60	1
11585	60	1
11586	60	1
11587	60	1
11588	60	1
11589	60	1
11590	60	1
11591	60	1
11592	60	1
11593	60	1
11594	60	1
11595	60	1
11596	60	1
11597	60	1
11598	60	1
11599	60	1
11600	60	1
11601	60	1
11602	60	1
11603	60	1
11604	60	1
11605	60	1
11606	60	1
11607	60	1
11608	60	1
11609	60	1
11610	60	1
11611	60	1
11612	60	1
11613	60	1
11614	60	1
11615	60	1
11616	60	1
11617	60	1
11618	60	1
11619	60	1
11620	60	1
11621	60	1
11622	60	1
11623	60	1
11624	60	1
11625	60	1
11626	60	1
11627	60	1
11628	60	1
11629	60	1
11630	60	1
11631	60	1
11632	60	1
11633	60	1
11634	60	1
11635	60	1
11636	60	1
11637	60	1
11638	60	1
11639	60	1
11640	60	1
11641	60	1
11642	60	1
11643	60	1
11644	60	1
11645	60	1
11646	60	1
11647	60	1
11648	60	1
11649	60	1
11650	60	1
11651	60	1
11652	60	1
11653	60	1
11654	60	1
11655	60	1
11656	60	1
11657	60	1
11658	60	1
11659	60	1
11660	60	1
11661	60	1
11662	60	1
11663	60	1
11664	60	1
11665	60	1
11666	60	1
11667	60	1
11668	60	1
11669	60	1
11670	60	1
11671	60	1
11672	60	1
11673	60	1
11674	60	1
11675	60	1
11676	60	1
11677	60	1
11678	60	1
11679	60	1
11680	60	1
11681	60	1
11682	60	1
11683	60	1
11684	60	1
11685	60	1
11686	60	1
11687	60	1
11688	60	1
11689	60	1
11690	60	1
11691	60	1
11692	60	1
11693	60	1
11694	60	1
11695	60	1
11696	60	1
11697	60	1
11698	60	1
11699	60	1
11700	60	1
11701	60	1
11702	60	1
11703	60	1
11704	60	1
11705	60	1
11706	60	1
11707	60	1
11708	60	1
11709	60	1
11710	60	1
11711	60	1
11712	60	1
11713	60	1
11714	60	1
11715	60	1
11716	60	1
11717	60	1
11718	60	1
11719	60	1
11720	60	1
11721	60	1
11722	60	1
11723	60	1
11724	60	1
11725	60	1
11726	60	1
11727	60	1
11728	60	1
11729	60	1
11730	60	1
11731	60	1
11732	60	1
11733	60	1
11734	60	1
11735	60	1
11736	61	1
11737	61	1
11738	61	1
11739	61	1
11740	61	1
11741	61	1
11742	61	1
11743	61	1
11744	61	1
11745	61	1
11746	61	1
11747	61	1
11748	61	1
11749	61	1
11750	61	1
11751	61	1
11752	61	1
11753	61	1
11754	61	1
11755	61	1
11756	61	1
11757	61	1
11758	61	1
11759	61	1
11760	61	1
11761	61	1
11762	61	1
11763	61	1
11764	61	1
11765	61	1
11766	61	1
11767	61	1
11768	61	1
11769	61	1
11770	61	1
11771	61	1
11772	61	1
11773	61	1
11774	61	1
11775	61	1
11776	61	1
11777	61	1
11778	61	1
11779	61	1
11780	61	1
11781	61	1
11782	61	1
11783	61	1
11784	61	1
11785	61	1
11786	61	1
11787	61	1
11788	61	1
11789	61	1
11790	61	1
11791	61	1
11792	61	1
11793	61	1
11794	61	1
11795	61	1
11796	61	1
11797	61	1
11798	61	1
11799	61	1
11800	61	1
11801	61	1
11802	61	1
11803	61	1
11804	61	1
11805	61	1
11806	61	1
11807	61	1
11808	62	1
11809	62	1
11810	62	1
11811	62	1
11812	62	1
11813	62	1
11814	62	1
11815	62	1
11816	62	1
11817	62	1
11818	62	1
11819	62	1
11820	62	1
11821	62	1
11822	62	1
11823	62	1
11824	62	1
11825	62	1
11826	62	1
11827	62	1
11828	62	1
11829	62	1
11830	62	1
11831	62	1
11832	62	1
11833	62	1
11834	62	1
11835	62	1
11836	62	1
11837	62	1
11838	62	1
11839	62	1
11840	62	1
11841	62	1
11842	62	1
11843	62	1
11844	62	1
11845	62	1
11846	62	1
11847	62	1
11848	62	1
11849	62	1
11850	62	1
11851	62	1
11852	62	1
11853	62	1
11854	62	1
11855	62	1
11856	62	1
11857	62	1
11858	62	1
11859	62	1
11860	62	1
11861	62	1
11862	62	1
11863	62	1
11864	62	1
11865	62	1
11866	62	1
11867	62	1
11868	62	1
11869	62	1
11870	62	1
11871	62	1
11872	62	1
11873	62	1
11874	62	1
11875	62	1
11876	62	1
11877	62	1
11878	62	1
11879	62	1
11880	62	1
11881	62	1
11882	62	1
11883	62	1
11884	62	1
11885	62	1
11886	62	1
11887	62	1
11888	62	1
11889	62	1
11890	62	1
11891	62	1
11892	62	1
11893	62	1
11894	62	1
11895	62	1
11896	62	1
11897	62	1
11898	62	1
11899	62	1
11900	62	1
11901	62	1
11902	62	1
11903	62	1
11904	62	1
11905	62	1
11906	62	1
11907	62	1
11908	62	1
11909	62	1
11910	62	1
11911	62	1
11912	62	1
11913	62	1
11914	62	1
11915	62	1
11916	62	1
11917	62	1
11918	62	1
11919	62	1
11920	62	1
11921	62	1
11922	62	1
11923	62	1
11924	62	1
11925	62	1
11926	62	1
11927	62	1
11928	62	1
11929	62	1
11930	62	1
11931	62	1
11932	62	1
11933	62	1
11934	62	1
11935	62	1
11936	62	1
11937	62	1
11938	62	1
11939	62	1
11940	62	1
11941	62	1
11942	62	1
11943	62	1
11944	62	1
11945	62	1
11946	62	1
11947	62	1
11948	62	1
11949	62	1
11950	62	1
11951	62	1
11952	62	1
11953	62	1
11954	62	1
11955	62	1
11956	62	1
11957	62	1
11958	62	1
11959	62	1
11960	62	1
11961	62	1
11962	62	1
11963	62	1
11964	62	1
11965	62	1
11966	62	1
11967	62	1
11968	62	1
11969	62	1
11970	62	1
11971	62	1
11972	62	1
11973	62	1
11974	62	1
11975	62	1
11976	62	1
11977	62	1
11978	62	1
11979	62	1
11980	62	1
11981	62	1
11982	62	1
11983	62	1
11984	62	1
11985	62	1
11986	62	1
11987	62	1
11988	62	1
11989	62	1
11990	62	1
11991	62	1
11992	62	1
11993	62	1
11994	62	1
11995	62	1
11996	62	1
11997	62	1
11998	62	1
11999	62	1
12000	62	1
12001	62	1
12002	62	1
12003	62	1
12004	62	1
12005	62	1
12006	62	1
12007	62	1
12008	62	1
12009	62	1
12010	62	1
12011	62	1
12012	62	1
12013	62	1
12014	62	1
12015	62	1
12016	62	1
12017	62	1
12018	62	1
12019	62	1
12020	62	1
12021	62	1
12022	62	1
12023	62	1
12024	62	1
12025	62	1
12026	62	1
12027	62	1
12028	62	1
12029	62	1
12030	62	1
12031	62	1
12032	62	1
12033	62	1
12034	62	1
12035	62	1
12036	62	1
12037	62	1
12038	62	1
12039	62	1
12040	62	1
12041	62	1
12042	62	1
12043	62	1
12044	62	1
12045	62	1
12046	62	1
12047	62	1
12048	62	1
12049	62	1
12050	62	1
12051	62	1
12052	62	1
12053	62	1
12054	62	1
12055	62	1
12056	62	1
12057	62	1
12058	62	1
12059	62	1
12060	62	1
12061	62	1
12062	62	1
12063	62	1
12064	62	1
12065	62	1
12066	62	1
12067	62	1
12068	62	1
12069	62	1
12070	62	1
12071	62	1
12072	62	1
12073	62	1
12074	62	1
12075	62	1
12076	62	1
12077	62	1
12078	62	1
12079	62	1
12080	62	1
12081	62	1
12082	62	1
12083	62	1
12084	62	1
12085	62	1
12086	62	1
12087	62	1
12088	62	1
12089	62	1
12090	62	1
12091	62	1
12092	62	1
12093	62	1
12094	62	1
12095	62	1
12096	62	1
12097	62	1
12098	62	1
12099	62	1
12100	62	1
12101	62	1
12102	62	1
12103	62	1
12104	62	1
12105	62	1
12106	62	1
12107	62	1
12108	62	1
12109	62	1
12110	62	1
12111	62	1
12112	62	1
12113	62	1
12114	62	1
12115	62	1
12116	62	1
12117	62	1
12118	62	1
12119	62	1
12120	62	1
12121	62	1
12122	62	1
12123	62	1
12124	62	1
12125	62	1
12126	62	1
12127	62	1
12128	62	1
12129	62	1
12130	62	1
12131	62	1
12132	62	1
12133	62	1
12134	62	1
12135	62	1
12136	62	1
12137	62	1
12138	62	1
12139	62	1
12140	62	1
12141	62	1
12142	62	1
12143	62	1
12144	62	1
12145	62	1
12146	62	1
12147	62	1
12148	62	1
12149	62	1
12150	62	1
12151	62	1
12152	62	1
12153	62	1
12154	62	1
12155	62	1
12156	62	1
12157	62	1
12158	62	1
12159	62	1
12160	62	1
12161	62	1
12162	62	1
12163	62	1
12164	62	1
12165	62	1
12166	62	1
12167	62	1
12168	62	1
12169	62	1
12170	62	1
12171	62	1
12172	62	1
12173	62	1
12174	62	1
12175	62	1
12176	62	1
12177	62	1
12178	62	1
12179	62	1
12180	62	1
12181	62	1
12182	62	1
12183	62	1
12184	62	1
12185	62	1
12186	62	1
12187	62	1
12188	62	1
12189	62	1
12190	62	1
12191	62	1
12192	62	1
12193	62	1
12194	62	1
12195	62	1
12196	62	1
12197	62	1
12198	62	1
12199	62	1
12200	62	1
12201	62	1
12202	62	1
12203	62	1
12204	62	1
12205	62	1
12206	62	1
12207	62	1
12208	62	1
12209	62	1
12210	62	1
12211	62	1
12212	62	1
12213	62	1
12214	62	1
12215	62	1
12216	62	1
12217	62	1
12218	62	1
12219	62	1
12220	62	1
12221	62	1
12222	62	1
12223	62	1
12224	62	1
12225	62	1
12226	62	1
12227	62	1
12228	62	1
12229	62	1
12230	62	1
12231	62	1
12232	62	1
12233	62	1
12234	62	1
12235	62	1
12236	62	1
12237	62	1
12238	62	1
12239	62	1
12240	62	1
12241	62	1
12242	62	1
12243	62	1
12244	62	1
12245	62	1
12246	62	1
12247	62	1
12248	62	1
12249	62	1
12250	62	1
12251	62	1
12252	62	1
12253	62	1
12254	62	1
12255	62	1
12256	62	1
12257	62	1
12258	62	1
12259	62	1
12260	62	1
12261	62	1
12262	62	1
12263	62	1
12264	62	1
12265	62	1
12266	62	1
12267	62	1
12268	62	1
12269	62	1
12270	62	1
12271	62	1
12272	62	1
12273	62	1
12274	62	1
12275	62	1
12276	62	1
12277	62	1
12278	62	1
12279	62	1
12280	62	1
12281	62	1
12282	62	1
12283	62	1
12284	62	1
12285	62	1
12286	62	1
12287	62	1
12288	62	1
12289	62	1
12290	62	1
12291	62	1
12292	62	1
12293	62	1
12294	62	1
12295	62	1
12296	62	1
12297	62	1
12298	62	1
12299	62	1
12300	62	1
12301	62	1
12302	62	1
12303	62	1
12304	62	1
12305	62	1
12306	62	1
12307	62	1
12308	62	1
12309	62	1
12310	62	1
12311	62	1
12312	62	1
12313	62	1
12314	62	1
12315	62	1
12316	62	1
12317	62	1
12318	62	1
12319	62	1
12320	62	1
12321	62	1
12322	62	1
12323	62	1
12324	62	1
12325	62	1
12326	62	1
12327	62	1
12328	62	1
12329	62	1
12330	62	1
12331	62	1
12332	63	1
12333	63	1
12334	63	1
12335	63	1
12336	63	1
12337	63	1
12338	63	1
12339	63	1
12340	63	1
12341	63	1
12342	63	1
12343	63	1
12344	63	1
12345	63	1
12346	63	1
12347	63	1
12348	63	1
12349	63	1
12350	63	1
12351	63	1
12352	63	1
12353	63	1
12354	63	1
12355	63	1
12356	63	1
12357	63	1
12358	63	1
12359	63	1
12360	63	1
12361	63	1
12362	63	1
12363	63	1
12364	63	1
12365	63	1
12366	63	1
12367	63	1
12368	63	1
12369	63	1
12370	63	1
12371	63	1
12372	63	1
12373	63	1
12374	63	1
12375	63	1
12376	63	1
12377	63	1
12378	63	1
12379	63	1
12380	63	1
12381	63	1
12382	63	1
12383	63	1
12384	63	1
12385	63	1
12386	63	1
12387	63	1
12388	63	1
12389	63	1
12390	63	1
12391	63	1
12392	63	1
12393	63	1
12394	63	1
12395	63	1
12396	63	1
12397	63	1
12398	63	1
12399	63	1
12400	63	1
12401	63	1
12402	63	1
12403	63	1
12404	63	1
12405	63	1
12406	63	1
12407	63	1
12408	63	1
12409	63	1
12410	63	1
12411	63	1
12412	63	1
12413	63	1
12414	63	1
12415	63	1
12416	63	1
12417	63	1
12418	63	1
12419	63	1
12420	63	1
12421	63	1
12422	63	1
12423	63	1
12424	63	1
12425	63	1
12426	63	1
12427	63	1
12428	63	1
12429	63	1
12430	63	1
12431	63	1
12432	63	1
12433	63	1
12434	63	1
12435	63	1
12436	63	1
12437	63	1
12438	63	1
12439	63	1
12440	63	1
12441	63	1
12442	63	1
12443	63	1
12444	63	1
12445	63	1
12446	63	1
12447	63	1
12448	63	1
12449	63	1
12450	63	1
12451	63	1
12452	63	1
12453	63	1
12454	63	1
12455	63	1
12456	63	1
12457	63	1
12458	63	1
12459	63	1
12460	63	1
12461	63	1
12462	63	1
12463	63	1
12464	63	1
12465	63	1
12466	63	1
12467	63	1
12468	63	1
12469	63	1
12470	63	1
12471	63	1
12472	63	1
12473	63	1
12474	63	1
12475	63	1
12476	63	1
12477	63	1
12478	63	1
12479	63	1
12480	63	1
12481	63	1
12482	63	1
12483	63	1
12484	63	1
12485	63	1
12486	63	1
12487	63	1
12488	63	1
12489	63	1
12490	63	1
12491	63	1
12492	63	1
12493	63	1
12494	63	1
12495	63	1
12496	63	1
12497	63	1
12498	63	1
12499	63	1
12500	63	1
12501	63	1
12502	63	1
12503	63	1
12504	63	1
12505	63	1
12506	63	1
12507	63	1
12508	63	1
12509	63	1
12510	63	1
12511	63	1
12512	63	1
12513	63	1
12514	63	1
12515	63	1
12516	63	1
12517	63	1
12518	63	1
12519	63	1
12520	63	1
12521	63	1
12522	63	1
12523	63	1
12524	63	1
12525	63	1
12526	63	1
12527	63	1
12528	63	1
12529	63	1
12530	63	1
12531	63	1
12532	63	1
12533	63	1
12534	63	1
12535	63	1
12536	63	1
12537	63	1
12538	63	1
12539	63	1
12540	63	1
12541	63	1
12542	63	1
12543	63	1
12544	63	1
12545	63	1
12546	63	1
12547	63	1
12548	63	1
12549	63	1
12550	63	1
12551	63	1
12552	63	1
12553	63	1
12554	63	1
12555	63	1
12556	63	1
12557	63	1
12558	63	1
12559	63	1
12560	63	1
12561	63	1
12562	63	1
12563	63	1
12564	63	1
12565	63	1
12566	63	1
12567	63	1
12568	63	1
12569	63	1
12570	63	1
12571	63	1
12572	63	1
12573	63	1
12574	63	1
12575	63	1
12576	63	1
12577	63	1
12578	63	1
12579	63	1
12580	63	1
12581	63	1
12582	63	1
12583	63	1
12584	63	1
12585	63	1
12586	63	1
12587	63	1
12588	63	1
12589	63	1
12590	63	1
12591	63	1
12592	63	1
12593	63	1
12594	63	1
12595	63	1
12596	63	1
12597	63	1
12598	63	1
12599	63	1
12600	63	1
12601	63	1
12602	63	1
12603	63	1
12604	63	1
12605	63	1
12606	63	1
12607	63	1
12608	63	1
12609	63	1
12610	63	1
12611	63	1
12612	63	1
12613	63	1
12614	63	1
12615	63	1
12616	63	1
12617	63	1
12618	63	1
12619	63	1
12620	63	1
12621	63	1
12622	63	1
12623	63	1
12624	63	1
12625	63	1
12626	63	1
12627	63	1
12628	63	1
12629	63	1
12630	63	1
12631	63	1
12632	63	1
12633	63	1
12634	63	1
12635	63	1
12636	63	1
12637	63	1
12638	63	1
12639	63	1
12640	63	1
12641	63	1
12642	63	1
12643	63	1
12644	63	1
12645	63	1
12646	63	1
12647	63	1
12648	63	1
12649	63	1
12650	63	1
12651	63	1
12652	63	1
12653	63	1
12654	63	1
12655	63	1
12656	63	1
12657	63	1
12658	63	1
12659	63	1
12660	63	1
12661	63	1
12662	63	1
12663	63	1
12664	63	1
12665	63	1
12666	63	1
12667	63	1
12668	63	1
12669	63	1
12670	63	1
12671	63	1
12672	63	1
12673	63	1
12674	63	1
12675	63	1
12676	63	1
12677	63	1
12678	63	1
12679	63	1
12680	63	1
12681	63	1
12682	63	1
12683	63	1
12684	63	1
12685	63	1
12686	63	1
12687	63	1
12688	63	1
12689	63	1
12690	63	1
12691	63	1
12692	63	1
12693	63	1
12694	63	1
12695	63	1
12696	63	1
12697	63	1
12698	63	1
12699	63	1
12700	63	1
12701	63	1
12702	63	1
12703	63	1
12704	63	1
12705	63	1
12706	63	1
12707	63	1
12708	63	1
12709	63	1
12710	63	1
12711	63	1
12712	63	1
12713	63	1
12714	63	1
12715	63	1
12716	63	1
12717	63	1
12718	63	1
12719	63	1
12720	63	1
12721	63	1
12722	63	1
12723	63	1
12724	63	1
12725	63	1
12726	63	1
12727	63	1
12728	63	1
12729	63	1
12730	63	1
12731	63	1
12732	63	1
12733	63	1
12734	63	1
12735	63	1
12736	63	1
12737	63	1
12738	63	1
12739	63	1
12740	63	1
12741	63	1
12742	63	1
12743	63	1
12744	63	1
12745	63	1
12746	63	1
12747	63	1
12748	63	1
12749	63	1
12750	63	1
12751	63	1
12752	63	1
12753	63	1
12754	63	1
12755	63	1
12756	63	1
12757	63	1
12758	63	1
12759	63	1
12760	63	1
12761	63	1
12762	63	1
12763	63	1
12764	63	1
12765	64	1
12766	64	1
12767	64	1
12768	64	1
12769	64	1
12770	64	1
12771	64	1
12772	64	1
12773	64	1
12774	64	1
12775	64	1
12776	64	1
12777	64	1
12778	64	1
12779	64	1
12780	64	1
12781	64	1
12782	64	1
12783	64	1
12784	64	1
12785	64	1
12786	64	1
12787	64	1
12788	64	1
12789	64	1
12790	64	1
12791	64	1
12792	64	1
12793	64	1
12794	64	1
12795	65	1
12796	65	1
12797	65	1
12798	65	1
12799	65	1
12800	65	1
12801	65	1
12802	65	1
12803	65	1
12804	65	1
12805	65	1
12806	65	1
12807	65	1
12808	65	1
12809	65	1
12810	65	1
12811	65	1
12812	65	1
12813	65	1
12814	65	1
12815	65	1
12816	65	1
12817	65	1
12818	65	1
12819	65	1
12820	65	1
12821	65	1
12822	65	1
12823	65	1
12824	65	1
12825	66	1
12826	66	1
12827	66	1
12828	66	1
12829	66	1
12830	66	1
12831	66	1
12832	66	1
12833	66	1
12834	66	1
12835	66	1
12836	66	1
12837	66	1
12838	66	1
12839	66	1
12840	66	1
12841	66	1
12842	66	1
12843	66	1
12844	66	1
12845	66	1
12846	66	1
12847	66	1
12848	66	1
12849	66	1
12850	66	1
12851	66	1
12852	66	1
12853	66	1
12854	66	1
12855	67	1
12856	67	1
12857	67	1
12858	67	1
12859	67	1
12860	67	1
12861	67	1
12862	67	1
12863	67	1
12864	67	1
12865	67	1
12866	67	1
12867	67	1
12868	67	1
12869	67	1
12870	67	1
12871	67	1
12872	67	1
12873	67	1
12874	67	1
12875	67	1
12876	67	1
12877	67	1
12878	67	1
12879	67	1
12880	67	1
12881	67	1
12882	67	1
12883	67	1
12884	67	1
12885	67	1
12886	67	1
12887	67	1
12888	67	1
12889	67	1
12890	67	1
12891	67	1
12892	67	1
12893	67	1
12894	67	1
12895	67	1
12896	67	1
12897	67	1
12898	67	1
12899	67	1
12900	67	1
12901	67	1
12902	67	1
12903	67	1
12904	67	1
12905	67	1
12906	67	1
12907	67	1
12908	67	1
12909	67	1
12910	67	1
12911	67	1
12912	67	1
12913	67	1
12914	67	1
12915	67	1
12916	67	1
12917	67	1
12918	67	1
12919	67	1
12920	67	1
12921	67	1
12922	67	1
12923	67	1
12924	67	1
12925	67	1
12926	67	1
12927	67	1
12928	67	1
12929	67	1
12930	67	1
12931	67	1
12932	67	1
12933	67	1
12934	67	1
12935	67	1
12936	67	1
12937	67	1
12938	67	1
12939	67	1
12940	67	1
12941	67	1
12942	67	1
12943	67	1
12944	67	1
12945	67	1
12946	67	1
12947	67	1
12948	67	1
12949	67	1
12950	67	1
12951	67	1
12952	67	1
12953	67	1
12954	67	1
12955	67	1
12956	67	1
12957	67	1
12958	67	1
12959	67	1
12960	67	1
12961	67	1
12962	67	1
12963	67	1
12964	67	1
12965	67	1
12966	67	1
12967	67	1
12968	67	1
12969	67	1
12970	67	1
12971	67	1
12972	67	1
12973	67	1
12974	67	1
12975	68	1
12976	68	1
12977	68	1
12978	68	1
12979	68	1
12980	68	1
12981	68	1
12982	68	1
12983	68	1
12984	68	1
12985	69	1
12986	69	1
12987	69	1
12988	69	1
12989	69	1
12990	69	1
12991	69	1
12992	69	1
12993	69	1
12994	69	1
12995	69	1
12996	69	1
12997	69	1
12998	69	1
12999	69	1
13000	69	1
13001	69	1
13002	69	1
13003	69	1
13004	69	1
13005	69	1
13006	69	1
13007	69	1
13008	69	1
13009	69	1
13010	69	1
13011	69	1
13012	69	1
13013	69	1
13014	69	1
13015	69	1
13016	69	1
13017	69	1
13018	69	1
13019	69	1
13020	69	1
13021	69	1
13022	69	1
13023	69	1
13024	69	1
13025	69	1
13026	69	1
13027	69	1
13028	69	1
13029	69	1
13030	69	1
13031	69	1
13032	69	1
13033	69	1
13034	69	1
13035	69	1
13036	69	1
13037	69	1
13038	69	1
13039	69	1
13040	69	1
13041	69	1
13042	69	1
13043	69	1
13044	69	1
13045	69	1
13046	69	1
13047	69	1
13048	69	1
13049	69	1
13050	69	1
13051	69	1
13052	69	1
13053	69	1
13054	69	1
13055	69	1
13056	69	1
13057	69	1
13058	69	1
13059	69	1
13060	69	1
13061	69	1
13062	69	1
13063	69	1
13064	69	1
13065	69	1
13066	69	1
13067	70	1
13068	70	1
13069	70	1
13070	70	1
13071	70	1
13072	70	1
13073	70	1
13074	70	1
13075	70	1
13076	70	1
13077	70	1
13078	70	1
13079	70	1
13080	70	1
13081	70	1
13082	70	1
13083	70	1
13084	70	1
13085	70	1
13086	70	1
13087	70	1
13088	70	1
13089	70	1
13090	70	1
13091	70	1
13092	70	1
13093	70	1
13094	70	1
13095	70	1
13096	70	1
13097	70	1
13098	70	1
13099	70	1
13100	70	1
13101	70	1
13102	70	1
13103	70	1
13104	70	1
13105	70	1
13106	70	1
13107	70	1
13108	70	1
13109	70	1
13110	70	1
13111	70	1
13112	70	1
13113	70	1
13114	70	1
13115	70	1
13116	70	1
13117	70	1
13118	70	1
13119	70	1
13120	70	1
13121	70	1
13122	70	1
13123	70	1
13124	70	1
13125	70	1
13126	70	1
13127	70	1
13128	70	1
13129	70	1
13130	70	1
13131	70	1
13132	70	1
13133	70	1
13134	70	1
13135	70	1
13136	70	1
13137	70	1
13138	70	1
13139	70	1
13140	70	1
13141	70	1
13142	70	1
13143	70	1
13144	70	1
13145	70	1
13146	70	1
13147	70	1
13148	70	1
13149	70	1
13150	70	1
13151	70	1
13152	70	1
13153	70	1
13154	70	1
13155	70	1
13156	70	1
13157	70	1
13158	70	1
13159	70	1
13160	70	1
13161	70	1
13162	70	1
13163	70	1
13164	70	1
13165	70	1
13166	70	1
13167	70	1
13168	70	1
13169	70	1
13170	70	1
13171	70	1
13172	70	1
13173	70	1
13174	70	1
13175	70	1
13176	70	1
13177	70	1
13178	70	1
13179	70	1
13180	70	1
13181	70	1
13182	70	1
13183	70	1
13184	70	1
13185	70	1
13186	70	1
13187	70	1
13188	70	1
13189	70	1
13190	70	1
13191	70	1
13192	70	1
13193	70	1
13194	70	1
13195	70	1
13196	70	1
13197	70	1
13198	70	1
13199	70	1
13200	70	1
13201	70	1
13202	70	1
13203	70	1
13204	70	1
13205	70	1
13206	70	1
13207	70	1
13208	70	1
13209	70	1
13210	70	1
13211	70	1
13212	70	1
13213	70	1
13214	70	1
13215	70	1
13216	70	1
13217	70	1
13218	70	1
13219	70	1
13220	70	1
13221	70	1
13222	70	1
13223	70	1
13224	70	1
13225	70	1
13226	70	1
13227	70	1
13228	70	1
13229	70	1
13230	70	1
13231	70	1
13232	70	1
13233	70	1
13234	70	1
13235	70	1
13236	70	1
13237	70	1
13238	70	1
13239	70	1
13240	70	1
13241	70	1
13242	70	1
13243	70	1
13244	70	1
13245	70	1
13246	70	1
13247	70	1
13248	70	1
13249	70	1
13250	70	1
13251	70	1
13252	70	1
13253	70	1
13254	70	1
13255	70	1
13256	70	1
13257	70	1
13258	70	1
13259	70	1
13260	70	1
13261	70	1
13262	70	1
13263	70	1
13264	70	1
13265	70	1
13266	70	1
13267	70	1
13268	70	1
13269	70	1
13270	70	1
13271	70	1
13272	70	1
13273	70	1
13274	70	1
13275	70	1
13276	70	1
13277	70	1
13278	70	1
13279	70	1
13280	70	1
13281	70	1
13282	70	1
13283	70	1
13284	70	1
13285	70	1
13286	70	1
13287	70	1
13288	70	1
13289	70	1
13290	70	1
13291	70	1
13292	70	1
13293	70	1
13294	70	1
13295	70	1
13296	70	1
13297	70	1
13298	70	1
13299	70	1
13300	70	1
13301	70	1
13302	70	1
13303	70	1
13304	70	1
13305	70	1
13306	70	1
13307	70	1
13308	70	1
13309	70	1
13310	70	1
13311	70	1
13312	70	1
13313	70	1
13314	70	1
13315	70	1
13316	70	1
13317	70	1
13318	70	1
13319	70	1
13320	71	1
13321	71	1
13322	71	1
13323	71	1
13324	71	1
13325	71	1
13326	71	1
13327	71	1
13328	71	1
13329	71	1
13330	71	1
13331	71	1
13332	71	1
13333	71	1
13334	71	1
13335	71	1
13336	71	1
13337	71	1
13338	71	1
13339	71	1
13340	71	1
13341	71	1
13342	71	1
13343	71	1
13344	71	1
13345	71	1
13346	71	1
13347	71	1
13348	71	1
13349	71	1
13350	72	1
13351	72	1
13352	72	1
13353	72	1
13354	72	1
13355	72	1
13356	72	1
13357	72	1
13358	72	1
13359	72	1
13360	72	1
13361	72	1
13362	72	1
13363	72	1
13364	72	1
13365	72	1
13366	72	1
13367	72	1
13368	72	1
13369	72	1
13370	72	1
13371	72	1
13372	72	1
13373	72	1
13374	72	1
13375	72	1
13376	72	1
13377	72	1
13378	72	1
13379	72	1
13380	72	1
13381	72	1
13382	72	1
13383	72	1
13384	72	1
13385	72	1
13386	72	1
13387	72	1
13388	72	1
13389	72	1
13390	73	1
13391	73	1
13392	73	1
13393	73	1
13394	73	1
13395	73	1
13396	73	1
13397	73	1
13398	73	1
13399	73	1
13400	73	1
13401	73	1
13402	73	1
13403	73	1
13404	73	1
13405	73	1
13406	73	1
13407	73	1
13408	73	1
13409	73	1
13410	73	1
13411	73	1
13412	73	1
13413	73	1
13414	73	1
13415	73	1
13416	73	1
13417	73	1
13418	73	1
13419	73	1
13420	73	1
13421	73	1
13422	73	1
13423	73	1
13424	73	1
13425	73	1
13426	73	1
13427	73	1
13428	73	1
13429	73	1
13430	73	1
13431	73	1
13432	73	1
13433	73	1
13434	73	1
13435	73	1
13436	73	1
13437	73	1
13438	73	1
13439	73	1
13440	73	1
13441	73	1
13442	73	1
13443	73	1
13444	73	1
13445	73	1
13446	73	1
13447	73	1
13448	73	1
13449	73	1
13450	73	1
13451	73	1
13452	73	1
13453	73	1
13454	73	1
13455	73	1
13456	73	1
13457	73	1
13458	73	1
13459	73	1
13460	73	1
13461	73	1
13462	73	1
13463	73	1
13464	73	1
13465	73	1
13466	73	1
13467	73	1
13468	73	1
13469	74	1
13470	74	1
13471	74	1
13472	74	1
13473	74	1
13474	74	1
13475	74	1
13476	74	1
13477	74	1
13478	74	1
13479	74	1
13480	74	1
13481	74	1
13482	74	1
13483	74	1
13484	74	1
13485	74	1
13486	74	1
13487	74	1
13488	74	1
13489	74	1
13490	74	1
13491	74	1
13492	74	1
13493	74	1
13494	74	1
13495	74	1
13496	74	1
13497	74	1
13498	74	1
13499	74	1
13500	74	1
13501	74	1
13502	74	1
13503	74	1
13504	74	1
13505	74	1
13506	74	1
13507	74	1
13508	74	1
13509	74	1
13510	74	1
13511	74	1
13512	74	1
13513	74	1
13514	74	1
13515	74	1
13516	74	1
13517	74	1
13518	74	1
13519	74	1
13520	74	1
13521	74	1
13522	74	1
13523	74	1
13524	74	1
13525	74	1
13526	74	1
13527	74	1
13528	74	1
13529	74	1
13530	74	1
13531	74	1
13532	74	1
13533	74	1
13534	74	1
13535	74	1
13536	74	1
13537	74	1
13538	74	1
13539	75	1
13540	75	1
13541	75	1
13542	75	1
13543	75	1
13544	75	1
13545	75	1
13546	75	1
13547	75	1
13548	75	1
13549	75	1
13550	75	1
13551	75	1
13552	75	1
13553	75	1
13554	75	1
13555	75	1
13556	75	1
13557	75	1
13558	75	1
13559	75	1
13560	75	1
13561	75	1
13562	75	1
13563	75	1
13564	75	1
13565	75	1
13566	75	1
13567	75	1
13568	75	1
13569	75	1
13570	75	1
13571	75	1
13572	75	1
13573	75	1
13574	75	1
13575	75	1
13576	75	1
13577	75	1
13578	75	1
13579	75	1
13580	75	1
13581	75	1
13582	75	1
13583	75	1
13584	75	1
13585	75	1
13586	75	1
13587	75	1
13588	75	1
13589	75	1
13590	75	1
13591	75	1
13592	75	1
13593	75	1
13594	75	1
13595	75	1
13596	75	1
13597	75	1
13598	75	1
13599	75	1
13600	75	1
13601	75	1
13602	75	1
13603	75	1
13604	75	1
13605	75	1
13606	75	1
13607	75	1
13608	75	1
13609	75	1
13610	75	1
13611	75	1
13612	75	1
13613	75	1
13614	75	1
13615	75	1
13616	75	1
13617	75	1
13618	75	1
13619	75	1
13620	75	1
13621	75	1
13622	75	1
13623	75	1
13624	75	1
13625	75	1
13626	75	1
13627	75	1
13628	76	1
13629	76	1
13630	76	1
13631	76	1
13632	76	1
13633	76	1
13634	76	1
13635	76	1
13636	76	1
13637	76	1
13638	76	1
13639	76	1
13640	76	1
13641	76	1
13642	76	1
13643	76	1
13644	76	1
13645	76	1
13646	76	1
13647	76	1
13648	76	1
13649	76	1
13650	76	1
13651	76	1
13652	76	1
13653	76	1
13654	76	1
13655	76	1
13656	76	1
13657	76	1
13658	76	1
13659	76	1
13660	76	1
13661	76	1
13662	76	1
13663	76	1
13664	76	1
13665	76	1
13666	76	1
13667	76	1
13668	76	1
13669	76	1
13670	76	1
13671	76	1
13672	76	1
13673	76	1
13674	76	1
13675	76	1
13676	76	1
13677	76	1
13678	76	1
13679	76	1
13680	76	1
13681	76	1
13682	76	1
13683	76	1
13684	76	1
13685	76	1
13686	76	1
13687	76	1
13688	76	1
13689	76	1
13690	76	1
13691	76	1
13692	76	1
13693	76	1
13694	76	1
13695	76	1
13696	76	1
13697	76	1
13698	76	1
13699	76	1
13700	76	1
13701	76	1
13702	76	1
13703	76	1
13704	76	1
13705	76	1
13706	76	1
13707	76	1
13708	76	1
13709	76	1
13710	76	1
13711	76	1
13712	76	1
13713	76	1
13714	76	1
13715	76	1
13716	76	1
13717	76	1
13718	76	1
13719	76	1
13720	76	1
13721	76	1
13722	76	1
13723	76	1
13724	76	1
13725	76	1
13726	76	1
13727	76	1
13728	76	1
13729	76	1
13730	76	1
13731	76	1
13732	76	1
13733	76	1
13734	76	1
13735	76	1
13736	76	1
13737	76	1
13738	76	1
13739	76	1
13740	76	1
13741	76	1
13742	76	1
13743	76	1
13744	76	1
13745	76	1
13746	76	1
13747	76	1
13748	77	1
13749	77	1
13750	77	1
13751	77	1
13752	77	1
13753	77	1
13754	77	1
13755	77	1
13756	77	1
13757	77	1
13758	77	1
13759	77	1
13760	77	1
13761	77	1
13762	77	1
13763	77	1
13764	77	1
13765	77	1
13766	77	1
13767	77	1
13768	77	1
13769	77	1
13770	77	1
13771	77	1
13772	77	1
13773	77	1
13774	77	1
13775	77	1
13776	77	1
13777	77	1
13778	77	1
13779	77	1
13780	77	1
13781	77	1
13782	77	1
13783	77	1
13784	77	1
13785	77	1
13786	77	1
13787	77	1
13788	77	1
13789	77	1
13790	77	1
13791	77	1
13792	77	1
13793	77	1
13794	77	1
13795	77	1
13796	77	1
13797	77	1
13798	77	1
13799	77	1
13800	77	1
13801	77	1
13802	77	1
13803	77	1
13804	77	1
13805	77	1
13806	77	1
13807	77	1
13808	77	1
13809	77	1
13810	77	1
13811	77	1
13812	77	1
13813	77	1
13814	77	1
13815	77	1
13816	77	1
13817	77	1
13818	77	1
13819	77	1
13820	77	1
13821	77	1
13822	77	1
13823	77	1
13824	77	1
13825	77	1
13826	77	1
13827	77	1
13828	77	1
13829	77	1
13830	77	1
13831	77	1
13832	77	1
13833	77	1
13834	77	1
13835	77	1
13836	77	1
13837	77	1
13838	77	1
13839	77	1
13840	77	1
13841	77	1
13842	77	1
13843	77	1
13844	77	1
13845	77	1
13846	77	1
13847	77	1
13848	77	1
13849	77	1
13850	77	1
13851	77	1
13852	77	1
13853	77	1
13854	77	1
13855	77	1
13856	77	1
13857	77	1
13858	77	1
13859	77	1
13860	77	1
13861	77	1
13862	77	1
13863	77	1
13864	77	1
13865	77	1
13866	77	1
13867	77	1
13868	77	1
13869	77	1
13870	77	1
13871	77	1
13872	77	1
13873	77	1
13874	77	1
13875	77	1
13876	77	1
13877	77	1
13878	77	1
13879	77	1
13880	77	1
13881	77	1
13882	77	1
13883	77	1
13884	77	1
13885	77	1
13886	77	1
13887	77	1
13888	77	1
13889	77	1
13890	77	1
13891	77	1
13892	77	1
13893	77	1
13894	77	1
13895	77	1
13896	77	1
13897	77	1
13898	77	1
13899	77	1
13900	77	1
13901	77	1
13902	77	1
13903	77	1
13904	77	1
13905	77	1
13906	77	1
13907	77	1
13908	77	1
13909	77	1
13910	77	1
13911	77	1
13912	77	1
13913	77	1
13914	77	1
13915	77	1
13916	77	1
13917	77	1
13918	77	1
13919	77	1
13920	77	1
13921	77	1
13922	77	1
13923	77	1
13924	77	1
13925	78	1
13926	78	1
13927	78	1
13928	78	1
13929	78	1
13930	78	1
13931	78	1
13932	78	1
13933	78	1
13934	78	1
13935	78	1
13936	78	1
13937	78	1
13938	78	1
13939	78	1
13940	78	1
13941	78	1
13942	78	1
13943	78	1
13944	78	1
13945	78	1
13946	78	1
13947	78	1
13948	78	1
13949	78	1
13950	78	1
13951	78	1
13952	78	1
13953	78	1
13954	78	1
13955	78	1
13956	78	1
13957	78	1
13958	78	1
13959	78	1
13960	78	1
13961	78	1
13962	78	1
13963	78	1
13964	78	1
13965	78	1
13966	78	1
13967	78	1
13968	78	1
13969	78	1
13970	78	1
13971	78	1
13972	78	1
13973	78	1
13974	78	1
13975	78	1
13976	78	1
13977	78	1
13978	78	1
13979	78	1
13980	78	1
13981	78	1
13982	78	1
13983	78	1
13984	78	1
13985	78	1
13986	78	1
13987	78	1
13988	78	1
13989	78	1
13990	78	1
13991	78	1
13992	78	1
13993	78	1
13994	78	1
13995	78	1
13996	78	1
13997	78	1
13998	78	1
13999	78	1
14000	78	1
14001	78	1
14002	78	1
14003	78	1
14004	78	1
14005	78	1
14006	78	1
14007	78	1
14008	78	1
14009	78	1
14010	78	1
14011	78	1
14012	78	1
14013	78	1
14014	78	1
14015	78	1
14016	78	1
14017	78	1
14018	78	1
14019	78	1
14020	78	1
14021	78	1
14022	78	1
14023	78	1
14024	78	1
14025	78	1
14026	78	1
14027	78	1
14028	78	1
14029	78	1
14030	78	1
14031	78	1
14032	78	1
14033	78	1
14034	78	1
14035	78	1
14036	78	1
14037	78	1
14038	78	1
14039	78	1
14040	78	1
14041	78	1
14042	78	1
14043	78	1
14044	78	1
14045	78	1
14046	78	1
14047	78	1
14048	78	1
14049	78	1
14050	78	1
14051	78	1
14052	78	1
14053	78	1
14054	78	1
14055	78	1
14056	78	1
14057	78	1
14058	78	1
14059	78	1
14060	78	1
14061	78	1
14062	78	1
14063	78	1
14064	78	1
14065	78	1
14066	78	1
14067	78	1
14068	78	1
14069	78	1
14070	78	1
14071	78	1
14072	78	1
14073	78	1
14074	78	1
14075	78	1
14076	78	1
14077	78	1
14078	78	1
14079	78	1
14080	78	1
14081	78	1
14082	78	1
14083	78	1
14084	78	1
14085	78	1
14086	78	1
14087	78	1
14088	78	1
14089	78	1
14090	78	1
14091	78	1
14092	78	1
14093	78	1
14094	78	1
14095	78	1
14096	78	1
14097	78	1
14098	78	1
14099	78	1
14100	78	1
14101	78	1
14102	79	1
14103	79	1
14104	79	1
14105	79	1
14106	79	1
14107	79	1
14108	79	1
14109	79	1
14110	79	1
14111	79	1
14112	79	1
14113	79	1
14114	79	1
14115	79	1
14116	79	1
14117	79	1
14118	79	1
14119	79	1
14120	79	1
14121	79	1
14122	79	1
14123	79	1
14124	79	1
14125	79	1
14126	79	1
14127	79	1
14128	79	1
14129	79	1
14130	79	1
14131	79	1
14132	79	1
14133	79	1
14134	79	1
14135	79	1
14136	79	1
14137	79	1
14138	79	1
14139	79	1
14140	79	1
14141	79	1
14142	79	1
14143	79	1
14144	79	1
14145	79	1
14146	79	1
14147	79	1
14148	79	1
14149	79	1
14150	79	1
14151	79	1
14152	79	1
14153	79	1
14154	79	1
14155	79	1
14156	79	1
14157	79	1
14158	79	1
14159	79	1
14160	79	1
14161	79	1
14162	79	1
14163	79	1
14164	79	1
14165	79	1
14166	79	1
14167	79	1
14168	79	1
14169	79	1
14170	79	1
14171	79	1
14172	79	1
14173	79	1
14174	79	1
14175	79	1
14176	79	1
14177	79	1
14178	79	1
14179	79	1
14180	79	1
14181	79	1
14182	79	1
14183	79	1
14184	79	1
14185	79	1
14186	79	1
14187	79	1
14188	79	1
14189	79	1
14190	79	1
14191	79	1
14192	79	1
14193	79	1
14194	79	1
14195	79	1
14196	79	1
14197	79	1
14198	79	1
14199	79	1
14200	79	1
14201	79	1
14202	79	1
14203	79	1
14204	79	1
14205	79	1
14206	79	1
14207	79	1
14208	79	1
14209	79	1
14210	79	1
14211	79	1
14212	79	1
14213	79	1
14214	79	1
14215	79	1
14216	79	1
14217	79	1
14218	79	1
14219	79	1
14220	79	1
14221	79	1
14222	79	1
14223	79	1
14224	79	1
14225	79	1
14226	79	1
14227	79	1
14228	79	1
14229	79	1
14230	79	1
14231	79	1
14232	79	1
14233	79	1
14234	79	1
14235	79	1
14236	79	1
14237	79	1
14238	79	1
14239	79	1
14240	79	1
14241	79	1
14242	79	1
14243	79	1
14244	79	1
14245	79	1
14246	79	1
14247	79	1
14248	79	1
14249	79	1
14250	79	1
14251	79	1
14252	79	1
14253	79	1
14254	79	1
14255	79	1
14256	79	1
14257	79	1
14258	79	1
14259	79	1
14260	79	1
14261	79	1
14262	79	1
14263	79	1
14264	79	1
14265	79	1
14266	79	1
14267	79	1
14268	79	1
14269	79	1
14270	79	1
14271	79	1
14272	79	1
14273	79	1
14274	79	1
14275	79	1
14276	79	1
14277	79	1
14278	79	1
14279	79	1
14280	79	1
14281	79	1
14282	79	1
14283	79	1
14284	79	1
14285	79	1
14286	79	1
14287	79	1
14288	79	1
14289	79	1
14290	79	1
14291	79	1
14292	79	1
14293	79	1
14294	79	1
14295	79	1
14296	79	1
14297	79	1
14298	79	1
14299	79	1
14300	79	1
14301	79	1
14302	79	1
14303	79	1
14304	79	1
14305	79	1
14306	79	1
14307	79	1
14308	79	1
14309	79	1
14310	79	1
14311	79	1
14312	79	1
14313	79	1
14314	79	1
14315	79	1
14316	79	1
14317	79	1
14318	79	1
14319	79	1
14320	79	1
14321	79	1
14322	79	1
14323	79	1
14324	79	1
14325	79	1
14326	79	1
14327	79	1
14328	79	1
14329	79	1
14330	79	1
14331	79	1
14332	79	1
14333	79	1
14334	79	1
14335	79	1
14336	79	1
14337	79	1
14338	79	1
14339	79	1
14340	79	1
14341	79	1
14342	79	1
14343	79	1
14344	79	1
14345	79	1
14346	79	1
14347	79	1
14348	79	1
14349	79	1
14350	79	1
14351	79	1
14352	79	1
14353	79	1
14354	79	1
14355	79	1
14356	79	1
14357	79	1
14358	79	1
14359	79	1
14360	79	1
14361	79	1
14362	79	1
14363	79	1
14364	79	1
14365	79	1
14366	79	1
14367	79	1
14368	79	1
14369	79	1
14370	79	1
14371	79	1
14372	79	1
14373	79	1
14374	79	1
14375	79	1
14376	79	1
14377	79	1
14378	79	1
14379	79	1
14380	79	1
14381	79	1
14382	79	1
14383	79	1
14384	79	1
14385	79	1
14386	79	1
14387	79	1
14388	79	1
14389	79	1
14390	79	1
14391	79	1
14392	79	1
14393	79	1
14394	79	1
14395	79	1
14396	79	1
14397	79	1
14398	79	1
14399	79	1
14400	79	1
14401	79	1
14402	79	1
14403	79	1
14404	79	1
14405	79	1
14406	79	1
14407	79	1
14408	79	1
14409	79	1
14410	79	1
14411	79	1
14412	79	1
14413	79	1
14414	79	1
14415	79	1
14416	79	1
14417	79	1
14418	79	1
14419	79	1
14420	79	1
14421	79	1
14422	79	1
14423	79	1
14424	79	1
14425	79	1
14426	79	1
14427	79	1
14428	79	1
14429	79	1
14430	79	1
14431	79	1
14432	79	1
14433	79	1
14434	79	1
14435	79	1
14436	79	1
14437	79	1
14438	79	1
14439	79	1
14440	79	1
14441	79	1
14442	79	1
14443	79	1
14444	79	1
14445	79	1
14446	79	1
14447	79	1
14448	79	1
14449	79	1
14450	79	1
14451	79	1
14452	79	1
14453	79	1
14454	79	1
14455	79	1
14456	79	1
14457	79	1
14458	79	1
14459	79	1
14460	79	1
14461	79	1
14462	79	1
14463	79	1
14464	79	1
14465	79	1
14466	79	1
14467	79	1
14468	79	1
14469	79	1
14470	79	1
14471	79	1
14472	79	1
14473	79	1
14474	79	1
14475	79	1
14476	79	1
14477	79	1
14478	79	1
14479	79	1
14480	79	1
14481	79	1
14482	79	1
14483	79	1
14484	79	1
14485	79	1
14486	79	1
14487	79	1
14488	79	1
14489	79	1
14490	79	1
14491	79	1
14492	79	1
14493	79	1
14494	79	1
14495	79	1
14496	79	1
14497	79	1
14498	79	1
14499	79	1
14500	79	1
14501	79	1
14502	79	1
14503	79	1
14504	79	1
14505	79	1
14506	79	1
14507	79	1
14508	79	1
14509	79	1
14510	79	1
14511	79	1
14512	79	1
14513	79	1
14514	79	1
14515	79	1
14516	79	1
14517	79	1
14518	79	1
14519	79	1
14520	79	1
14521	79	1
14522	79	1
14523	79	1
14524	79	1
14525	79	1
14526	79	1
14527	79	1
14528	79	1
14529	79	1
14530	79	1
14531	79	1
14532	79	1
14533	79	1
14534	79	1
14535	79	1
14536	79	1
14537	79	1
14538	79	1
14539	79	1
14540	79	1
14541	79	1
14542	79	1
14543	79	1
14544	79	1
14545	79	1
14546	79	1
14547	79	1
14548	79	1
14549	79	1
14550	79	1
14551	79	1
14552	79	1
14553	79	1
14554	79	1
14555	79	1
14556	79	1
14557	79	1
14558	79	1
14559	79	1
14560	79	1
14561	79	1
14562	79	1
14563	79	1
14564	79	1
14565	79	1
14566	79	1
14567	79	1
14568	79	1
14569	79	1
14570	79	1
14571	79	1
14572	79	1
14573	79	1
14574	79	1
14575	79	1
14576	79	1
14577	79	1
14578	79	1
14579	79	1
14580	79	1
14581	79	1
14582	79	1
14583	79	1
14584	79	1
14585	79	1
14586	79	1
14587	79	1
14588	79	1
14589	79	1
14590	79	1
14591	79	1
14592	79	1
14593	79	1
14594	79	1
14595	79	1
14596	79	1
14597	79	1
14598	79	1
14599	79	1
14600	79	1
14601	79	1
14602	79	1
14603	79	1
14604	79	1
14605	79	1
14606	79	1
14607	79	1
14608	79	1
14609	79	1
14610	79	1
14611	79	1
14612	79	1
14613	79	1
14614	79	1
14615	79	1
14616	79	1
14617	79	1
14618	79	1
14619	79	1
14620	79	1
14621	79	1
14622	79	1
14623	79	1
14624	79	1
14625	79	1
14626	79	1
14627	79	1
14628	79	1
14629	79	1
14630	79	1
14631	79	1
14632	79	1
14633	79	1
14634	79	1
14635	79	1
14636	79	1
14637	79	1
14638	79	1
14639	79	1
14640	79	1
14641	79	1
14642	79	1
14643	79	1
14644	79	1
14645	79	1
14646	79	1
14647	79	1
14648	79	1
14649	79	1
14650	79	1
14651	79	1
14652	79	1
14653	79	1
14654	79	1
14655	79	1
14656	79	1
14657	79	1
14658	79	1
14659	79	1
14660	79	1
14661	79	1
14662	79	1
14663	79	1
14664	79	1
14665	79	1
14666	79	1
14667	79	1
14668	79	1
14669	79	1
14670	79	1
14671	79	1
14672	79	1
14673	79	1
14674	79	1
14675	79	1
14676	79	1
14677	79	1
14678	79	1
14679	79	1
14680	79	1
14681	79	1
14682	79	1
14683	79	1
14684	79	1
14685	79	1
14686	79	1
14687	79	1
14688	79	1
14689	79	1
14690	79	1
14691	79	1
14692	79	1
14693	79	1
14694	79	1
14695	79	1
14696	79	1
14697	79	1
14698	79	1
14699	79	1
14700	79	1
14701	79	1
14702	79	1
14703	79	1
14704	79	1
14705	79	1
14706	79	1
14707	79	1
14708	79	1
14709	79	1
14710	79	1
14711	79	1
14712	79	1
14713	79	1
14714	79	1
14715	79	1
14716	79	1
14717	79	1
14718	79	1
14719	79	1
14720	79	1
14721	79	1
14722	79	1
14723	79	1
14724	79	1
14725	79	1
14726	79	1
14727	79	1
14728	79	1
14729	79	1
14730	79	1
14731	79	1
14732	79	1
14733	79	1
14734	79	1
14735	79	1
14736	79	1
14737	79	1
14738	79	1
14739	79	1
14740	79	1
14741	79	1
14742	79	1
14743	79	1
14744	79	1
14745	79	1
14746	79	1
14747	79	1
14748	79	1
14749	79	1
14750	79	1
14751	79	1
14752	79	1
14753	79	1
14754	79	1
14755	79	1
14756	79	1
14757	79	1
14758	79	1
14759	79	1
14760	79	1
14761	79	1
14762	79	1
14763	79	1
14764	79	1
14765	79	1
14766	79	1
14767	79	1
14768	79	1
14769	79	1
14770	79	1
14771	79	1
14772	79	1
14773	79	1
14774	79	1
14775	79	1
14776	79	1
14777	79	1
14778	79	1
14779	79	1
14780	79	1
14781	79	1
14782	79	1
14783	79	1
14784	79	1
14785	79	1
14786	79	1
14787	79	1
14788	79	1
14789	79	1
14790	79	1
14791	79	1
14792	79	1
14793	79	1
14794	79	1
14795	79	1
14796	79	1
14797	79	1
14798	79	1
14799	79	1
14800	79	1
14801	79	1
14802	79	1
14803	79	1
14804	79	1
14805	79	1
14806	79	1
14807	79	1
14808	79	1
14809	79	1
14810	79	1
14811	79	1
14812	79	1
14813	79	1
14814	79	1
14815	79	1
14816	79	1
14817	79	1
14818	79	1
14819	79	1
14820	79	1
14821	79	1
14822	79	1
14823	79	1
14824	79	1
14825	79	1
14826	79	1
14827	79	1
14828	79	1
14829	79	1
14830	79	1
14831	79	1
14832	79	1
14833	79	1
14834	79	1
14835	79	1
14836	79	1
14837	79	1
14838	79	1
14839	79	1
14840	79	1
14841	79	1
14842	79	1
14843	79	1
14844	79	1
14845	79	1
14846	79	1
14847	79	1
14848	79	1
14849	79	1
14850	79	1
14851	79	1
14852	79	1
14853	79	1
14854	79	1
14855	79	1
14856	79	1
14857	79	1
14858	79	1
14859	79	1
14860	79	1
14861	79	1
14862	79	1
14863	79	1
14864	79	1
14865	79	1
14866	79	1
14867	79	1
14868	79	1
14869	79	1
14870	79	1
14871	79	1
14872	79	1
14873	79	1
14874	79	1
14875	79	1
14876	79	1
14877	79	1
14878	79	1
14879	79	1
14880	79	1
14881	79	1
14882	79	1
14883	79	1
14884	79	1
14885	79	1
14886	79	1
14887	79	1
14888	79	1
14889	79	1
14890	79	1
14891	79	1
14892	79	1
14893	79	1
14894	79	1
14895	79	1
14896	79	1
14897	79	1
14898	79	1
14899	79	1
14900	79	1
14901	79	1
14902	79	1
14903	79	1
14904	79	1
14905	79	1
14906	79	1
14907	79	1
14908	79	1
14909	79	1
14910	79	1
14911	79	1
14912	79	1
14913	79	1
14914	79	1
14915	79	1
14916	79	1
14917	79	1
14918	79	1
14919	79	1
14920	79	1
14921	79	1
14922	79	1
14923	79	1
14924	79	1
14925	79	1
14926	79	1
14927	79	1
14928	79	1
14929	79	1
14930	79	1
14931	79	1
14932	79	1
14933	79	1
14934	79	1
14935	79	1
14936	79	1
14937	79	1
14938	79	1
14939	79	1
14940	79	1
14941	79	1
14942	79	1
14943	79	1
14944	79	1
14945	79	1
14946	79	1
14947	79	1
14948	79	1
14949	79	1
14950	79	1
14951	79	1
14952	79	1
14953	79	1
14954	79	1
14955	79	1
14956	79	1
14957	79	1
14958	79	1
14959	79	1
14960	79	1
14961	79	1
14962	79	1
14963	79	1
14964	79	1
14965	79	1
14966	79	1
14967	79	1
14968	79	1
14969	79	1
14970	79	1
14971	79	1
14972	79	1
14973	79	1
14974	79	1
14975	79	1
14976	79	1
14977	79	1
14978	79	1
14979	79	1
14980	79	1
14981	79	1
14982	79	1
14983	79	1
14984	79	1
14985	79	1
14986	79	1
14987	79	1
14988	79	1
14989	79	1
14990	79	1
14991	79	1
14992	79	1
14993	79	1
14994	79	1
14995	79	1
14996	79	1
14997	79	1
14998	79	1
14999	79	1
15000	79	1
15001	79	1
15002	79	1
15003	79	1
15004	79	1
15005	79	1
15006	79	1
15007	79	1
15008	79	1
15009	79	1
15010	79	1
15011	79	1
15012	79	1
15013	79	1
15014	79	1
15015	79	1
15016	79	1
15017	79	1
15018	79	1
15019	79	1
15020	79	1
15021	79	1
15022	79	1
15023	79	1
15024	79	1
15025	79	1
15026	79	1
15027	79	1
15028	79	1
15029	79	1
15030	79	1
15031	79	1
15032	79	1
15033	79	1
15034	79	1
15035	79	1
15036	79	1
15037	79	1
15038	79	1
15039	79	1
15040	79	1
15041	79	1
15042	79	1
15043	79	1
15044	79	1
15045	79	1
15046	79	1
15047	79	1
15048	79	1
15049	79	1
15050	79	1
15051	79	1
15052	79	1
15053	79	1
15054	79	1
15055	79	1
15056	79	1
15057	79	1
15058	79	1
15059	79	1
15060	79	1
15061	79	1
15062	79	1
15063	79	1
15064	79	1
15065	79	1
15066	79	1
15067	79	1
15068	79	1
15069	79	1
15070	79	1
15071	79	1
15072	79	1
15073	79	1
15074	79	1
15075	79	1
15076	79	1
15077	79	1
15078	79	1
15079	79	1
15080	79	1
15081	79	1
15082	79	1
15083	79	1
15084	79	1
15085	79	1
15086	79	1
15087	79	1
15088	79	1
15089	79	1
15090	79	1
15091	79	1
15092	79	1
15093	79	1
15094	79	1
15095	79	1
15096	79	1
15097	79	1
15098	79	1
15099	79	1
15100	79	1
15101	79	1
15102	79	1
15103	79	1
15104	79	1
15105	79	1
15106	79	1
15107	79	1
15108	79	1
15109	79	1
15110	79	1
15111	79	1
15112	79	1
15113	79	1
15114	79	1
15115	79	1
15116	79	1
15117	79	1
15118	79	1
15119	79	1
15120	79	1
15121	79	1
15122	79	1
15123	79	1
15124	79	1
15125	79	1
15126	79	1
15127	79	1
15128	79	1
15129	79	1
15130	79	1
15131	79	1
15132	79	1
15133	79	1
15134	79	1
15135	79	1
15136	79	1
15137	79	1
15138	79	1
15139	79	1
15140	79	1
15141	79	1
15142	80	1
15143	80	1
15144	80	1
15145	80	1
15146	80	1
15147	80	1
15148	80	1
15149	80	1
15150	80	1
15151	80	1
15152	80	1
15153	80	1
15154	80	1
15155	80	1
15156	80	1
15157	80	1
15158	80	1
15159	80	1
15160	80	1
15161	80	1
15162	80	1
15163	80	1
15164	80	1
15165	80	1
15166	80	1
15167	80	1
15168	80	1
15169	80	1
15170	80	1
15171	80	1
15172	80	1
15173	80	1
15174	80	1
15175	80	1
15176	80	1
15177	80	1
15178	80	1
15179	80	1
15180	80	1
15181	80	1
15182	80	1
15183	80	1
15184	80	1
15185	80	1
15186	80	1
15187	80	1
15188	80	1
15189	80	1
15190	80	1
15191	80	1
15192	80	1
15193	80	1
15194	80	1
15195	80	1
15196	80	1
15197	80	1
15198	80	1
15199	80	1
15200	80	1
15201	80	1
15202	80	1
15203	80	1
15204	80	1
15205	80	1
15206	80	1
15207	80	1
15208	80	1
15209	80	1
15210	80	1
15211	80	1
15212	80	1
15213	80	1
15214	80	1
15215	80	1
15216	80	1
15217	80	1
15218	80	1
15219	80	1
15220	80	1
15221	80	1
15222	80	1
15223	80	1
15224	80	1
15225	80	1
15226	80	1
15227	80	1
15228	80	1
15229	80	1
15230	80	1
15231	80	1
15232	80	1
15233	80	1
15234	80	1
15235	80	1
15236	80	1
15237	80	1
15238	80	1
15239	80	1
15240	80	1
15241	80	1
15242	80	1
15243	80	1
15244	80	1
15245	80	1
15246	80	1
15247	80	1
15248	80	1
15249	80	1
15250	80	1
15251	80	1
15252	80	1
15253	80	1
15254	80	1
15255	80	1
15256	80	1
15257	80	1
15258	80	1
15259	80	1
15260	80	1
15261	80	1
15262	80	1
15263	80	1
15264	80	1
15265	80	1
15266	80	1
15267	80	1
15268	80	1
15269	80	1
15270	80	1
15271	80	1
15272	80	1
15273	80	1
15274	80	1
15275	80	1
15276	80	1
15277	80	1
15278	80	1
15279	80	1
15280	80	1
15281	80	1
15282	80	1
15283	80	1
15284	80	1
15285	80	1
15286	80	1
15287	80	1
15288	80	1
15289	80	1
15290	80	1
15291	80	1
15292	80	1
15293	80	1
15294	80	1
15295	80	1
15296	80	1
15297	80	1
15298	80	1
15299	80	1
15300	80	1
15301	80	1
15302	80	1
15303	80	1
15304	80	1
15305	80	1
15306	80	1
15307	80	1
15308	80	1
15309	80	1
15310	80	1
15311	80	1
15312	80	1
15313	80	1
15314	80	1
15315	80	1
15316	80	1
15317	80	1
15318	80	1
15319	80	1
15320	80	1
15321	80	1
15322	80	1
15323	80	1
15324	80	1
15325	80	1
15326	80	1
15327	80	1
15328	80	1
15329	80	1
15330	80	1
15331	80	1
15332	80	1
15333	80	1
15334	80	1
15335	80	1
15336	80	1
15337	80	1
15338	80	1
15339	80	1
15340	80	1
15341	80	1
15342	80	1
15343	80	1
15344	80	1
15345	80	1
15346	80	1
15347	80	1
15348	80	1
15349	80	1
15350	80	1
15351	80	1
15352	80	1
15353	80	1
15354	80	1
15355	80	1
15356	80	1
15357	80	1
15358	80	1
15359	80	1
15360	80	1
15361	80	1
15362	80	1
15363	80	1
15364	80	1
15365	80	1
15366	80	1
15367	80	1
15368	80	1
15369	80	1
15370	80	1
15371	80	1
15372	80	1
15373	80	1
15374	80	1
15375	80	1
15376	80	1
15377	80	1
15378	80	1
15379	80	1
15380	80	1
15381	80	1
15382	80	1
15383	80	1
15384	80	1
15385	80	1
15386	80	1
15387	80	1
15388	80	1
15389	80	1
15390	80	1
15391	80	1
15392	80	1
15393	80	1
15394	80	1
15395	80	1
15396	80	1
15397	80	1
15398	80	1
15399	80	1
15400	80	1
15401	80	1
15402	80	1
15403	80	1
15404	80	1
15405	80	1
15406	80	1
15407	80	1
15408	80	1
15409	80	1
15410	80	1
15411	80	1
15412	80	1
15413	80	1
15414	80	1
15415	80	1
15416	80	1
15417	80	1
15418	80	1
15419	80	1
15420	80	1
15421	80	1
15422	80	1
15423	80	1
15424	80	1
15425	80	1
15426	80	1
15427	80	1
15428	80	1
15429	80	1
15430	80	1
15431	80	1
15432	80	1
15433	80	1
15434	80	1
15435	80	1
15436	80	1
15437	80	1
15438	80	1
15439	80	1
15440	80	1
15441	80	1
15442	80	1
15443	80	1
15444	80	1
15445	80	1
15446	80	1
15447	80	1
15448	80	1
15449	80	1
15450	80	1
15451	80	1
15452	80	1
15453	80	1
15454	80	1
15455	80	1
15456	80	1
15457	80	1
15458	80	1
15459	80	1
15460	80	1
15461	80	1
15462	80	1
15463	80	1
15464	80	1
15465	80	1
15466	80	1
15467	80	1
15468	80	1
15469	80	1
15470	80	1
15471	80	1
15472	80	1
15473	80	1
15474	80	1
15475	80	1
15476	80	1
15477	80	1
15478	80	1
15479	80	1
15480	80	1
15481	80	1
15482	80	1
15483	80	1
15484	80	1
15485	80	1
15486	80	1
15487	80	1
15488	80	1
15489	80	1
15490	80	1
15491	80	1
15492	80	1
15493	80	1
15494	80	1
15495	80	1
15496	80	1
15497	80	1
15498	80	1
15499	80	1
15500	80	1
15501	80	1
15502	80	1
15503	80	1
15504	80	1
15505	80	1
15506	80	1
15507	80	1
15508	80	1
15509	80	1
15510	80	1
15511	80	1
15512	80	1
15513	80	1
15514	80	1
15515	80	1
15516	80	1
15517	80	1
15518	80	1
15519	80	1
15520	80	1
15521	80	1
15522	80	1
15523	80	1
15524	80	1
15525	80	1
15526	80	1
15527	80	1
15528	80	1
15529	80	1
15530	80	1
15531	80	1
15532	80	1
15533	80	1
15534	80	1
15535	80	1
15536	80	1
15537	80	1
15538	80	1
15539	80	1
15540	80	1
15541	80	1
15542	80	1
15543	80	1
15544	80	1
15545	80	1
15546	80	1
15547	80	1
15548	80	1
15549	80	1
15550	80	1
15551	80	1
15552	80	1
15553	80	1
15554	80	1
15555	80	1
15556	80	1
15557	80	1
15558	80	1
15559	80	1
15560	80	1
15561	81	1
15562	81	1
15563	81	1
15564	81	1
15565	81	1
15566	81	1
15567	81	1
15568	81	1
15569	81	1
15570	81	1
15571	81	1
15572	81	1
15573	81	1
15574	81	1
15575	81	1
15576	81	1
15577	81	1
15578	81	1
15579	81	1
15580	81	1
15581	81	1
15582	81	1
15583	81	1
15584	81	1
15585	81	1
15586	81	1
15587	81	1
15588	81	1
15589	81	1
15590	81	1
15591	81	1
15592	81	1
15593	81	1
15594	81	1
15595	81	1
15596	81	1
15597	81	1
15598	81	1
15599	81	1
15600	81	1
15601	81	1
15602	81	1
15603	81	1
15604	81	1
15605	81	1
15606	81	1
15607	81	1
15608	81	1
15609	81	1
15610	81	1
15611	81	1
15612	81	1
15613	81	1
15614	81	1
15615	81	1
15616	81	1
15617	81	1
15618	81	1
15619	81	1
15620	81	1
15621	81	1
15622	81	1
15623	81	1
15624	81	1
15625	81	1
15626	81	1
15627	81	1
15628	81	1
15629	81	1
15630	81	1
15631	81	1
15632	81	1
15633	81	1
15634	81	1
15635	81	1
15636	81	1
15637	81	1
15638	81	1
15639	81	1
15640	81	1
15641	81	1
15642	81	1
15643	81	1
15644	81	1
15645	81	1
15646	81	1
15647	81	1
15648	81	1
15649	81	1
15650	81	1
15651	82	1
15652	82	1
15653	82	1
15654	82	1
15655	82	1
15656	82	1
15657	82	1
15658	82	1
15659	82	1
15660	82	1
15661	82	1
15662	82	1
15663	82	1
15664	82	1
15665	82	1
15666	82	1
15667	82	1
15668	82	1
15669	82	1
15670	82	1
15671	82	1
15672	82	1
15673	82	1
15674	82	1
15675	82	1
15676	82	1
15677	82	1
15678	82	1
15679	82	1
15680	82	1
15681	82	1
15682	82	1
15683	83	1
15684	83	1
15685	83	1
15686	83	1
15687	83	1
15688	83	1
15689	83	1
15690	83	1
15691	83	1
15692	83	1
15693	83	1
15694	83	1
15695	83	1
15696	83	1
15697	83	1
15698	83	1
15699	83	1
15700	83	1
15701	83	1
15702	83	1
15703	83	1
15704	83	1
15705	83	1
15706	83	1
15707	83	1
15708	83	1
15709	83	1
15710	83	1
15711	83	1
15712	83	1
15713	83	1
15714	83	1
15715	83	1
15716	83	1
15717	83	1
15718	83	1
15719	83	1
15720	83	1
15721	83	1
15722	83	1
15723	83	1
15724	83	1
15725	83	1
15726	83	1
15727	83	1
15728	83	1
15729	83	1
15730	83	1
15731	83	1
15732	83	1
15733	83	1
15734	83	1
15735	83	1
15736	83	1
15737	83	1
15738	83	1
15739	83	1
15740	83	1
15741	83	1
15742	83	1
15743	83	1
15744	83	1
15745	83	1
15746	83	1
15747	83	1
15748	83	1
15749	83	1
15750	83	1
15751	83	1
15752	83	1
15753	83	1
15754	83	1
15755	83	1
15756	83	1
15757	83	1
15758	83	1
15759	83	1
15760	83	1
15761	83	1
15762	83	1
15763	83	1
15764	83	1
15765	83	1
15766	83	1
15767	83	1
15768	83	1
15769	83	1
15770	83	1
15771	83	1
15772	83	1
15773	83	1
15774	83	1
15775	83	1
15776	83	1
15777	83	1
15778	83	1
15779	83	1
15780	83	1
15781	83	1
15782	83	1
15783	83	1
15784	83	1
15785	83	1
15786	83	1
15787	83	1
15788	83	1
15789	83	1
15790	83	1
15791	83	1
15792	83	1
15793	83	1
15794	83	1
15795	83	1
15796	83	1
15797	83	1
15798	84	1
15799	84	1
15800	84	1
15801	84	1
15802	84	1
15803	84	1
15804	84	1
15805	84	1
15806	84	1
15807	84	1
15808	84	1
15809	84	1
15810	84	1
15811	84	1
15812	84	1
15813	84	1
15814	84	1
15815	84	1
15816	84	1
15817	84	1
15818	84	1
15819	84	1
15820	84	1
15821	84	1
15822	84	1
15823	84	1
15824	84	1
15825	84	1
15826	84	1
15827	84	1
15828	84	1
15829	84	1
15830	84	1
15831	84	1
15832	84	1
15833	84	1
15834	84	1
15835	84	1
15836	84	1
15837	84	1
15838	84	1
15839	84	1
15840	84	1
15841	84	1
15842	84	1
15843	84	1
15844	84	1
15845	84	1
15846	84	1
15847	84	1
15848	84	1
15849	84	1
15850	84	1
15851	84	1
15852	84	1
15853	84	1
15854	84	1
15855	84	1
15856	84	1
15857	84	1
15858	85	1
15859	85	1
15860	85	1
15861	85	1
15862	85	1
15863	85	1
15864	85	1
15865	85	1
15866	85	1
15867	85	1
15868	85	1
15869	85	1
15870	85	1
15871	85	1
15872	85	1
15873	85	1
15874	85	1
15875	85	1
15876	85	1
15877	85	1
15878	85	1
15879	85	1
15880	85	1
15881	85	1
15882	85	1
15883	85	1
15884	85	1
15885	85	1
15886	86	1
15887	86	1
15888	86	1
15889	86	1
15890	86	1
15891	86	1
15892	86	1
15893	86	1
15894	86	1
15895	86	1
15896	86	1
15897	86	1
15898	86	1
15899	86	1
15900	86	1
15901	86	1
15902	86	1
15903	86	1
15904	86	1
15905	86	1
15906	86	1
15907	86	1
15908	86	1
15909	86	1
15910	86	1
15911	86	1
15912	86	1
15913	86	1
15914	86	1
15915	86	1
15916	86	1
15917	86	1
15918	86	1
15919	86	1
15920	86	1
15921	86	1
15922	86	1
15923	86	1
15924	86	1
15925	86	1
15926	86	1
15927	86	1
15928	86	1
15929	86	1
15930	86	1
15931	86	1
15932	86	1
15933	86	1
15934	86	1
15935	86	1
15936	86	1
15937	86	1
15938	86	1
15939	86	1
15940	86	1
15941	86	1
15942	86	1
15943	86	1
15944	86	1
15945	86	1
15946	86	1
15947	86	1
15948	86	1
15949	86	1
15950	86	1
15951	86	1
15952	86	1
15953	86	1
15954	86	1
15955	86	1
15956	86	1
15957	86	1
15958	86	1
15959	86	1
15960	86	1
15961	86	1
15962	86	1
15963	86	1
15964	86	1
15965	86	1
15966	86	1
15967	86	1
15968	86	1
15969	86	1
15970	86	1
15971	86	1
15972	86	1
15973	86	1
15974	86	1
15975	86	1
15976	86	1
15977	86	1
15978	86	1
15979	86	1
15980	86	1
15981	86	1
15982	86	1
15983	86	1
15984	86	1
15985	86	1
15986	86	1
15987	86	1
15988	86	1
15989	86	1
15990	86	1
15991	86	1
15992	86	1
15993	86	1
15994	87	1
15995	87	1
15996	87	1
15997	87	1
15998	87	1
15999	87	1
16000	87	1
16001	87	1
16002	88	1
16003	88	1
16004	88	1
16005	88	1
16006	88	1
16007	88	1
16008	88	1
16009	88	1
16010	88	1
16011	88	1
16012	88	1
16013	88	1
16014	88	1
16015	88	1
16016	88	1
16017	88	1
16018	88	1
16019	88	1
16020	88	1
16021	88	1
16022	88	1
16023	88	1
16024	88	1
16025	88	1
16026	88	1
16027	88	1
16028	88	1
16029	88	1
16030	88	1
16031	88	1
16032	88	1
16033	88	1
16034	88	1
16035	88	1
16036	88	1
16037	88	1
16038	88	1
16039	88	1
16040	88	1
16041	88	1
16042	88	1
16043	88	1
16044	88	1
16045	88	1
16046	88	1
16047	88	1
16048	88	1
16049	88	1
16050	88	1
16051	88	1
16052	88	1
16053	88	1
16054	88	1
16055	89	1
16056	89	1
16057	89	1
16058	89	1
16059	89	1
16060	90	1
16061	90	1
16062	90	1
16063	90	1
16064	90	1
16065	90	1
16066	90	1
16067	90	1
16068	90	1
16069	90	1
16070	90	1
16071	90	1
16072	90	1
16073	90	1
16074	90	1
16075	90	1
16076	90	1
16077	90	1
16078	91	1
16079	91	1
16080	91	1
16081	91	1
16082	91	1
16083	92	1
16084	92	1
16085	92	1
16086	92	1
16087	92	1
16088	92	1
16089	92	1
16090	92	1
16091	92	1
16092	92	1
16093	92	1
16094	92	1
16095	92	1
16096	92	1
16097	92	1
16098	92	1
16099	92	1
16100	92	1
16101	92	1
16102	92	1
16103	92	1
16104	92	1
16105	92	1
16106	92	1
16107	92	1
16108	92	1
16109	92	1
16110	92	1
16111	92	1
16112	92	1
16113	92	1
16114	92	1
16115	92	1
16116	92	1
16117	92	1
16118	92	1
16119	92	1
16120	92	1
16121	92	1
16122	92	1
16123	92	1
16124	92	1
16125	92	1
16126	92	1
16127	92	1
16128	92	1
16129	92	1
16130	92	1
16131	92	1
16132	92	1
16133	92	1
16134	92	1
16135	92	1
16136	92	1
16137	92	1
16138	92	1
16139	92	1
16140	92	1
16141	92	1
16142	92	1
16143	92	1
16144	92	1
16145	92	1
16146	92	1
16147	92	1
16148	92	1
16149	92	1
16150	92	1
16151	92	1
16152	92	1
16153	92	1
16154	92	1
16155	92	1
16156	92	1
16157	92	1
16158	92	1
16159	92	1
16160	92	1
16161	92	1
16162	92	1
16163	92	1
16164	92	1
16165	92	1
16166	92	1
16167	92	1
16168	92	1
16169	92	1
16170	92	1
16171	92	1
16172	92	1
16173	92	1
16174	92	1
16175	92	1
16176	92	1
16177	92	1
16178	92	1
16179	92	1
16180	92	1
16181	92	1
16182	92	1
16183	92	1
16184	92	1
16185	92	1
16186	92	1
16187	92	1
16188	92	1
16189	92	1
16190	92	1
16191	92	1
16192	92	1
16193	92	1
16194	92	1
16195	92	1
16196	92	1
16197	92	1
16198	92	1
16199	92	1
16200	92	1
16201	92	1
16202	92	1
16203	92	1
16204	92	1
16205	92	1
16206	92	1
16207	92	1
16208	92	1
16209	92	1
16210	92	1
16211	92	1
16212	92	1
16213	92	1
16214	92	1
16215	92	1
16216	92	1
16217	92	1
16218	92	1
16219	92	1
16220	92	1
16221	92	1
16222	92	1
16223	92	1
16224	92	1
16225	92	1
16226	92	1
16227	92	1
16228	92	1
16229	92	1
16230	92	1
16231	92	1
16232	92	1
16233	92	1
16234	92	1
16235	92	1
16236	92	1
16237	92	1
16238	92	1
16239	92	1
16240	92	1
16241	92	1
16242	92	1
16243	92	1
16244	92	1
16245	92	1
16246	92	1
16247	92	1
16248	92	1
16249	92	1
16250	92	1
16251	92	1
16252	92	1
16253	92	1
16254	92	1
16255	92	1
16256	92	1
16257	92	1
16258	92	1
16259	92	1
16260	92	1
16261	92	1
16262	92	1
16263	92	1
16264	92	1
16265	92	1
16266	92	1
16267	92	1
16268	92	1
16269	92	1
16270	92	1
16271	92	1
16272	92	1
16273	93	1
16274	93	1
16275	93	1
16276	93	1
16277	93	1
16278	93	1
16279	93	1
16280	94	1
16281	94	1
16282	94	1
16283	94	1
16284	94	1
16285	94	1
16286	94	1
16287	94	1
16288	94	1
16289	94	1
16290	94	1
16291	94	1
16292	94	1
16293	94	1
16294	94	1
16295	94	1
16296	94	1
16297	94	1
16298	94	1
16299	94	1
16300	94	1
16301	94	1
16302	94	1
16303	94	1
16304	94	1
16305	94	1
16306	94	1
16307	94	1
16308	94	1
16309	94	1
16310	94	1
16311	94	1
16312	94	1
16313	94	1
16314	94	1
16315	94	1
16316	94	1
16317	94	1
16318	94	1
16319	94	1
16320	94	1
16321	94	1
16322	94	1
16323	94	1
16324	94	1
16325	94	1
16326	94	1
16327	94	1
16328	94	1
16329	94	1
16330	94	1
16331	94	1
16332	94	1
16333	94	1
16334	94	1
16335	94	1
16336	94	1
16337	94	1
16338	94	1
16339	94	1
16340	94	1
16341	94	1
16342	94	1
16343	94	1
16344	94	1
16345	94	1
16346	94	1
16347	94	1
16348	94	1
16349	94	1
16350	94	1
16351	94	1
16352	94	1
16353	95	1
16354	95	1
16355	95	1
16356	95	1
16357	95	1
16358	95	1
16359	95	1
16360	95	1
16361	95	1
16362	95	1
16363	95	1
16364	95	1
16365	95	1
16366	95	1
16367	95	1
16368	95	1
16369	95	1
16370	95	1
16371	95	1
16372	95	1
16373	95	1
16374	95	1
16375	95	1
16376	95	1
16377	95	1
16378	95	1
16379	95	1
16380	95	1
16381	95	1
16382	95	1
16383	95	1
16384	96	1
16385	96	1
16386	96	1
16387	96	1
16388	96	1
16389	96	1
16390	96	1
16391	96	1
16392	96	1
16393	96	1
16394	96	1
16395	96	1
16396	96	1
16397	96	1
16398	96	1
16399	96	1
16400	96	1
16401	96	1
16402	96	1
16403	96	1
16404	96	1
16405	96	1
16406	96	1
16407	96	1
16408	96	1
16409	96	1
16410	96	1
16411	96	1
16412	96	1
16413	96	1
16414	96	1
16415	96	1
16416	96	1
16417	96	1
16418	96	1
16419	96	1
16420	96	1
16421	96	1
16422	96	1
16423	96	1
16424	96	1
16425	96	1
16426	96	1
16427	96	1
16428	96	1
16429	96	1
16430	96	1
16431	96	1
16432	96	1
16433	96	1
16434	96	1
16435	96	1
16436	96	1
16437	96	1
16438	96	1
16439	96	1
16440	96	1
16441	96	1
16442	96	1
16443	96	1
16444	96	1
16445	96	1
16446	96	1
16447	96	1
16448	97	1
16449	98	1
16450	98	1
16451	98	1
16452	98	1
16453	98	1
16454	98	1
16455	98	1
16456	98	1
16457	98	1
16458	98	1
16459	98	1
16460	98	1
16461	98	1
16462	98	1
16463	98	1
16464	98	1
16465	98	1
16466	98	1
16467	98	1
16468	98	1
16469	98	1
16470	98	1
16471	98	1
16472	98	1
16473	98	1
16474	98	1
16475	98	1
16476	98	1
16477	98	1
16478	98	1
16479	98	1
16480	98	1
16481	98	1
16482	98	1
16483	98	1
16484	98	1
16485	98	1
16486	98	1
16487	98	1
16488	98	1
16489	98	1
16490	98	1
16491	98	1
16492	98	1
16493	98	1
16494	98	1
16495	98	1
16496	98	1
16497	98	1
16498	98	1
16499	98	1
16500	98	1
16501	98	1
16502	98	1
16503	98	1
16504	98	1
16505	98	1
16506	98	1
16507	98	1
16508	98	1
16509	98	1
16510	98	1
16511	98	1
16512	98	1
16513	98	1
16514	98	1
16515	98	1
16516	98	1
16517	98	1
16518	98	1
16519	98	1
16520	98	1
16521	98	1
16522	98	1
16523	98	1
16524	98	1
16525	98	1
16526	98	1
16527	98	1
16528	98	1
16529	98	1
16530	98	1
16531	98	1
16532	98	1
16533	98	1
16534	98	1
16535	98	1
16536	98	1
16537	98	1
16538	98	1
16539	98	1
16540	98	1
16541	98	1
16542	98	1
16543	98	1
16544	98	1
16545	98	1
16546	98	1
16547	98	1
16548	98	1
16549	98	1
16550	98	1
16551	98	1
16552	98	1
16553	98	1
16554	98	1
16555	98	1
16556	98	1
16557	98	1
16558	98	1
16559	98	1
16560	98	1
16561	98	1
16562	98	1
16563	98	1
16564	98	1
16565	98	1
16566	98	1
16567	98	1
16568	98	1
16569	98	1
16570	98	1
16571	98	1
16572	98	1
16573	98	1
16574	98	1
16575	98	1
16576	98	1
16577	98	1
16578	98	1
16579	98	1
16580	98	1
16581	98	1
16582	98	1
16583	98	1
16584	98	1
16585	98	1
16586	98	1
16587	98	1
16588	98	1
16589	98	1
16590	98	1
16591	98	1
16592	98	1
16593	98	1
16594	98	1
16595	98	1
16596	98	1
16597	98	1
16598	98	1
16599	98	1
16600	98	1
16601	98	1
16602	98	1
16603	98	1
16604	98	1
16605	98	1
16606	98	1
16607	98	1
16608	98	1
16609	98	1
16610	98	1
16611	98	1
16612	98	1
16613	98	1
16614	98	1
16615	98	1
16616	98	1
16617	98	1
16618	98	1
16619	98	1
16620	98	1
16621	98	1
16622	98	1
16623	98	1
16624	98	1
16625	98	1
16626	98	1
16627	98	1
16628	98	1
16629	98	1
16630	98	1
16631	98	1
16632	98	1
16633	98	1
16634	98	1
16635	98	1
16636	98	1
16637	98	1
16638	98	1
16639	98	1
16640	98	1
16641	98	1
16642	98	1
16643	98	1
16644	98	1
16645	98	1
16646	98	1
16647	98	1
16648	98	1
16649	98	1
16650	98	1
16651	98	1
16652	98	1
16653	98	1
16654	98	1
16655	98	1
16656	98	1
16657	98	1
16658	98	1
16659	98	1
16660	98	1
16661	98	1
16662	98	1
16663	98	1
16664	98	1
16665	98	1
16666	98	1
16667	98	1
16668	98	1
16669	98	1
16670	98	1
16671	98	1
16672	98	1
16673	98	1
16674	98	1
16675	98	1
16676	98	1
16677	98	1
16678	98	1
16679	98	1
16680	98	1
16681	98	1
16682	98	1
16683	98	1
16684	98	1
16685	98	1
16686	98	1
16687	98	1
16688	98	1
16689	98	1
16690	98	1
16691	98	1
16692	98	1
16693	98	1
16694	98	1
16695	98	1
16696	98	1
16697	98	1
16698	98	1
16699	98	1
16700	98	1
16701	98	1
16702	98	1
16703	98	1
16704	98	1
16705	98	1
16706	98	1
16707	98	1
16708	98	1
16709	98	1
16710	98	1
16711	98	1
16712	98	1
16713	98	1
16714	98	1
16715	98	1
16716	98	1
16717	98	1
16718	98	1
16719	98	1
16720	98	1
16721	98	1
16722	98	1
16723	98	1
16724	98	1
16725	98	1
16726	98	1
16727	98	1
16728	98	1
16729	98	1
16730	98	1
16731	98	1
16732	98	1
16733	98	1
16734	98	1
16735	98	1
16736	98	1
16737	98	1
16738	98	1
16739	98	1
16740	98	1
16741	98	1
16742	98	1
16743	98	1
16744	98	1
16745	98	1
16746	99	1
16747	99	1
16748	99	1
16749	99	1
16750	99	1
16751	99	1
16752	99	1
16753	99	1
16754	99	1
16755	99	1
16756	99	1
16757	99	1
16758	99	1
16759	99	1
16760	99	1
16761	99	1
16762	99	1
16763	99	1
16764	99	1
16765	99	1
16766	99	1
16767	99	1
16768	99	1
16769	99	1
16770	99	1
16771	99	1
16772	99	1
16773	99	1
16774	99	1
16775	99	1
16776	99	1
16777	99	1
16778	99	1
16779	99	1
16780	99	1
16781	99	1
16782	99	1
16783	99	1
16784	99	1
16785	99	1
16786	99	1
16787	99	1
16788	99	1
16789	99	1
16790	99	1
16791	99	1
16792	99	1
16793	99	1
16794	99	1
16795	99	1
16796	99	1
16797	99	1
16798	99	1
16799	99	1
16800	99	1
16801	99	1
16802	99	1
16803	99	1
16804	99	1
16805	99	1
16806	99	1
16807	99	1
16808	99	1
16809	99	1
16810	99	1
16811	99	1
16812	99	1
16813	99	1
16814	99	1
16815	99	1
16816	99	1
16817	99	1
16818	99	1
16819	99	1
16820	99	1
16821	99	1
16822	99	1
16823	99	1
16824	99	1
16825	99	1
16826	99	1
16827	99	1
16828	99	1
16829	99	1
16830	99	1
16831	100	1
16832	100	1
16833	100	1
16834	100	1
16835	100	1
16836	100	1
16837	100	1
16838	100	1
16839	100	1
16840	100	1
16841	100	1
16842	100	1
16843	100	1
16844	100	1
16845	100	1
16846	100	1
16847	100	1
16848	100	1
16849	100	1
16850	100	1
16851	100	1
16852	100	1
16853	100	1
16854	100	1
16855	100	1
16856	100	1
16857	100	1
16858	100	1
16859	100	1
16860	100	1
16861	100	1
16862	100	1
16863	100	1
16864	100	1
16865	100	1
16866	100	1
16867	100	1
16868	100	1
16869	100	1
16870	100	1
16871	100	1
16872	100	1
16873	100	1
16874	100	1
16875	100	1
16876	100	1
16877	100	1
16878	100	1
16879	100	1
16880	100	1
16881	100	1
16882	100	1
16883	100	1
16884	100	1
16885	100	1
16886	100	1
16887	100	1
16888	100	1
16889	100	1
16890	100	1
16891	101	1
